tileid,parenttile_id,resourceinstance_id,sortorder,provisionaledits,nodegroup_id
6a1c4509-2c5a-4b20-9a61-874448cd6e24,None,00fd72ab-5246-418e-b001-825a2f227a57,0,,32f241c0-9eea-11e9-8cbd-0242ac120006
9c60d139-48be-4e8d-a927-79d30d69eed4,None,01610bbc-5297-47cf-9164-9fa4f72a15a8,0,,32f241c0-9eea-11e9-8cbd-0242ac120006
f2a95745-a235-40a8-9ea1-80418550a537,None,01c33990-cd66-4e1e-8d92-e3fb8e2ab5ee,0,,32f241c0-9eea-11e9-8cbd-0242ac120006
e0949e76-f4c4-4b10-8dcf-e2a759bc1b6e,None,01de2008-1b9b-41d9-821a-b1eb6693db80,0,,32f241c0-9eea-11e9-8cbd-0242ac120006
59224de4-e1ea-4dca-bd42-4b6b4b4f7a49,None,01ee9fc5-6bbb-4896-bd83-9e5b60cee96e,0,,32f241c0-9eea-11e9-8cbd-0242ac120006
6e6460d0-5636-44e6-af40-9974e132f1c6,None,02509f50-336d-423f-ac40-60dffc2d905c,0,,32f241c0-9eea-11e9-8cbd-0242ac120006
8f9e2376-40b8-4271-a8e7-fabed81b4f6b,None,02b1eaa8-e6a5-11e9-8bc4-0242ac130002,0,,32f241c0-9eea-11e9-8cbd-0242ac120006
8eecd993-20a8-4626-acd5-7db701a64cc8,None,03ab0902-61c8-4458-8eee-f23e345d9372,0,,32f241c0-9eea-11e9-8cbd-0242ac120006
d4deb720-1e01-4e33-bf67-e67624ef1a18,None,049dc399-08e2-47c4-85b9-e66851694e69,0,,32f241c0-9eea-11e9-8cbd-0242ac120006
26530700-b7c9-4480-a47d-6baeb1912423,None,054498ec-d633-11e9-beea-0242ac140006,0,,32f241c0-9eea-11e9-8cbd-0242ac120006
3363e158-b7bd-48ba-9048-935ece561c4c,None,05e2a35c-e8d5-11e9-8bc4-0242ac130002,0,,32f241c0-9eea-11e9-8cbd-0242ac120006
5865848b-ee42-41c0-ad19-f73e9e983451,None,0687a32c-e7e8-11e9-8bc4-0242ac130002,0,,32f241c0-9eea-11e9-8cbd-0242ac120006
e1b88143-4a34-498e-a89e-884082c8f71b,None,068cb560-e748-11e9-b125-0242ac130002,0,,32f241c0-9eea-11e9-8cbd-0242ac120006
e53687b7-1b82-4af5-88cf-a1ebe8157b49,None,06a4360c-e5ec-11e9-b125-0242ac130002,0,,32f241c0-9eea-11e9-8cbd-0242ac120006
21d65540-7283-451e-a450-66ba8e8e9f7a,None,06d2c415-2c7e-4d6f-9617-2b1eb6ab8c4a,0,,32f241c0-9eea-11e9-8cbd-0242ac120006
0cf4a57b-31c1-4f10-a1fb-7d7f5696ccb8,None,0706813a-e81d-11e9-8bc4-0242ac130002,0,,32f241c0-9eea-11e9-8cbd-0242ac120006
ed6c40a5-1873-4694-a9d9-c0dde3502a11,None,0826cd5e-f3e4-11e9-a3c8-0242ac130002,0,,32f241c0-9eea-11e9-8cbd-0242ac120006
c65be412-1f2a-41ea-83d1-017df398294f,None,08473132-9181-44fe-8412-4d89e5dd27e4,0,,32f241c0-9eea-11e9-8cbd-0242ac120006
a7b281d2-0381-423d-b7ac-9f7cf4f91af1,None,09670bee-ec13-11e9-b125-0242ac130002,0,,32f241c0-9eea-11e9-8cbd-0242ac120006
a9a56596-5559-4f43-83d6-4ff7a178574c,None,09adaf39-4932-4356-b6d1-3cce3af16e82,0,,32f241c0-9eea-11e9-8cbd-0242ac120006
79d6d1be-25d5-48bd-8bc1-1b51e8ae3bee,None,09cff614-e084-49eb-9fd7-7e4eb20cd37d,0,,32f241c0-9eea-11e9-8cbd-0242ac120006
d7d8c02e-1fc5-41ef-90bc-3f7486857e09,None,0a5850e6-17f9-11ea-b9b1-0242ac130002,0,,32f241c0-9eea-11e9-8cbd-0242ac120006
14023764-4761-46a5-9a95-e45f11f50fac,None,0b26d633-56f8-4872-859c-76d7f7c0677d,0,,32f241c0-9eea-11e9-8cbd-0242ac120006
fa90d5f0-d3c2-4a4d-b81f-6483b8f2b7e0,None,0b6871b6-44e1-45f4-9074-005d6e68a28e,0,,32f241c0-9eea-11e9-8cbd-0242ac120006
66aa24f9-5082-40ff-b03b-af221741b027,None,0b875a50-e754-11e9-b125-0242ac130002,0,,32f241c0-9eea-11e9-8cbd-0242ac120006
fe260fa0-817f-4dd2-97fe-468e2702eee4,None,0bb01539-043b-4538-a59f-132ef7bd578d,0,,32f241c0-9eea-11e9-8cbd-0242ac120006
e62decc6-6c8a-421c-8d39-4e76cced4331,None,0be328fe-020b-11ea-a389-0242ac130002,0,,32f241c0-9eea-11e9-8cbd-0242ac120006
9ba2106e-05f8-432c-943a-fd71f9d1bf0e,None,0c6b269c-e676-11e9-8bc4-0242ac130002,0,,32f241c0-9eea-11e9-8cbd-0242ac120006
307165da-0241-4d1a-bd59-78ff6ba7f547,None,0cb251ee-3005-42d3-bc37-fe6cfbb30747,0,,32f241c0-9eea-11e9-8cbd-0242ac120006
fb17fc91-d6d7-487d-80c4-7085505b6e80,None,0cbfabb8-e699-11e9-b125-0242ac130002,0,,32f241c0-9eea-11e9-8cbd-0242ac120006
70701e9e-ddf8-4a79-aa6b-1a585b000e80,None,0d3c9626-fa37-11e9-8649-0242ac130002,0,,32f241c0-9eea-11e9-8cbd-0242ac120006
0d58b718-404d-49c1-af00-cf564672893a,None,0d480c66-3e6d-11ea-b44d-0242ac130006,0,,32f241c0-9eea-11e9-8cbd-0242ac120006
c9790199-3e4e-45de-ab9a-81afe8074c9c,None,0d6f474f-c0fe-456c-8b09-c85c8f15ed9f,0,,32f241c0-9eea-11e9-8cbd-0242ac120006
80119cdb-2252-4445-a5ac-d023dad33c67,None,0fb3ffc0-395f-42e9-bece-bba42a1c530b,0,,32f241c0-9eea-11e9-8cbd-0242ac120006
506ad445-418c-4fae-a7ae-802f69b93882,None,109ab54a-e9a3-11e9-8bc4-0242ac130002,0,,32f241c0-9eea-11e9-8cbd-0242ac120006
fdb31d51-8974-4216-9133-3ec53aafd15a,None,10afc076-5274-4ad9-9023-94b8c25893aa,0,,32f241c0-9eea-11e9-8cbd-0242ac120006
b58442e3-8715-41c6-998c-1e74fd528f6d,None,1165bb2e-eb1e-11e9-8bc4-0242ac130002,0,,32f241c0-9eea-11e9-8cbd-0242ac120006
17dbf718-6e97-4e82-a7dc-0a90e9f34d72,None,1176053e-eb54-11e9-8bc4-0242ac130002,0,,32f241c0-9eea-11e9-8cbd-0242ac120006
128465d1-5ecf-44d7-9559-f7c9d124315e,None,1279d314-220a-4acb-9622-67d050fc75db,0,,32f241c0-9eea-11e9-8cbd-0242ac120006
08561bd0-f4c3-497e-9d20-152ad8c0da9c,None,12c555ec-ea9c-11e9-8bc4-0242ac130002,0,,32f241c0-9eea-11e9-8cbd-0242ac120006
e78f2a8a-5caf-493d-823f-975b5abaa386,None,12d828f2-e4f7-11e9-8bc4-0242ac130002,0,,32f241c0-9eea-11e9-8cbd-0242ac120006
69a9402e-71b6-40d4-b282-0a76a1e94d66,None,12e25456-4bce-11ea-91df-0242ac130006,0,,32f241c0-9eea-11e9-8cbd-0242ac120006
d1d5c532-1611-45a5-a7e8-455ca364622f,None,12f3faf5-d915-4a52-a73d-f19bd71e411a,0,,32f241c0-9eea-11e9-8cbd-0242ac120006
84a69222-c393-43ed-ad68-4f07bc9fadc4,None,138e0452-8e6c-4b68-8410-b5263da353a8,0,,32f241c0-9eea-11e9-8cbd-0242ac120006
11974410-45fa-4766-8e0e-8cf02bddef1d,None,13b0e238-70ba-11ea-b99f-0242ac130006,0,,32f241c0-9eea-11e9-8cbd-0242ac120006
8dcdfb87-6679-43d2-938d-b590b2456031,None,13b406e0-8594-4cf7-8592-4e7d82bb4ce6,0,,32f241c0-9eea-11e9-8cbd-0242ac120006
f069f479-4249-4c93-bada-61a49e025094,None,1414a11c-d6a1-46df-9667-8793239be9dd,0,,32f241c0-9eea-11e9-8cbd-0242ac120006
842b4aba-b4db-418c-aada-8afc0f94bf23,None,141efef8-74ca-11ea-b4b6-0242ac130006,0,,32f241c0-9eea-11e9-8cbd-0242ac120006
e01fd0de-00d7-4094-b19d-2a8901e59295,None,143332de-342b-4f52-92ac-dd1b5accd1ea,0,,32f241c0-9eea-11e9-8cbd-0242ac120006
534793b1-a0aa-4dbf-abde-43c3c6b5dcf0,None,143b3eaf-9561-4dbe-8f57-5b84756b8865,0,,32f241c0-9eea-11e9-8cbd-0242ac120006
b8dabf17-44e1-4f9f-b702-2ea1aa8304fc,None,147f9da8-5a54-438d-b51e-1d473f23b374,0,,32f241c0-9eea-11e9-8cbd-0242ac120006
c1105eb1-1747-49ac-bbd7-0bf2d68f0a2a,None,14b65b9e-1869-4c2a-b0d4-d013efe48da0,0,,32f241c0-9eea-11e9-8cbd-0242ac120006
6c56349b-2dc2-4a90-b847-2f063de620cf,None,14cbeef4-f646-11e9-a3c8-0242ac130002,0,,32f241c0-9eea-11e9-8cbd-0242ac120006
e3fa5411-bd95-478b-9608-7355ff984164,None,15217304-e6a8-11e9-b125-0242ac130002,0,,32f241c0-9eea-11e9-8cbd-0242ac120006
1d8329d1-d14f-46bd-99cb-63b004de75d9,None,154297b7-c1ca-4eca-813e-774c28a7f805,0,,32f241c0-9eea-11e9-8cbd-0242ac120006
180acd4c-e7f3-4221-a97e-52b842824467,None,15613d2a-e91b-11e9-b125-0242ac130002,0,,32f241c0-9eea-11e9-8cbd-0242ac120006
f94678e4-1d68-4e37-9533-237b4efe6b56,None,15a0ed8d-f812-482f-98fc-a61b6704b12f,0,,32f241c0-9eea-11e9-8cbd-0242ac120006
4220d6bd-5758-48fb-8ced-89c29c24e01b,None,15acbf64-e9a4-11e9-b125-0242ac130002,0,,32f241c0-9eea-11e9-8cbd-0242ac120006
5e124c52-ef26-4322-998b-578e34a3016f,None,15d6cfa0-0cb8-4616-8eed-9219ddbb76e3,0,,32f241c0-9eea-11e9-8cbd-0242ac120006
3116193f-e97d-4b5f-90d5-3e08a91f7ceb,None,160dcc4f-6d81-421d-9eda-0fb8d248513c,0,,32f241c0-9eea-11e9-8cbd-0242ac120006
3ef3273d-5c5b-4230-acb8-d0927d5f1dd3,None,16f8b0dc-e9b1-11e9-8bc4-0242ac130002,0,,32f241c0-9eea-11e9-8cbd-0242ac120006
74e47017-16c2-4923-a2c7-bed21cef4004,None,170a68d0-e68d-11e9-b125-0242ac130002,0,,32f241c0-9eea-11e9-8cbd-0242ac120006
b4e0c794-523b-437f-aaf8-6f076cf6eb72,None,1724e57b-b911-48c1-ab87-68c43a852a64,0,,32f241c0-9eea-11e9-8cbd-0242ac120006
53745fa3-5cfc-460f-b99f-bc718d0db44a,None,1772bbc6-e73f-11e9-8bc4-0242ac130002,0,,32f241c0-9eea-11e9-8cbd-0242ac120006
ee6e9017-32bb-42c0-828c-f284244ec23e,None,178fd214-e67d-11e9-8bc4-0242ac130002,0,,32f241c0-9eea-11e9-8cbd-0242ac120006
12a90264-6c18-48a0-ba82-17d5a70f6ec1,None,1798db32-ecce-11e9-8bc4-0242ac130002,0,,32f241c0-9eea-11e9-8cbd-0242ac120006
4d81035a-53fd-48be-a76d-a23ce9d5c396,None,18f9e792-3138-11ea-b242-0242ac130002,0,,32f241c0-9eea-11e9-8cbd-0242ac120006
d90dddf3-6113-4f56-8670-246f505cc1ee,None,1914bb16-0362-11ea-a389-0242ac130002,0,,32f241c0-9eea-11e9-8cbd-0242ac120006
4841e186-16d0-4d04-b11a-7a135c932639,None,1a039922-09eb-11ea-8a1c-0242ac130002,0,,32f241c0-9eea-11e9-8cbd-0242ac120006
251f0204-e90d-4a7c-ad88-4a4fb7eea01d,None,1a0a8ea8-eff1-11e9-a3c8-0242ac130002,0,,32f241c0-9eea-11e9-8cbd-0242ac120006
2ecbbb8a-9829-4035-850a-eefc1c657461,None,1a16c05c-ee04-4441-a90c-a9177408fb98,0,,32f241c0-9eea-11e9-8cbd-0242ac120006
1a2c8d7e-78da-11ea-a71c-0242ac130006,None,1a1afb9a-78da-11ea-a71c-0242ac130006,0,,32f241c0-9eea-11e9-8cbd-0242ac120006
04304f8e-8654-481d-a450-e8b831dcb906,None,1a5335da-e755-11e9-b125-0242ac130002,0,,32f241c0-9eea-11e9-8cbd-0242ac120006
116c0b35-3b8d-4495-8527-cfcca4965d88,None,1a7f3f24-ec12-11e9-8bc4-0242ac130002,0,,32f241c0-9eea-11e9-8cbd-0242ac120006
0356f744-b05b-46c7-9934-9ff30c1356c7,None,1aadfb0c-34ff-4498-897c-8fe5259f197d,0,,32f241c0-9eea-11e9-8cbd-0242ac120006
b7f9c4f3-7a3b-4e07-a652-967890817f0a,None,1b0a5033-a1ca-4049-8d6f-d1c7b243eabe,0,,32f241c0-9eea-11e9-8cbd-0242ac120006
87087717-1edf-41c8-a8ab-a434c5d24d67,None,1b800023-3ea3-48df-b4ac-c2fae7966360,0,,32f241c0-9eea-11e9-8cbd-0242ac120006
07feadab-7ff4-4826-8b44-018da70a356c,None,1c2db54a-e68f-11e9-b125-0242ac130002,0,,32f241c0-9eea-11e9-8cbd-0242ac120006
6b365e78-47b2-4e2d-bde2-e7b272ac97ca,None,1cfe28d3-c6cb-4d26-8f94-f3e189e7a502,0,,32f241c0-9eea-11e9-8cbd-0242ac120006
25c1ec2c-2d43-4060-b345-ef7f554eebaf,None,1d95833c-6cbe-4f96-be3c-fad253fe5f27,0,,32f241c0-9eea-11e9-8cbd-0242ac120006
6c7526e8-b82b-448e-8b88-24a76a6900d8,None,1dd2eee2-de1b-48ee-948f-2b2e337b8188,0,,32f241c0-9eea-11e9-8cbd-0242ac120006
fe60a19d-ad6c-49d3-bc6f-8b4cd610105f,None,1e2335a0-f62a-11e9-a3c8-0242ac130002,0,,32f241c0-9eea-11e9-8cbd-0242ac120006
b4030662-0278-4a92-a76e-fdba47127153,None,1e4bfd8c-dc8a-11e9-81a8-0242ac140006,0,,32f241c0-9eea-11e9-8cbd-0242ac120006
d88ba9db-5345-4c6d-a940-2240badf2ea7,None,1fd94780-2644-42d6-bae5-74e6bdfa2abc,0,,32f241c0-9eea-11e9-8cbd-0242ac120006
61db8e35-2ff4-4670-9d61-943d2a8236e1,None,204170f8-e23a-4811-a8c3-aa77b9a792c6,0,,32f241c0-9eea-11e9-8cbd-0242ac120006
30cdbe46-c6e9-416d-8ec5-40dcbc7c6a5d,None,2070b496-e729-11e9-8bc4-0242ac130002,0,,32f241c0-9eea-11e9-8cbd-0242ac120006
332fd722-7466-4edf-ab31-ee47fad981f4,None,20787244-8ee5-11ea-bd59-0242ac130005,0,,32f241c0-9eea-11e9-8cbd-0242ac120006
130f7545-ae8e-4c9f-9b37-c6ac540e24fb,None,20b9cf3e-f33e-11e9-a3c8-0242ac130002,0,,32f241c0-9eea-11e9-8cbd-0242ac120006
c3e6f5de-e42a-447d-8534-7a296aa488ee,None,20ef6cd9-f40f-4799-8101-a9b7b824d039,0,,32f241c0-9eea-11e9-8cbd-0242ac120006
88e9d04d-1231-4199-b5f0-6549897a2f9f,None,217154c2-e99f-11e9-b125-0242ac130002,0,,32f241c0-9eea-11e9-8cbd-0242ac120006
f2eeeefd-b332-4fd0-b1c8-07a8e077b872,None,21b56e2d-d3ff-4ce6-94cc-d5b85fb8a31e,0,,32f241c0-9eea-11e9-8cbd-0242ac120006
1ea9e8b5-c4e4-4fab-811f-3c9b98179ea6,None,21c324c0-e763-11e9-8bc4-0242ac130002,0,,32f241c0-9eea-11e9-8cbd-0242ac120006
084d7a30-7dd0-4db1-85c1-ac3d43f65d64,None,222a5a4a-e1ef-4af0-afc9-bae7bd03d3ce,0,,32f241c0-9eea-11e9-8cbd-0242ac120006
7bfa4497-278a-44b8-af8b-42e99ee30fe6,None,224ae916-e8e2-11e9-8bc4-0242ac130002,0,,32f241c0-9eea-11e9-8cbd-0242ac120006
f581cd9c-8313-4865-8006-49d7ae0c5643,None,2284154e-efcf-11e9-8649-0242ac130002,0,,32f241c0-9eea-11e9-8cbd-0242ac120006
eec9e0d9-4f51-48bc-98e7-c8e18166a17d,None,2289d7b8-8b5f-438d-b783-0a0ded2f7ba6,0,,32f241c0-9eea-11e9-8cbd-0242ac120006
52b552e5-73aa-4c11-848c-07b5a3f9a035,None,2298db0e-2225-11ea-b9b1-0242ac130002,0,,32f241c0-9eea-11e9-8cbd-0242ac120006
dd8811c4-1ad9-4953-a3ef-024bbef5b068,None,229c34d8-428d-11ea-b44d-0242ac130006,0,,32f241c0-9eea-11e9-8cbd-0242ac120006
0cf57461-78b1-4c1b-b807-717b2f5b62fb,None,229dc17a-452d-4986-bf4a-4e56326009f8,0,,32f241c0-9eea-11e9-8cbd-0242ac120006
83eca123-9d4e-4401-9b70-c29cb9312f8b,None,2306e890-198f-11ea-b74e-0242ac130002,0,,32f241c0-9eea-11e9-8cbd-0242ac120006
858db5ec-620b-4062-af43-72d554a9c819,None,234a903c-e5e0-11e9-b125-0242ac130002,0,,32f241c0-9eea-11e9-8cbd-0242ac120006
98f3bc7c-7dcc-43b7-8db5-5b5a9d0706b5,None,238d55d1-f5f6-43c4-841f-2fbd871d60f4,0,,32f241c0-9eea-11e9-8cbd-0242ac120006
30ffdc3e-04a5-481c-9180-cb16525e7274,None,23bdf498-e692-11e9-b125-0242ac130002,0,,32f241c0-9eea-11e9-8cbd-0242ac120006
5d2828ed-a85d-4e91-b64a-3e8429447ba0,None,23d40c88-efc0-4f8d-bb17-a50f831912f3,0,,32f241c0-9eea-11e9-8cbd-0242ac120006
8891b165-4bb5-428f-b1be-84167b826bac,None,23d6e0b6-7f2d-44db-a22e-913a500a756a,0,,32f241c0-9eea-11e9-8cbd-0242ac120006
26e47218-11d5-4fbb-b2c5-24d6e23c4ef1,None,244754e0-fa2e-11e9-8649-0242ac130002,0,,32f241c0-9eea-11e9-8cbd-0242ac120006
ddcd5348-472b-4c6a-be99-f790a73ed593,None,24779526-7b25-4512-ac56-5d503d43020a,0,,32f241c0-9eea-11e9-8cbd-0242ac120006
afd0233b-5076-49db-8301-65c5077a2659,None,24afe176-f66a-11e9-a3c8-0242ac130002,0,,32f241c0-9eea-11e9-8cbd-0242ac120006
8d8cc7b6-1170-4f25-88e8-2377e33148bb,None,2507d356-5fc2-11ea-8083-0242ac130006,0,,32f241c0-9eea-11e9-8cbd-0242ac120006
b8814b87-7bb4-4f29-aa07-62f4e01ca706,None,2548d9e2-ea78-11e9-b125-0242ac130002,0,,32f241c0-9eea-11e9-8cbd-0242ac120006
8f26d46c-888b-4bf5-9316-f49c7564997e,None,254b0d1c-e68a-11e9-8bc4-0242ac130002,0,,32f241c0-9eea-11e9-8cbd-0242ac120006
622237d6-5023-4cb9-89da-0e7c7bc653b3,None,256339d6-e9d3-11e9-8bc4-0242ac130002,0,,32f241c0-9eea-11e9-8cbd-0242ac120006
3a3afb5e-860a-4b32-9ce1-961d054e1519,None,25c65422-6b9b-11ea-8083-0242ac130006,0,,32f241c0-9eea-11e9-8cbd-0242ac120006
d163cda0-a0e8-4717-b488-e9917a51848a,None,25ef2d16-a10b-4081-bba3-7f4639646edb,0,,32f241c0-9eea-11e9-8cbd-0242ac120006
7fcf40df-53be-479a-8cee-1412f4b7a354,None,26404afc-cb0a-11e9-b993-0242ac140002,0,,32f241c0-9eea-11e9-8cbd-0242ac120006
7c46c4ce-3dd7-4d65-8961-4549582dfbf3,None,265a30ab-5d14-4b23-823d-171e8ecfedc0,0,,32f241c0-9eea-11e9-8cbd-0242ac120006
457ab663-1b8f-4d34-b5b7-87036c8dd97d,None,26daa57e-e6ae-11e9-8bc4-0242ac130002,0,,32f241c0-9eea-11e9-8cbd-0242ac120006
dd606248-b240-4677-b4d7-03001e0354ad,None,26e27d10-f989-11e9-a3c8-0242ac130002,0,,32f241c0-9eea-11e9-8cbd-0242ac120006
7b136ea4-97ac-4154-8985-8888162488c7,None,276619ca-ea4f-11e9-8bc4-0242ac130002,0,,32f241c0-9eea-11e9-8cbd-0242ac120006
946ea756-0a41-44d5-9add-cf32c758c8c8,None,2775db1f-e420-45fb-8334-54dee45c5f27,0,,32f241c0-9eea-11e9-8cbd-0242ac120006
c053107a-4527-4572-aec6-081157c8393e,None,27ca1a68-e9ca-11e9-8bc4-0242ac130002,0,,32f241c0-9eea-11e9-8cbd-0242ac120006
17cf7e5d-6d57-4bba-85cc-1ca0fe18d54d,None,28e34398-8dda-11ea-8e56-0242ac130005,0,,32f241c0-9eea-11e9-8cbd-0242ac120006
9bb2cc79-6bcf-4df1-9381-d77e8e3eda9a,None,28f77756-69bc-11ea-8083-0242ac130006,0,,32f241c0-9eea-11e9-8cbd-0242ac120006
4b4e92e4-ac82-433e-9fa3-39637ff08881,None,2a0b1750-ee3e-11e9-8649-0242ac130002,0,,32f241c0-9eea-11e9-8cbd-0242ac120006
ced645b3-8dbb-43fc-91c0-5a108f779500,None,2a1ca80c-8b69-43a0-ab19-ac6b126986ee,0,,32f241c0-9eea-11e9-8cbd-0242ac120006
b0954bfc-e489-454e-a0aa-ae9c0f6080c5,None,2a5c82ae-d073-11e9-8599-0242ac140006,0,,32f241c0-9eea-11e9-8cbd-0242ac120006
b0ada2a7-c9c8-4307-9657-75e627b72b25,None,2a8e92e4-ffb7-11e9-8f3c-0242ac130002,0,,32f241c0-9eea-11e9-8cbd-0242ac120006
5266c7aa-b7a6-4374-a816-a4052d654def,None,2ab99c6c-e69b-11e9-8bc4-0242ac130002,0,,32f241c0-9eea-11e9-8cbd-0242ac120006
47974833-6049-491c-a634-169c4bea892d,None,2acb57c3-2a55-442b-bf83-fa397fd60613,0,,32f241c0-9eea-11e9-8cbd-0242ac120006
063f5acf-2e68-4ea9-a597-6f18460ce1a0,None,2af20687-0710-4883-a117-f45f941a14ff,0,,32f241c0-9eea-11e9-8cbd-0242ac120006
0ff783a7-492f-4d60-9651-29193f71c6c3,None,2bad144c-eaa5-11e9-8bc4-0242ac130002,0,,32f241c0-9eea-11e9-8cbd-0242ac120006
5de6618b-f41d-400d-86ae-147340117529,None,2c130982-5fc6-11ea-8083-0242ac130006,0,,32f241c0-9eea-11e9-8cbd-0242ac120006
ad6b85f6-f81f-43d7-962e-1c2fd907fddb,None,2c4ddb84-f419-11e9-a3c8-0242ac130002,0,,32f241c0-9eea-11e9-8cbd-0242ac120006
28f06b02-955a-4d09-b76f-500a440a9f49,None,2c57e6c8-e8cb-11e9-b125-0242ac130002,0,,32f241c0-9eea-11e9-8cbd-0242ac120006
1c0a687b-11ec-4bde-a30d-ad360aa56684,None,2c696054-eb48-11e9-b125-0242ac130002,0,,32f241c0-9eea-11e9-8cbd-0242ac120006
e87cd3e4-fac9-40fc-ae04-20bde33a3ab6,None,2c9f93f4-e832-11e9-8bc4-0242ac130002,0,,32f241c0-9eea-11e9-8cbd-0242ac120006
a5bee4e4-6e80-4e61-a25e-d5cc75702dd2,None,2dca9004-e5e3-11e9-8bc4-0242ac130002,0,,32f241c0-9eea-11e9-8cbd-0242ac120006
f27f9470-dfc5-44cf-b477-50e6222d9f52,None,2e8556d8-c881-4107-914a-20f925b3f28c,0,,32f241c0-9eea-11e9-8cbd-0242ac120006
dc044bbd-4dad-4304-905e-ea205c942c1e,None,2e9e454e-e4fc-11e9-b125-0242ac130002,0,,32f241c0-9eea-11e9-8cbd-0242ac120006
0ab0642f-6cee-412c-bbe2-0cf2d8dff144,None,2fa110b8-e90a-11e9-8bc4-0242ac130002,0,,32f241c0-9eea-11e9-8cbd-0242ac120006
4bdd168d-8255-4e6d-adbd-e1b763f95107,None,2fa561e9-6f62-4663-bae9-fdaeb0aee1a1,0,,32f241c0-9eea-11e9-8cbd-0242ac120006
e13cb926-8beb-4922-88f5-887c86519c49,None,2fe39e54-d189-4403-a7cb-0835b63e4387,0,,32f241c0-9eea-11e9-8cbd-0242ac120006
64055bbb-7cab-42e3-9d48-027db8fbd1bd,None,2fea6eaa-1b5f-43ca-96fd-9baad7fce137,0,,32f241c0-9eea-11e9-8cbd-0242ac120006
84b564b1-85e1-41ed-aaf1-bb9c462c3970,None,304bed70-ec0d-11e9-b125-0242ac130002,0,,32f241c0-9eea-11e9-8cbd-0242ac120006
10e5b307-37f4-446c-8baa-59ad4b55531f,None,306b0be4-434f-11ea-b44d-0242ac130006,0,,32f241c0-9eea-11e9-8cbd-0242ac120006
da1d6b71-3bb8-4ece-b39d-60e144a66f68,None,3082c42c-e76b-11e9-b125-0242ac130002,0,,32f241c0-9eea-11e9-8cbd-0242ac120006
4e2e4d9d-102a-40c2-8234-da7b2a057376,None,30972753-7928-4d07-b965-b0f91dca9b7d,0,,32f241c0-9eea-11e9-8cbd-0242ac120006
ba66d545-1afe-4ce9-9be2-e7a3de26c16d,None,309c85aa-e8ed-11e9-b125-0242ac130002,0,,32f241c0-9eea-11e9-8cbd-0242ac120006
694b51a5-d710-4374-9632-fe27afba8430,None,30a307d0-2282-11ea-b9b1-0242ac130002,0,,32f241c0-9eea-11e9-8cbd-0242ac120006
a0dc5d61-91b7-4a14-9ca6-bf0af9306795,None,30f7f2bd-65d8-4a37-a619-5d73cd66c4d5,0,,32f241c0-9eea-11e9-8cbd-0242ac120006
b74c8e7b-c01f-4d4b-a3a6-066595c199eb,None,3167408a-4c14-11ea-91df-0242ac130006,0,,32f241c0-9eea-11e9-8cbd-0242ac120006
a468cb1d-8398-4f73-9d14-6a8ca26a6aac,None,321aa815-750d-4468-9903-b3ae79e07793,0,,32f241c0-9eea-11e9-8cbd-0242ac120006
1727e4fb-fc1e-4297-88cd-33d34afb3d90,None,3331db72-539f-11ea-b4c2-0242ac130006,0,,32f241c0-9eea-11e9-8cbd-0242ac120006
c18b540b-ebd2-4dc0-8441-57d514e78349,None,33706bde-e4e7-11e9-b125-0242ac130002,0,,32f241c0-9eea-11e9-8cbd-0242ac120006
b83f8f85-0b81-48b9-b4d7-a099ff7f1790,None,33776afc-ea72-11e9-b125-0242ac130002,0,,32f241c0-9eea-11e9-8cbd-0242ac120006
b7ffa293-414c-4b0b-828b-1cef2d8456ae,None,337c6d44-c619-4816-b823-c10f18d802b4,0,,32f241c0-9eea-11e9-8cbd-0242ac120006
fb10e6f4-bf94-45da-8fce-2ed279523ee1,None,33d9ec0a-e733-11e9-8bc4-0242ac130002,0,,32f241c0-9eea-11e9-8cbd-0242ac120006
b8ec76c8-ccde-4582-842a-1a274f51618e,None,3440946e-e936-11e9-b125-0242ac130002,0,,32f241c0-9eea-11e9-8cbd-0242ac120006
a30c41b1-e869-4de5-964e-e28867e86736,None,34d6f310-e5e3-11e9-8bc4-0242ac130002,0,,32f241c0-9eea-11e9-8cbd-0242ac120006
b8e0e55b-6330-4121-b553-ef2167e09ca2,None,3570c001-88bd-42d7-aa26-47c6f09f5a6b,0,,32f241c0-9eea-11e9-8cbd-0242ac120006
225ce8ae-0c26-45ff-ba66-7f087d6b5b81,None,358d5c28-12c4-477a-b2a5-3be3164b7657,0,,32f241c0-9eea-11e9-8cbd-0242ac120006
e5d5f59e-ddbd-4063-b81e-4c2a4e0405c7,None,362d533e-e8f0-11e9-b125-0242ac130002,0,,32f241c0-9eea-11e9-8cbd-0242ac120006
289c5aaf-3787-4475-902d-e78c26678b14,None,3655168d-4513-4bba-956d-69d76e83f0aa,0,,32f241c0-9eea-11e9-8cbd-0242ac120006
7eb8c325-827e-4c9e-8c83-2d10e753c0b9,None,36638422-afa6-11ea-9766-0242ac130005,0,,32f241c0-9eea-11e9-8cbd-0242ac120006
c9006af0-3f53-44a3-a1f2-64f46913880e,None,3668d45a-f899-11e9-8649-0242ac130002,0,,32f241c0-9eea-11e9-8cbd-0242ac120006
ad8b0b66-8449-47ec-98d9-7789869b3f42,None,37438b5c-d78a-11e9-beea-0242ac140006,0,,32f241c0-9eea-11e9-8cbd-0242ac120006
1472014a-d67c-432c-b31c-bafcf744a36d,None,378c13d0-d632-11e9-a1bd-0242ac140006,0,,32f241c0-9eea-11e9-8cbd-0242ac120006
49b1598f-956d-4085-a086-bd59425c5142,None,380e2e0e-e8ef-11e9-8bc4-0242ac130002,0,,32f241c0-9eea-11e9-8cbd-0242ac120006
a35c0c1a-b418-46ab-847f-28d4ea69e20e,None,38e62b02-e759-11e9-8bc4-0242ac130002,0,,32f241c0-9eea-11e9-8cbd-0242ac120006
619ac29c-a55c-43a6-8dfb-ee58b727adff,None,39bb2040-e9fd-11e9-8bc4-0242ac130002,0,,32f241c0-9eea-11e9-8cbd-0242ac120006
b7552f94-a03e-4dde-80aa-686185ecfb4e,None,39beb848-fc76-43de-bdad-12ea8914001b,0,,32f241c0-9eea-11e9-8cbd-0242ac120006
a78a1219-4630-44ed-95e3-15e927cd157c,None,3a3599d5-5f94-476d-a80f-4f2d3bb9bf9c,0,,32f241c0-9eea-11e9-8cbd-0242ac120006
06cf7fb4-5ecc-488b-a9eb-5bb6903fd1f7,None,3a781560-86b0-11ea-86ac-0242ac130005,0,,32f241c0-9eea-11e9-8cbd-0242ac120006
54b9e36a-63ca-49bb-81cb-2d2f70a876a3,None,3aa59732-e7ec-11e9-b125-0242ac130002,0,,32f241c0-9eea-11e9-8cbd-0242ac120006
e0bdda10-3702-4929-b47a-226a3e2c003a,None,3b68c5ca-e64a-11e9-b125-0242ac130002,0,,32f241c0-9eea-11e9-8cbd-0242ac120006
e81614a6-3530-42df-a6a9-6567a81eebeb,None,3b731959-de47-4cc6-84e4-e230598019f5,0,,32f241c0-9eea-11e9-8cbd-0242ac120006
21e8b018-b9b7-45d8-a858-03c30c0b060c,None,3b9b26f6-2b9a-11ea-b82d-0242ac130002,0,,32f241c0-9eea-11e9-8cbd-0242ac120006
e82702ad-8794-4d77-8287-28c85e56ee4c,None,3bcfd73f-1e8b-41d9-bbc6-148eb8ca7808,0,,32f241c0-9eea-11e9-8cbd-0242ac120006
1a8d1ec5-eb7b-4900-8165-4bceb945c618,None,3c768352-d08e-11e9-8599-0242ac140006,0,,32f241c0-9eea-11e9-8cbd-0242ac120006
1ef4a629-b69a-4d31-8596-fbf83f4da6d6,None,3ceea016-9d6c-11ea-9766-0242ac130005,0,,32f241c0-9eea-11e9-8cbd-0242ac120006
62ecdb6a-ab22-4207-a37b-d45f9eccef20,None,3db42996-337a-11ea-b242-0242ac130002,0,,32f241c0-9eea-11e9-8cbd-0242ac120006
3cace300-4afe-43f8-b835-3872dac5b949,None,3e3f0fd3-fd74-4aab-a216-99cbfeca1bec,0,,32f241c0-9eea-11e9-8cbd-0242ac120006
13e1375c-82fa-463e-97e7-e28609885e53,None,3e718754-6c00-4947-b32f-da8bb82139a7,0,,32f241c0-9eea-11e9-8cbd-0242ac120006
db9d125b-67d3-4132-98f3-c8eb5f54cf61,None,3e7d7be6-ea61-11e9-b125-0242ac130002,0,,32f241c0-9eea-11e9-8cbd-0242ac120006
6fa91158-c760-47e6-9919-ad04437a90ec,None,3e97265e-b2b4-4a68-862a-7c76dee0bacc,0,,32f241c0-9eea-11e9-8cbd-0242ac120006
481d2843-b0e1-41fc-be85-178777cb3bca,None,3ecd2d50-1b10-11ea-b74e-0242ac130002,0,,32f241c0-9eea-11e9-8cbd-0242ac120006
6e91022c-2ef4-4984-890a-1669f53db494,None,3ed3eb32-4e39-4092-b6fd-f3fda0ca5c19,0,,32f241c0-9eea-11e9-8cbd-0242ac120006
476029ce-8d02-443c-a197-6e7e9cc02a85,None,3f87ad30-e5d0-11e9-8bc4-0242ac130002,0,,32f241c0-9eea-11e9-8cbd-0242ac120006
6a7e94f2-aa50-4d9a-9964-21ddf95292c2,None,3f88581e-e811-11e9-b125-0242ac130002,0,,32f241c0-9eea-11e9-8cbd-0242ac120006
e88e51ba-8a65-4036-b3db-9715841b845d,None,3fe5a41a-f7d9-11e9-a3c8-0242ac130002,0,,32f241c0-9eea-11e9-8cbd-0242ac120006
2370f2ba-ef5e-4811-a065-b24fb03214b5,None,409cfb82-e6c3-11e9-b125-0242ac130002,0,,32f241c0-9eea-11e9-8cbd-0242ac120006
574418b1-c595-4aba-b688-aac65cf506de,None,40ee8e4c-e836-11e9-b125-0242ac130002,0,,32f241c0-9eea-11e9-8cbd-0242ac120006
f5c51cac-2d71-43b2-9b66-91be71418db5,None,415635af-c1ba-4b28-ba37-3e3697ce2c98,0,,32f241c0-9eea-11e9-8cbd-0242ac120006
5468688c-19d3-4153-89ba-86f1654b9513,None,4165aff8-eb2f-11e9-b125-0242ac130002,0,,32f241c0-9eea-11e9-8cbd-0242ac120006
e7df0429-c40c-4472-bed6-a420feac3603,None,43291104-1bbd-11ea-b9b1-0242ac130002,0,,32f241c0-9eea-11e9-8cbd-0242ac120006
76a3ea38-335d-4d11-a97c-ebc6c101cdb3,None,4353fc98-6838-406b-ba3a-4872c4d03bb0,0,,32f241c0-9eea-11e9-8cbd-0242ac120006
426ea69b-d5ce-4bb1-936e-cf5f67a401a9,None,43a6124a-0a4b-4f1c-a3b6-f68fcb0e4dc0,0,,32f241c0-9eea-11e9-8cbd-0242ac120006
d3ed7f49-8922-4177-8e5d-3dcbb8d49141,None,4405bb30-4704-432a-9f61-2a7c8912321a,0,,32f241c0-9eea-11e9-8cbd-0242ac120006
9b17b0e4-22da-44fc-b0c3-d3c1740f081f,None,440d970c-ea5d-11e9-b125-0242ac130002,0,,32f241c0-9eea-11e9-8cbd-0242ac120006
a2ec82b8-0575-46f1-a98f-35ab3c3faeea,None,443544db-8f01-4d16-8f90-1de79f599e98,0,,32f241c0-9eea-11e9-8cbd-0242ac120006
83e66bb7-4408-45bc-a075-f0aa00f7f014,None,44609e5a-ee3d-11e9-8649-0242ac130002,0,,32f241c0-9eea-11e9-8cbd-0242ac120006
e1555fc0-5ad4-4acb-90fa-d33e2885fab2,None,45394990-d06e-11e9-8599-0242ac140006,0,,32f241c0-9eea-11e9-8cbd-0242ac120006
24a0c82f-4fbb-4750-9198-7ce84370b2e5,None,45b07460-1787-11ea-b9b1-0242ac130002,0,,32f241c0-9eea-11e9-8cbd-0242ac120006
7e1eb6ca-1c0a-4075-b49d-a66471364269,None,460bec90-ea60-11e9-b125-0242ac130002,0,,32f241c0-9eea-11e9-8cbd-0242ac120006
836dfd01-c599-424a-b805-f9607a9199be,None,468fb683-8654-424a-9005-731f310bed0f,0,,32f241c0-9eea-11e9-8cbd-0242ac120006
2a2c435d-6776-4a78-9eb5-e9cf9db1cffa,None,479763c6-e90e-11e9-b125-0242ac130002,0,,32f241c0-9eea-11e9-8cbd-0242ac120006
8b1d3f28-7952-4ebd-99e6-33a21b1109ab,None,489cc406-57c1-11ea-b4c2-0242ac130006,0,,32f241c0-9eea-11e9-8cbd-0242ac120006
ee1dec89-7acb-4136-b951-2f504865d575,None,48fbbcba-9da1-11ea-82af-0242ac130005,0,,32f241c0-9eea-11e9-8cbd-0242ac120006
a669a0d5-2260-4346-997c-e1c9531335fb,None,493f8e80-fba9-11e9-a3c8-0242ac130002,0,,32f241c0-9eea-11e9-8cbd-0242ac120006
25047a62-6e28-4158-9bad-e8ac3879d934,None,49e99160-f60d-11e9-8649-0242ac130002,0,,32f241c0-9eea-11e9-8cbd-0242ac120006
72e1d86b-046a-4f4b-981c-df6cadaf8778,None,4a025a42-e6ea-11e9-b125-0242ac130002,0,,32f241c0-9eea-11e9-8cbd-0242ac120006
ea0ed390-0fb9-4b8e-9a02-1b3f95fef866,None,4a028b6c-f954-11e9-8649-0242ac130002,0,,32f241c0-9eea-11e9-8cbd-0242ac120006
0efeea43-0f07-4391-9029-5e94a4ebfd51,None,4a2c6259-e814-432e-a59c-99eb9d750007,0,,32f241c0-9eea-11e9-8cbd-0242ac120006
46bcf86b-0a6d-4548-8dc1-2a68b2e707c8,None,4a305bd6-5eb8-11ea-b4c2-0242ac130006,0,,32f241c0-9eea-11e9-8cbd-0242ac120006
7a3c0af7-d8f6-4ccd-92d7-5c018399584c,None,4a48d563-85d1-4e51-8f78-2254393f85e2,0,,32f241c0-9eea-11e9-8cbd-0242ac120006
f27355dd-833d-42e7-8c0c-2e85cc94887e,None,4a6c25be-af79-11ea-8ae7-0242ac130005,0,,32f241c0-9eea-11e9-8cbd-0242ac120006
e2681401-e0e1-4bbc-a602-e976188b8e9a,None,4abcfc57-87bc-46d0-9338-add4863dbf46,0,,32f241c0-9eea-11e9-8cbd-0242ac120006
626d74f6-c344-42d0-8e48-e5470cb13dbc,None,4b3adb40-7726-4977-b911-1710edbfa41f,0,,32f241c0-9eea-11e9-8cbd-0242ac120006
8a001c20-d41a-4fef-8d52-8fee65df7eaa,None,4c31625e-ea78-11e9-8bc4-0242ac130002,0,,32f241c0-9eea-11e9-8cbd-0242ac120006
2893f4ea-f2ea-4bbb-b3e7-a07e69813acc,None,4db3bfb2-eefd-11e9-8bc4-0242ac130002,0,,32f241c0-9eea-11e9-8cbd-0242ac120006
f2f66959-92e4-4bee-a4fe-fe9f7e23c9ce,None,4db72ccc-e6c6-11e9-b125-0242ac130002,0,,32f241c0-9eea-11e9-8cbd-0242ac120006
6c32efba-c26a-43cb-986e-2b8e373b3bea,None,4dc008cc-64c1-42da-9518-9646c65ab630,0,,32f241c0-9eea-11e9-8cbd-0242ac120006
2ce86e98-318a-4b97-a48d-ac26cc46691d,None,4df05f74-e5e0-11e9-b125-0242ac130002,0,,32f241c0-9eea-11e9-8cbd-0242ac120006
481cee75-6f3f-438c-83b0-b92ee319670f,None,4e76f5c4-ebf4-11e9-8bc4-0242ac130002,0,,32f241c0-9eea-11e9-8cbd-0242ac120006
ca3a02a6-496a-4a20-8042-a0ae414cc8ea,None,4ea9bf18-4293-11ea-a19a-0242ac130006,0,,32f241c0-9eea-11e9-8cbd-0242ac120006
ea964393-5f46-4579-ab28-95ffb915ba95,None,4ed2374c-e846-11e9-8bc4-0242ac130002,0,,32f241c0-9eea-11e9-8cbd-0242ac120006
0687107d-979e-47cd-bf4c-78890b9fdc78,None,4eeb757c-5fc4-11ea-8083-0242ac130006,0,,32f241c0-9eea-11e9-8cbd-0242ac120006
c5173511-198e-40a9-9919-b88dfe014b95,None,4f116514-0102-11ea-8f3c-0242ac130002,0,,32f241c0-9eea-11e9-8cbd-0242ac120006
4b0efced-0cc6-43f6-83a0-7f87e2e348c0,None,503085f6-076f-11ea-8a1c-0242ac130002,0,,32f241c0-9eea-11e9-8cbd-0242ac120006
23d42070-8734-4d7d-b266-95b7ad18b023,None,50e6b167-1959-4ce9-a9d4-1800e7273a52,0,,32f241c0-9eea-11e9-8cbd-0242ac120006
25c7d17c-98ec-41b0-a5a5-7d8fc29208fb,None,50e8eedc-eb42-11e9-8bc4-0242ac130002,0,,32f241c0-9eea-11e9-8cbd-0242ac120006
20715431-d810-4dc2-afe8-98a526e7eb07,None,51d9d5da-4ceb-11ea-8083-0242ac130006,0,,32f241c0-9eea-11e9-8cbd-0242ac120006
a98bb8e9-9e05-419d-a1ed-abe064dc7cf1,None,5277a9d6-2f86-11ea-b242-0242ac130002,0,,32f241c0-9eea-11e9-8cbd-0242ac120006
b7910962-c2b2-43dc-b08e-5790b82324e2,None,54346f5f-5ad8-4ab5-887c-c983ea617de2,0,,32f241c0-9eea-11e9-8cbd-0242ac120006
2220c8ae-e265-467d-b89b-0a2f3f441d0b,None,55133c56-e68d-11e9-b125-0242ac130002,0,,32f241c0-9eea-11e9-8cbd-0242ac120006
c1b162bc-ab25-4fa4-9515-46675b1eb8be,None,553b9314-e687-11e9-8bc4-0242ac130002,0,,32f241c0-9eea-11e9-8cbd-0242ac120006
4e9e1f43-320f-4e4f-93e1-2de4da13f784,None,55519f42-0202-11ea-a389-0242ac130002,0,,32f241c0-9eea-11e9-8cbd-0242ac120006
1bca6f77-ba7e-4ece-a7ff-4349fee1c597,None,5553af61-8bca-4f14-baa9-a077e67f701d,0,,32f241c0-9eea-11e9-8cbd-0242ac120006
64f10e0a-b798-45b3-8e9b-01e4fae75c04,None,5576adf8-9a84-11ea-9766-0242ac130005,0,,32f241c0-9eea-11e9-8cbd-0242ac120006
d200bc44-f2f7-4c04-bdc6-4c3b51a1a8af,None,557a604c-e6a7-11e9-8bc4-0242ac130002,0,,32f241c0-9eea-11e9-8cbd-0242ac120006
fab6e6c3-677b-4989-b6df-0d9d1ee6d222,None,55be585c-411d-48dd-be74-5cd78f2723e1,0,,32f241c0-9eea-11e9-8cbd-0242ac120006
c118ad2d-179d-4daf-a660-7590846c143f,None,55bee51e-01f5-11ea-a389-0242ac130002,0,,32f241c0-9eea-11e9-8cbd-0242ac120006
4d0650df-1b4d-4edb-86f8-8df10eca4d85,None,55ebd8ba-e343-11e9-8bc4-0242ac130002,0,,32f241c0-9eea-11e9-8cbd-0242ac120006
3d0b1724-dfe5-4781-9b36-9ce326662615,None,55ef0210-dfa6-11e9-81a8-0242ac140006,0,,32f241c0-9eea-11e9-8cbd-0242ac120006
3de614e2-0bdc-4b64-a60d-2fb0c374b9f0,None,56588bbe-f0bc-11e9-a3c8-0242ac130002,0,,32f241c0-9eea-11e9-8cbd-0242ac120006
a84c2b40-aa6c-4902-8976-79370a9125bd,None,56a5632a-c2df-41f2-8fbb-2d82330d9c76,0,,32f241c0-9eea-11e9-8cbd-0242ac120006
08e77be3-c5db-4207-a344-acdaeeb5adc1,None,56fa3190-ea8a-11e9-8bc4-0242ac130002,0,,32f241c0-9eea-11e9-8cbd-0242ac120006
e4342884-f375-4922-8c5d-b0fd97c19a25,None,574c588e-e7ed-11e9-b125-0242ac130002,0,,32f241c0-9eea-11e9-8cbd-0242ac120006
9476bfbb-ca27-44ca-9a50-f086147e5e3c,None,57688e06-ca3c-11e9-b993-0242ac140002,0,,32f241c0-9eea-11e9-8cbd-0242ac120006
8f0194fb-e140-4627-8ef4-91d809488f43,None,5790999f-7d84-4dc0-b4a9-a65dee5d1481,0,,32f241c0-9eea-11e9-8cbd-0242ac120006
9ea3ba5a-cdcd-478a-81c4-296e47f149c4,None,57b1c7cd-c924-4581-b4d1-8deccecb9358,0,,32f241c0-9eea-11e9-8cbd-0242ac120006
ff031172-900d-4d38-bb41-550b20aa30a2,None,580324c0-5212-4b6e-83be-eab695af708f,0,,32f241c0-9eea-11e9-8cbd-0242ac120006
b971abaa-cc51-4aea-b9f6-9a8de22575ac,None,58201fa0-0b37-4744-af03-0c6aaac21835,0,,32f241c0-9eea-11e9-8cbd-0242ac120006
1b4d34ec-1152-4244-9ac3-925e80b78b49,None,5864a56c-7d5f-4174-ab70-9b73013c325f,0,,32f241c0-9eea-11e9-8cbd-0242ac120006
214acf08-c3ae-44a3-8072-860535c11e85,None,59e912ca-06a7-412a-a9b1-60d5d0fc0a6a,0,,32f241c0-9eea-11e9-8cbd-0242ac120006
e4cde933-096d-4afe-ae8a-938fe1faa3d8,None,5a2b953a-01f9-11ea-8f3c-0242ac130002,0,,32f241c0-9eea-11e9-8cbd-0242ac120006
619a8816-b427-4084-9a79-d0f64cdc5901,None,5a3ab8f6-6344-11ea-b4c2-0242ac130006,0,,32f241c0-9eea-11e9-8cbd-0242ac120006
c82934da-bf1d-47f6-a71a-ce4f4c13238f,None,5a9d675d-4ea1-416c-9d12-fe75a690e587,0,,32f241c0-9eea-11e9-8cbd-0242ac120006
ec28e759-fa94-4c67-8ec3-a93b564f37b0,None,5b4fb39f-ba1c-4a7a-9218-98fba1910a5a,0,,32f241c0-9eea-11e9-8cbd-0242ac120006
10a6ae9c-5224-4ab9-8fb6-941e8f7fbb55,None,5bfb6d40-eb4c-11e9-b125-0242ac130002,0,,32f241c0-9eea-11e9-8cbd-0242ac120006
bf0a3e59-e8dd-4e0f-b52c-1f2dcb255c0a,None,5c063668-e5f6-11e9-b125-0242ac130002,0,,32f241c0-9eea-11e9-8cbd-0242ac120006
28fd7f3e-3253-43e0-bb50-04cf5802b37a,None,5c766eac-e5d2-11e9-b125-0242ac130002,0,,32f241c0-9eea-11e9-8cbd-0242ac120006
5151b22f-e5d7-4bcf-9690-397e30470478,None,5c944401-65d2-49ed-b361-dbf4e3358629,0,,32f241c0-9eea-11e9-8cbd-0242ac120006
d8edc2b4-2b9a-4a89-80ad-3c893653a8eb,None,5cb98dcd-6658-4b9c-8990-8c2299397aca,0,,32f241c0-9eea-11e9-8cbd-0242ac120006
b06007a7-5889-42e2-9af9-9aed4b59f51e,None,5d44f5b8-70f8-11ea-966a-0242ac130006,0,,32f241c0-9eea-11e9-8cbd-0242ac120006
0e89c247-b68c-4c7a-bcc8-41f0605a0b94,None,5d9c1eae-e1c7-43bc-905a-a0816724b854,0,,32f241c0-9eea-11e9-8cbd-0242ac120006
68fc0865-921b-406c-900c-3b2896246fdb,None,5dfe48f0-eb2d-465c-a5d0-67bb1ae1277a,0,,32f241c0-9eea-11e9-8cbd-0242ac120006
8bdac468-fccd-4531-a6bb-3b4f5699e7ed,None,5e259143-1a43-49f4-94fd-068766f80876,0,,32f241c0-9eea-11e9-8cbd-0242ac120006
84714555-15b5-4065-95fe-4b0ad2d86684,None,5e94853e-0756-11ea-b2c1-0242ac130002,0,,32f241c0-9eea-11e9-8cbd-0242ac120006
97271860-7a61-491f-a131-aa477ff07b0b,None,5e9af02d-96f4-42a8-8c91-57d31cd5027b,0,,32f241c0-9eea-11e9-8cbd-0242ac120006
40a41f1c-7c9d-48c7-a370-7001821323d8,None,5f0eb57e-e8d0-11e9-8bc4-0242ac130002,0,,32f241c0-9eea-11e9-8cbd-0242ac120006
d8323d54-2de7-4ce9-8492-463cc4b4e6d3,None,5f10573c-c317-4fef-92ed-b0354eeae8e0,0,,32f241c0-9eea-11e9-8cbd-0242ac120006
c3bcde50-aa55-4c5d-a7eb-e1a833615b69,None,5f218d0a-4412-11ea-a19a-0242ac130006,0,,32f241c0-9eea-11e9-8cbd-0242ac120006
7dd2781f-e73b-41ee-aca6-2761a8dd7051,None,5f27520c-348e-43da-8160-a2e2729a37c7,0,,32f241c0-9eea-11e9-8cbd-0242ac120006
b2473286-589a-4fc5-8a56-8e44dea1c273,None,5fa893c6-fbc5-11e9-8649-0242ac130002,0,,32f241c0-9eea-11e9-8cbd-0242ac120006
5bf8e1eb-2824-44db-b955-a08f3a7ac272,None,5fadd6dc-06b1-11ea-8a1c-0242ac130002,0,,32f241c0-9eea-11e9-8cbd-0242ac120006
2e8b40e0-cecd-4f14-a51e-417d71db8948,None,5fcb8c96-4297-11ea-a19a-0242ac130006,0,,32f241c0-9eea-11e9-8cbd-0242ac120006
74b93261-0047-4c02-b751-33b3694a2bd2,None,5fd9092c-0569-11ea-b2c1-0242ac130002,0,,32f241c0-9eea-11e9-8cbd-0242ac120006
1802e439-99f1-49a1-b635-f6ac772cbf3a,None,5ffc298d-bf45-4996-a8c8-4023014d9152,0,,32f241c0-9eea-11e9-8cbd-0242ac120006
647cf25c-d837-4744-aa4f-bd0a73d50f0d,None,600ba6fa-8f77-11ea-bd59-0242ac130005,0,,32f241c0-9eea-11e9-8cbd-0242ac120006
2cf0b478-ce52-47c0-bfad-cd6b89a9b29b,None,60a8a8e0-e4e8-11e9-b125-0242ac130002,0,,32f241c0-9eea-11e9-8cbd-0242ac120006
79ece003-28cd-440c-9860-61d7ba90d472,None,60aa32b2-ea3f-11e9-8bc4-0242ac130002,0,,32f241c0-9eea-11e9-8cbd-0242ac120006
f0efd356-93d3-4af6-8e3e-960c4aa03ea8,None,618c600d-e494-4d74-b277-e81f773a21f4,0,,32f241c0-9eea-11e9-8cbd-0242ac120006
165b2de8-2d36-4724-b90b-fc80f53045f7,None,619ad1be-7cb3-4973-a2ce-13e5c7832083,0,,32f241c0-9eea-11e9-8cbd-0242ac120006
eed031db-6e8a-4072-bc6d-9911b1ef6957,None,6206f79c-e5dc-11e9-8bc4-0242ac130002,0,,32f241c0-9eea-11e9-8cbd-0242ac120006
ea63911d-e22c-4a84-84d4-6b77d2f7c649,None,62332e5e-8c90-484f-8c98-82e018442939,0,,32f241c0-9eea-11e9-8cbd-0242ac120006
5aa3c38d-623b-457c-9c3e-d093b9718cca,None,62af421e-8c58-49de-856d-89cf1184ae5f,0,,32f241c0-9eea-11e9-8cbd-0242ac120006
1512a9ff-b7aa-48f6-bdae-ccc25ce01a66,None,63987fea-cd6d-11e9-92b4-0242ac140002,0,,32f241c0-9eea-11e9-8cbd-0242ac120006
d6c9ed9f-34f7-4967-a572-159aa32ddc19,None,6399088a-e68a-11e9-b125-0242ac130002,0,,32f241c0-9eea-11e9-8cbd-0242ac120006
c1620aa7-8fdd-4984-9f31-e54269ce0d76,None,63cd4a6e-4a3a-4241-86ff-428121b2a15c,0,,32f241c0-9eea-11e9-8cbd-0242ac120006
45ec30ea-d81f-412e-b517-2eaac1132d69,None,63d66002-8bc5-48b3-af42-cf40b44b38d1,0,,32f241c0-9eea-11e9-8cbd-0242ac120006
b78c2d1b-8370-429d-b7a1-bfdd1e6a4cea,None,63ee2cfd-8c43-457b-970c-a837cc8f7f11,0,,32f241c0-9eea-11e9-8cbd-0242ac120006
7007181f-ec69-44c3-8a54-1663d0cc5fa5,None,6594f9ac-fb26-4e95-8c0e-4957e705df7c,0,,32f241c0-9eea-11e9-8cbd-0242ac120006
bc6bd1b0-a369-4c8b-8ac7-c09c66437fa9,None,65ef3af4-9d6a-11ea-82af-0242ac130005,0,,32f241c0-9eea-11e9-8cbd-0242ac120006
1c399e11-eb7c-463b-ae36-dcc26dba3151,None,6700e6dc-ad31-11ea-8ae7-0242ac130005,0,,32f241c0-9eea-11e9-8cbd-0242ac120006
e8a16757-8185-48bc-80f7-9a722fabcc04,None,67282390-14e0-4896-92cb-d79b96080f2e,0,,32f241c0-9eea-11e9-8cbd-0242ac120006
a1cae6de-b7f7-47bd-955c-5b897c80c685,None,673afbfc-e6f2-11e9-8bc4-0242ac130002,0,,32f241c0-9eea-11e9-8cbd-0242ac120006
670bed24-f863-4a43-9463-0cc3c69ae212,None,678eb152-5957-11ea-8083-0242ac130006,0,,32f241c0-9eea-11e9-8cbd-0242ac120006
fbd2d286-9461-4e1d-b6fb-0c45e2af2e19,None,67f1cda0-9f96-4673-8502-6b706e34c465,0,,32f241c0-9eea-11e9-8cbd-0242ac120006
005e8e64-e4d2-4bef-933b-ba2fa24392fa,None,67f7ff3b-da0a-4064-969e-53333412edd9,0,,32f241c0-9eea-11e9-8cbd-0242ac120006
9ea2b969-4bd1-4bb7-88b1-f06daeae9205,None,69370820-1ef5-11ea-b74e-0242ac130002,0,,32f241c0-9eea-11e9-8cbd-0242ac120006
b3426a43-3f69-465c-bb9b-58550712947d,None,69d578b5-0f06-47ad-9080-9fe3e1adb07f,0,,32f241c0-9eea-11e9-8cbd-0242ac120006
07aebbff-1bfe-4669-9a7c-c987608c1033,None,6a263bd4-6022-48bd-ba52-b730dd67710c,0,,32f241c0-9eea-11e9-8cbd-0242ac120006
c993597f-7477-41c3-84d5-3c4ca48666b0,None,6a2ca05c-3aaa-11ea-b44d-0242ac130006,0,,32f241c0-9eea-11e9-8cbd-0242ac120006
ed99b76b-7b96-4175-a824-67f8f721eabf,None,6a68a4bf-4153-4db9-9aa4-c5f78331a414,0,,32f241c0-9eea-11e9-8cbd-0242ac120006
a5cca410-dac3-4947-8a24-dfe6dd12bb99,None,6a68f8a4-ad2d-4c82-97df-70095bf3dd7c,0,,32f241c0-9eea-11e9-8cbd-0242ac120006
40e712cb-7d8f-4c44-97e2-7b7fd74bfc1b,None,6a82831d-1e4f-4570-9030-319e6b8a1480,0,,32f241c0-9eea-11e9-8cbd-0242ac120006
7658c6cf-cbf8-45f4-9c8c-24a1eea851b6,None,6b267ae4-4c53-4516-a1d0-5fc7366596c4,0,,32f241c0-9eea-11e9-8cbd-0242ac120006
23ebd0e7-7229-4ac6-b347-b64b2e361d49,None,6bb91e99-b953-4be7-855b-70a870f1c1b4,0,,32f241c0-9eea-11e9-8cbd-0242ac120006
e5ee7a7f-3bd9-4308-80b2-061c11a0b70b,None,6c19dd43-3e02-4f62-8636-0b3e5971ef4d,0,,32f241c0-9eea-11e9-8cbd-0242ac120006
5a2424db-e7b8-4345-bc6e-fffdd0c2cb9b,None,6cdaf736-d3f8-4b5f-9b6d-384f21c8d902,0,,32f241c0-9eea-11e9-8cbd-0242ac120006
a695d729-5b03-4638-b101-713f9e87920f,None,6cef8522-e33c-11e9-b125-0242ac130002,0,,32f241c0-9eea-11e9-8cbd-0242ac120006
5c6ae0be-4ba1-4908-82eb-5acd440e8248,None,6d478768-e8f5-11e9-b125-0242ac130002,0,,32f241c0-9eea-11e9-8cbd-0242ac120006
2d2cb308-633d-4508-87d1-093602d8d9fb,None,6da9c621-521e-41d0-97b4-a3a8c2a9c960,0,,32f241c0-9eea-11e9-8cbd-0242ac120006
e854d717-f14d-439f-8fb7-63c28dbf66fd,None,6e03bbf6-0522-11ea-8f3c-0242ac130002,0,,32f241c0-9eea-11e9-8cbd-0242ac120006
ab5acc13-4fe1-4ca9-9385-ac32992672e5,None,6fac8c1c-e768-11e9-8bc4-0242ac130002,0,,32f241c0-9eea-11e9-8cbd-0242ac120006
d870d623-c70c-4d12-935a-b2980e7aa1c1,None,711b19a4-ec10-11e9-b125-0242ac130002,0,,32f241c0-9eea-11e9-8cbd-0242ac120006
ae88a563-c82e-4a64-a978-5b35537cd4a4,None,7171bc5b-58ee-4d5d-9808-c118c20022de,0,,32f241c0-9eea-11e9-8cbd-0242ac120006
bddb6519-28d5-4e9f-95a9-ec3f678dac2f,None,7195ddad-7b38-423b-b1a2-479a4ad0292c,0,,32f241c0-9eea-11e9-8cbd-0242ac120006
2d96f6b0-221a-4226-a614-c4d9735c6349,None,7212764c-e691-11e9-8bc4-0242ac130002,0,,32f241c0-9eea-11e9-8cbd-0242ac120006
fbd70f75-5d23-45fd-b4cf-6fc0fda87822,None,7286700f-4313-42ba-be54-d79933e086a4,0,,32f241c0-9eea-11e9-8cbd-0242ac120006
f3225d32-8aac-4afe-be8a-afd148c66783,None,72b92b8f-e331-4878-85d4-5aa407f60047,0,,32f241c0-9eea-11e9-8cbd-0242ac120006
56528214-bd93-460a-8f39-51abcc10c2df,None,731bd8c6-5877-4951-bf17-efc7b7c68933,0,,32f241c0-9eea-11e9-8cbd-0242ac120006
03e661f0-7161-4747-a734-8033faf7a661,None,737cb161-8db7-4e7d-a315-4f6fdf29d047,0,,32f241c0-9eea-11e9-8cbd-0242ac120006
afdccbec-aa72-4007-9856-501633f91e08,None,73f86971-d72b-42bc-8776-14acf48bfaca,0,,32f241c0-9eea-11e9-8cbd-0242ac120006
7b67dfd3-5091-423a-8af3-fff47f9ec3bf,None,74ae042c-e6a8-11e9-b125-0242ac130002,0,,32f241c0-9eea-11e9-8cbd-0242ac120006
d284a463-f8a6-4f29-a437-101693a67480,None,75171568-d049-4c63-9fce-ddf40dc4e157,0,,32f241c0-9eea-11e9-8cbd-0242ac120006
fe1187de-8dea-4422-9c8f-b439bc1545c5,None,755714a7-16e4-4926-b93c-a906820ce3bf,0,,32f241c0-9eea-11e9-8cbd-0242ac120006
ae884482-40ad-4d06-91a1-1bb14b88c9b6,None,7559d8ea-32ef-11ea-a67f-0242ac130002,0,,32f241c0-9eea-11e9-8cbd-0242ac120006
c07d6b10-25ea-45eb-afc1-ff99947c6582,None,75d880e6-e74f-11e9-8bc4-0242ac130002,0,,32f241c0-9eea-11e9-8cbd-0242ac120006
2dd4955d-633a-472d-8cc4-bd2f344b9fd4,None,7605825a-b679-4eb0-a1c0-8365e6493bfa,0,,32f241c0-9eea-11e9-8cbd-0242ac120006
acb50e06-ed68-4eed-a99c-1a33801db514,None,76ab9a02-0244-11ea-8f3c-0242ac130002,0,,32f241c0-9eea-11e9-8cbd-0242ac120006
8aaa42e5-e72a-4cd4-94a1-c8f082c5478d,None,776a4b78-3709-406d-bdb5-7f65590d125d,0,,32f241c0-9eea-11e9-8cbd-0242ac120006
af286648-7f1e-4ccc-8670-f20d2503decb,None,77e6fd7a-5e11-11ea-b4c2-0242ac130006,0,,32f241c0-9eea-11e9-8cbd-0242ac120006
0070c338-5048-49fb-8b21-2da67f0f5539,None,781d9148-efea-47f6-bfee-3aa004bf0e43,0,,32f241c0-9eea-11e9-8cbd-0242ac120006
416c458f-da61-4b79-b346-0b710ff1433c,None,781f49c2-723f-11ea-b99f-0242ac130006,0,,32f241c0-9eea-11e9-8cbd-0242ac120006
b964647a-b0d3-40ff-8e76-e67657a00c9e,None,78211803-598c-46df-834e-4d97356acd0c,0,,32f241c0-9eea-11e9-8cbd-0242ac120006
e06ce621-45b6-4368-b0e6-ecd52754e760,None,786375ae-ec2d-11e9-8bc4-0242ac130002,0,,32f241c0-9eea-11e9-8cbd-0242ac120006
aa7c1aaa-81fb-48f6-a0f3-a2264c4a29b7,None,786fe3c9-b65a-4bee-9432-867ae7d7be39,0,,32f241c0-9eea-11e9-8cbd-0242ac120006
ddb0c6eb-6122-42c4-a0fd-4d8365fb8810,None,788cd320-e6a8-11e9-8bc4-0242ac130002,0,,32f241c0-9eea-11e9-8cbd-0242ac120006
8499ff62-cf2b-4bd7-a0b7-d7082ce588b3,None,790c0a2a-5e10-11ea-8083-0242ac130006,0,,32f241c0-9eea-11e9-8cbd-0242ac120006
9c111aa5-1d56-446f-aedf-c667787468a7,None,794a1040-e665-11e9-8bc4-0242ac130002,0,,32f241c0-9eea-11e9-8cbd-0242ac120006
8a460a22-5d04-4bc0-b9da-8dc971c86ea6,None,7a98de01-7e10-4dff-a67f-30e3687f11a7,0,,32f241c0-9eea-11e9-8cbd-0242ac120006
f2576f0a-537c-419e-86be-87da10a29699,None,7eb10e0c-df75-4816-b1d3-5a541d6c7d19,0,,32f241c0-9eea-11e9-8cbd-0242ac120006
3ec6d5a5-fe75-46bd-be97-d645344acc75,None,7ebfcc36-6e7b-4afe-b4ca-a6b4ec2729da,0,,32f241c0-9eea-11e9-8cbd-0242ac120006
4c23ee15-eebd-43c8-a359-346f49b62947,None,7ee44ac8-f17a-11e9-8649-0242ac130002,0,,32f241c0-9eea-11e9-8cbd-0242ac120006
a4908bbf-8f1e-42a0-ae00-f5d70f45d108,None,7f398f5a-a97b-4bb8-9261-b8a0cd448ae7,0,,32f241c0-9eea-11e9-8cbd-0242ac120006
cfa3f3ac-8838-4797-b372-a4a9ff4842db,None,809bbb06-e6af-11e9-b125-0242ac130002,0,,32f241c0-9eea-11e9-8cbd-0242ac120006
d29c82a5-9169-46fa-bf95-700635189837,None,80cdc8b9-422f-4a81-b2f7-3046a922e3e3,0,,32f241c0-9eea-11e9-8cbd-0242ac120006
9410c396-b876-41cb-b957-77b8f9eac2c7,None,81196e13-6df7-43aa-8a21-8f6200b14b65,0,,32f241c0-9eea-11e9-8cbd-0242ac120006
f0b514ba-0532-44d7-a6df-bb1abc1bb72f,None,81e0d744-ea9c-11e9-b125-0242ac130002,0,,32f241c0-9eea-11e9-8cbd-0242ac120006
137b9ba9-0a36-4796-a25b-00b58fdb2fd5,None,81f57520-f0b7-11e9-a3c8-0242ac130002,0,,32f241c0-9eea-11e9-8cbd-0242ac120006
510bc0d6-4ddb-44d8-9ba8-6df2ab169ece,None,8206aa54-e8ea-11e9-b125-0242ac130002,0,,32f241c0-9eea-11e9-8cbd-0242ac120006
6b28e308-b537-4bff-9046-b1b7ef6b756f,None,82776660-bee0-4f35-bb18-a88f7276afeb,0,,32f241c0-9eea-11e9-8cbd-0242ac120006
4972fcb9-a940-4b13-892c-028fe48de555,None,828826c8-56cd-11ea-8083-0242ac130006,0,,32f241c0-9eea-11e9-8cbd-0242ac120006
725c58a1-6243-43ae-9c0e-3a0717e41894,None,8319446f-2ea3-4d3b-8848-80f325a69132,0,,32f241c0-9eea-11e9-8cbd-0242ac120006
71ddbdf4-cff2-4a1c-9332-afc833adc9fe,None,834f87e7-78a7-4012-a388-cfe5bb6f51c7,0,,32f241c0-9eea-11e9-8cbd-0242ac120006
3eac8dac-2405-4657-9e52-26a818f9e59e,None,83b26802-2953-4afc-baf7-e9ea63fd5fd6,0,,32f241c0-9eea-11e9-8cbd-0242ac120006
f993ba00-4708-482b-a289-dc8edf3af14b,None,83d25607-b6cf-4031-bb2a-36e1532ced6a,0,,32f241c0-9eea-11e9-8cbd-0242ac120006
217f98d5-4fb5-44c0-8147-d42ac1360f69,None,83e736d7-89d3-4b2f-93da-fa2dc6744480,0,,32f241c0-9eea-11e9-8cbd-0242ac120006
05785ed6-6544-419c-b84b-8f8780301438,None,85784d90-e904-11e9-8bc4-0242ac130002,0,,32f241c0-9eea-11e9-8cbd-0242ac120006
0b83eeaa-b089-471b-85fc-679651c5a3da,None,85caf911-91c6-4848-84fa-0e09aef3e05d,0,,32f241c0-9eea-11e9-8cbd-0242ac120006
d71e07e4-2d8e-4fc2-9f63-2a573d279bd2,None,8657bd6a-9d6b-11ea-9766-0242ac130005,0,,32f241c0-9eea-11e9-8cbd-0242ac120006
390f213b-ecca-4b9f-a2c6-2c29eadbccb6,None,8668778f-085d-4d1c-bf8a-ed3e0e5c96e3,0,,32f241c0-9eea-11e9-8cbd-0242ac120006
5761d36c-a16b-4231-a8a0-fea6462c4bd6,None,86c994be-020a-11ea-a389-0242ac130002,0,,32f241c0-9eea-11e9-8cbd-0242ac120006
e2d5e475-7788-48d5-a4db-491cd76e79ab,None,870f3118-e67b-11e9-8bc4-0242ac130002,0,,32f241c0-9eea-11e9-8cbd-0242ac120006
2d618430-3339-4e33-9779-eb181ae58b66,None,8720230c-b399-41b7-a0db-08f7116f4612,0,,32f241c0-9eea-11e9-8cbd-0242ac120006
f6857048-1d93-4a19-b771-3454cf278ce1,None,872e0e8c-f0ba-11e9-a3c8-0242ac130002,0,,32f241c0-9eea-11e9-8cbd-0242ac120006
ae99d5d9-b5e7-471f-aa17-a6bfaaf9f6cf,None,87486c5c-cf5a-44bc-937b-8ccff40fd44b,0,,32f241c0-9eea-11e9-8cbd-0242ac120006
f52e7842-58ca-4b31-ab5a-e4c56b7a92d6,None,8781be4e-af8f-11ea-9766-0242ac130005,0,,32f241c0-9eea-11e9-8cbd-0242ac120006
66a8e3e0-234e-40bf-a038-79de49394df5,None,87c885ca-8c0a-4bad-9c69-682de1e22b2e,0,,32f241c0-9eea-11e9-8cbd-0242ac120006
fc9d981f-2d31-49dd-a0b5-7e7199ecf223,None,87e25c28-82d3-4774-bfb4-808e6eb07ace,0,,32f241c0-9eea-11e9-8cbd-0242ac120006
698ca5ef-8677-42e1-a79f-3bf11aa6a2d9,None,88628b43-2a88-45c3-8a99-07f0d5b84cec,0,,32f241c0-9eea-11e9-8cbd-0242ac120006
4bb3632e-0deb-42e8-ab1e-46a20b9beaa6,None,88835980-3eff-48f9-8655-81f58fa018c2,0,,32f241c0-9eea-11e9-8cbd-0242ac120006
59538bf5-a2cb-43e9-ac2a-8a5d957f0091,None,88b72ab0-e6b3-11e9-8bc4-0242ac130002,0,,32f241c0-9eea-11e9-8cbd-0242ac120006
d83f3d6b-6e17-4dc4-b811-7929fd6aed6e,None,8ad6f527-a10b-4452-95dc-9d3ed9f9912d,0,,32f241c0-9eea-11e9-8cbd-0242ac120006
dbab7290-4b0e-402c-bf51-88dc1721cfc1,None,8bd0dd8f-8bee-4b91-a977-d2b40db4a23c,0,,32f241c0-9eea-11e9-8cbd-0242ac120006
0aea9deb-88ed-4106-b272-00faf483af51,None,8bf6cc7e-e8fe-11e9-8bc4-0242ac130002,0,,32f241c0-9eea-11e9-8cbd-0242ac120006
c9675513-e80d-4925-a3aa-34d97a7da123,None,8c223fa8-fa3d-11e9-8649-0242ac130002,0,,32f241c0-9eea-11e9-8cbd-0242ac120006
32dfd1cd-b5e1-4b76-a14d-02a15ff877f1,None,8c376304-6852-48b8-a840-20e3764916b3,0,,32f241c0-9eea-11e9-8cbd-0242ac120006
6c221773-1a78-469d-9258-97e6af3bef42,None,8c5e73b9-f669-4839-b375-093e33198b93,0,,32f241c0-9eea-11e9-8cbd-0242ac120006
8590a75b-2301-4525-9cf9-b1c69069093c,None,8d7016d6-5470-11ea-b4c2-0242ac130006,0,,32f241c0-9eea-11e9-8cbd-0242ac120006
f7edf87c-28e8-49d1-b29d-c5e2f3e6d7c6,None,8e375f65-fefc-48a6-af75-a116aefdf746,0,,32f241c0-9eea-11e9-8cbd-0242ac120006
ecbd0700-8b74-4cf8-8581-c6284659fe31,None,8e38f1ef-d6ec-4d1f-ae8f-e94e5d425013,0,,32f241c0-9eea-11e9-8cbd-0242ac120006
7b77cb36-ad36-424c-8ef7-777c10432465,None,8eca193e-f410-11e9-8649-0242ac130002,0,,32f241c0-9eea-11e9-8cbd-0242ac120006
240059ae-385a-43f7-9d91-9d4ef8e0268d,None,8eeabc38-6103-11ea-8083-0242ac130006,0,,32f241c0-9eea-11e9-8cbd-0242ac120006
71f167ab-b98b-4967-8e31-c60d87d06e22,None,8ef7a2bb-be68-438f-9902-2914c6ebc9f1,0,,32f241c0-9eea-11e9-8cbd-0242ac120006
6b6ae07f-6052-4ba0-91d7-566f32e25209,None,8f1db6ee-e77b-11e9-8bc4-0242ac130002,0,,32f241c0-9eea-11e9-8cbd-0242ac120006
88d613d9-d3e6-4724-9709-f8524583946f,None,8f55831e-9d6d-11ea-9766-0242ac130005,0,,32f241c0-9eea-11e9-8cbd-0242ac120006
08d355d4-dd37-4951-a605-34b241d14838,None,8f604b7b-bd43-493f-87e8-e36d69990ad9,0,,32f241c0-9eea-11e9-8cbd-0242ac120006
a19daee0-d556-4834-b769-5d3829a3c19d,None,8f639858-8eec-11ea-8e56-0242ac130005,0,,32f241c0-9eea-11e9-8cbd-0242ac120006
a3370b17-d028-4d67-b952-50554e1a93fc,None,8f7a0db3-8133-4eb5-97b0-8b0c8703aa82,0,,32f241c0-9eea-11e9-8cbd-0242ac120006
cc5e1795-0189-415a-a0e8-dd8bc11a2b34,None,8fa97d24-02ff-11ea-a389-0242ac130002,0,,32f241c0-9eea-11e9-8cbd-0242ac120006
b24238c4-3fde-400a-b5a2-0476bac6a30e,None,8fe3c368-1cbc-11ea-b74e-0242ac130002,0,,32f241c0-9eea-11e9-8cbd-0242ac120006
1dc70a7d-6e05-4c66-8cab-b2df1aead7b5,None,8ffce5d6-df78-11e9-81a8-0242ac140006,0,,32f241c0-9eea-11e9-8cbd-0242ac120006
25a9670d-c57e-42e0-83e8-909a07690069,None,900a45b8-7fde-496b-b6c8-2bb60128983a,0,,32f241c0-9eea-11e9-8cbd-0242ac120006
7ccb6dc1-940a-4149-a357-6f6eb7bd5c73,None,902da6e4-6f82-42e7-95e9-8e2fc2d454fd,0,,32f241c0-9eea-11e9-8cbd-0242ac120006
440ab1ac-cd91-4a35-b2b0-d10a122f814d,None,906628ca-19ff-4a2b-bc04-db34fdeec3f8,0,,32f241c0-9eea-11e9-8cbd-0242ac120006
e73b5787-e2ba-4097-b5a4-45ae659a7036,None,908fcace-b19e-4829-b2a1-db91bb11bde6,0,,32f241c0-9eea-11e9-8cbd-0242ac120006
1face600-7596-4561-9d5e-78cde61ddb53,None,90a5b5ca-e613-11e9-b125-0242ac130002,0,,32f241c0-9eea-11e9-8cbd-0242ac120006
a1eea152-0a2f-453f-aabc-7cbe3709d3d4,None,90aa98a2-539a-11ea-b4c2-0242ac130006,0,,32f241c0-9eea-11e9-8cbd-0242ac120006
66a0c1e1-1929-45af-bff2-d183c33a8fc5,None,90dafade-e8d7-11e9-b125-0242ac130002,0,,32f241c0-9eea-11e9-8cbd-0242ac120006
d7d01050-edbd-4a31-8653-a10ddd3f2b4e,None,91b124d2-3aa9-11ea-b44d-0242ac130006,0,,32f241c0-9eea-11e9-8cbd-0242ac120006
aa4ae692-8b5f-4401-a05c-52486681855f,None,922539d2-e746-11e9-8bc4-0242ac130002,0,,32f241c0-9eea-11e9-8cbd-0242ac120006
fe52264a-c359-40d6-aa1f-5bc9f0d6c833,None,92ec797a-e91c-11e9-b125-0242ac130002,0,,32f241c0-9eea-11e9-8cbd-0242ac120006
475d3c73-131e-4b96-ba01-30488b780b42,None,930f4862-eb68-11e9-8bc4-0242ac130002,0,,32f241c0-9eea-11e9-8cbd-0242ac120006
cfed8726-6ebf-401e-9241-59f7e569e2ce,None,938935b2-b933-41bd-8fcb-d65d713daaf7,0,,32f241c0-9eea-11e9-8cbd-0242ac120006
8c10a3f2-1e38-4b77-9753-50725cac38da,None,939ac030-e812-11e9-b125-0242ac130002,0,,32f241c0-9eea-11e9-8cbd-0242ac120006
3f248a49-1838-4230-96b1-c21a189cbd00,None,93b01588-d2f1-11e9-8411-0242ac140006,0,,32f241c0-9eea-11e9-8cbd-0242ac120006
f9a9fe9b-294e-4a1d-8da4-5fda3d689477,None,94153c04-e432-11e9-b125-0242ac130002,0,,32f241c0-9eea-11e9-8cbd-0242ac120006
28f0a018-9e46-4e34-b948-4d62f49cb0ad,None,949507c0-48a2-41d0-a136-eced941d72c3,0,,32f241c0-9eea-11e9-8cbd-0242ac120006
f188ff8c-59bc-41da-9399-d95f2fa8362f,None,94adf614-f3d8-11e9-a3c8-0242ac130002,0,,32f241c0-9eea-11e9-8cbd-0242ac120006
6c033b56-5e68-476d-904e-718004a46c7c,None,94df40ea-74d2-11ea-b4b6-0242ac130006,0,,32f241c0-9eea-11e9-8cbd-0242ac120006
07d70daa-6737-42d6-b799-8833a05cdfa9,None,95211cfa-694d-4f3b-8f94-fe9191041187,0,,32f241c0-9eea-11e9-8cbd-0242ac120006
1db46215-4fb1-4907-976b-4176337eced1,None,95846732-e5e4-11e9-b125-0242ac130002,0,,32f241c0-9eea-11e9-8cbd-0242ac120006
ae7461a4-ab3a-41fe-8576-7aa339aa910f,None,958fbc2c-e837-11e9-8bc4-0242ac130002,0,,32f241c0-9eea-11e9-8cbd-0242ac120006
a0df4de1-34d7-4b31-990d-9d216e9c370d,None,95b952e2-e8c5-11e9-8bc4-0242ac130002,0,,32f241c0-9eea-11e9-8cbd-0242ac120006
c567e405-1b31-414d-bb04-a74fe3f910da,None,95de5b2e-4292-11ea-b44d-0242ac130006,0,,32f241c0-9eea-11e9-8cbd-0242ac120006
cf335fbb-2c65-41ab-97c3-548dd1fba4ff,None,96d763ae-020a-11ea-a389-0242ac130002,0,,32f241c0-9eea-11e9-8cbd-0242ac120006
f6105b04-a1cc-4a33-aa88-b13fcdf10713,None,97945f3f-64f5-4560-b611-1bc997a00710,0,,32f241c0-9eea-11e9-8cbd-0242ac120006
6f6b5c7d-5743-4460-8dfc-361fa96dbefc,None,97c8d066-f0e6-11e9-a3c8-0242ac130002,0,,32f241c0-9eea-11e9-8cbd-0242ac120006
45c50613-c284-4440-a5cd-2741b1ecb4e4,None,97f7c7ff-da96-44f3-9841-9e708675d5b4,0,,32f241c0-9eea-11e9-8cbd-0242ac120006
11e290a7-4f26-49a2-88b7-160721ed9c14,None,984b11da-5419-43a3-ad9c-7561a204970f,0,,32f241c0-9eea-11e9-8cbd-0242ac120006
d3358533-fd9b-4566-9194-6a9ba0f26809,None,9884d7b8-e92d-11e9-8bc4-0242ac130002,0,,32f241c0-9eea-11e9-8cbd-0242ac120006
15c6a57e-0450-415f-85be-6a85bd7356f4,None,989f4dde-8eee-11ea-8e56-0242ac130005,0,,32f241c0-9eea-11e9-8cbd-0242ac120006
96381655-8482-4e98-9735-2459ef38d499,None,98b92c2f-f4d6-439b-8f42-b34bab291ad4,0,,32f241c0-9eea-11e9-8cbd-0242ac120006
b2bfd73c-6412-4866-ba87-e124ec405487,None,98c7b75a-e729-11e9-8bc4-0242ac130002,0,,32f241c0-9eea-11e9-8cbd-0242ac120006
d8de215d-856a-432b-a96d-365c73a5cf61,None,990ceb20-1c32-11ea-b9b1-0242ac130002,0,,32f241c0-9eea-11e9-8cbd-0242ac120006
97fd3750-9422-4b3b-ac8f-6b1071c6d298,None,99462054-e675-11e9-8bc4-0242ac130002,0,,32f241c0-9eea-11e9-8cbd-0242ac120006
f8ea4f40-d6ec-44df-9c58-673730e9b21a,None,99847ffe-f320-11e9-8649-0242ac130002,0,,32f241c0-9eea-11e9-8cbd-0242ac120006
fb2c3f29-976b-468c-a120-021f1927d1e4,None,99a444d4-6d05-42b3-8d29-d17839072d01,0,,32f241c0-9eea-11e9-8cbd-0242ac120006
770036e7-ed44-4613-8de8-635a5fbd69e1,None,9c4ca4e2-c676-4da1-9a0c-f1abf393123e,0,,32f241c0-9eea-11e9-8cbd-0242ac120006
adddfb72-8264-4c59-b45d-26c79719e051,None,9d4436ef-a0b8-44e1-9090-2ebc3e2a8bf0,0,,32f241c0-9eea-11e9-8cbd-0242ac120006
a4baab5d-b463-4a49-9eec-08474a258f99,None,9d5039d0-e979-11e9-8bc4-0242ac130002,0,,32f241c0-9eea-11e9-8cbd-0242ac120006
0a8bcfa7-353e-4b2a-8014-cd8336e8c53f,None,9d50c831-722c-47b1-841d-464f04149299,0,,32f241c0-9eea-11e9-8cbd-0242ac120006
a09ea03a-8e8f-47f8-b510-f9ef8c7fd0cb,None,9df40600-ef45-4e96-a503-e51e961d4182,0,,32f241c0-9eea-11e9-8cbd-0242ac120006
e90abc5c-11c3-4a2e-a7e6-674fa0dd123b,None,9e929afa-0e37-4e57-9228-d7d244a486bc,0,,32f241c0-9eea-11e9-8cbd-0242ac120006
155ca0d5-6314-4bf4-b927-ad3882b36f2f,None,9f08a9e4-f561-11e9-a3c8-0242ac130002,0,,32f241c0-9eea-11e9-8cbd-0242ac120006
2f46382d-43e3-4bab-8cc9-d6e25d3e4f1c,None,9f7d86ba-e6c5-11e9-b125-0242ac130002,0,,32f241c0-9eea-11e9-8cbd-0242ac120006
eb6ed7c1-66ec-4105-b174-5431bee9221a,None,9fce2e86-16a8-11ea-b9b1-0242ac130002,0,,32f241c0-9eea-11e9-8cbd-0242ac120006
2a444fa9-4668-451a-ab57-7db408e5343f,None,9ff7fad8-e68b-11e9-8bc4-0242ac130002,0,,32f241c0-9eea-11e9-8cbd-0242ac120006
d30509d5-05a4-483c-a0e7-d145ca69d4f4,None,a0067903-e67a-4795-97b3-1e943372ca47,0,,32f241c0-9eea-11e9-8cbd-0242ac120006
95046f06-e9c2-4e84-9212-21c24fd48a82,None,a03c60ca-ebe9-11e9-b125-0242ac130002,0,,32f241c0-9eea-11e9-8cbd-0242ac120006
f2a4b9b4-d9be-43a8-baeb-96f1c9b3eb7c,None,a0771bce-eb36-11e9-8bc4-0242ac130002,0,,32f241c0-9eea-11e9-8cbd-0242ac120006
2739e102-a9ca-4b4b-a4fd-7f1de28c134a,None,a07b81ab-63f4-42de-bc49-adcfcbf04639,0,,32f241c0-9eea-11e9-8cbd-0242ac120006
6e04fe9f-1608-466d-81a3-5ebc96a83ba5,None,a0a959a5-3d62-4bf3-bca7-baf976e2cc2f,0,,32f241c0-9eea-11e9-8cbd-0242ac120006
29ffe470-323a-4b04-9798-452f81984773,None,a10c10ff-f2fb-459c-9768-9139e26a1951,0,,32f241c0-9eea-11e9-8cbd-0242ac120006
78a79807-8fc3-4fad-b9ba-7fe571e824a6,None,a12441fe-e7f9-11e9-b125-0242ac130002,0,,32f241c0-9eea-11e9-8cbd-0242ac120006
d11d21bf-a0ab-4dd0-98f8-91086fa4bc6a,None,a1557804-f13d-4f7e-ada1-29305e9296f9,0,,32f241c0-9eea-11e9-8cbd-0242ac120006
c743b6ed-e28b-48de-8b04-618197eea4fe,None,a16942b4-e65e-11e9-8bc4-0242ac130002,0,,32f241c0-9eea-11e9-8cbd-0242ac120006
42c64385-c7b8-4ff8-bed3-a7e6cdfa0281,None,a1c1839d-cf8f-4018-b603-379f40d87ee8,0,,32f241c0-9eea-11e9-8cbd-0242ac120006
1634fd47-59d7-4549-99a0-9bc0c25cdcc2,None,a1c7421f-fcb4-4730-939f-f15fc0875903,0,,32f241c0-9eea-11e9-8cbd-0242ac120006
feed6090-2628-499f-ad5c-780db2dd62a4,None,a2b60b1a-1760-11ea-b9b1-0242ac130002,0,,32f241c0-9eea-11e9-8cbd-0242ac120006
6ae4776f-6872-4d6c-8e6e-7d401b5dd384,None,a3bae3af-9264-4671-9d80-011fa72505d9,0,,32f241c0-9eea-11e9-8cbd-0242ac120006
c4299386-f3b3-4850-9fba-c90902afa197,None,a423a365-f6bf-4745-9a4a-f8747e978f73,0,,32f241c0-9eea-11e9-8cbd-0242ac120006
7f0f6145-01b1-48a2-8c2f-05a47313bd7a,None,a45fa664-3093-49ce-994b-1ab74ee2ba95,0,,32f241c0-9eea-11e9-8cbd-0242ac120006
beccd47f-5cec-466e-9b8b-e2916c9895e4,None,a4df4e50-f6f0-11e9-a3c8-0242ac130002,0,,32f241c0-9eea-11e9-8cbd-0242ac120006
411d9a6c-8ad8-438b-b469-f7c20232e576,None,a4f64b3a-176d-11ea-b9b1-0242ac130002,0,,32f241c0-9eea-11e9-8cbd-0242ac120006
5b973418-059a-4c11-9769-99600731e19c,None,a51a820a-e916-11e9-b125-0242ac130002,0,,32f241c0-9eea-11e9-8cbd-0242ac120006
26b96743-d2af-450f-899e-ffe05ab41dab,None,a5df6af2-eb05-11e9-b125-0242ac130002,0,,32f241c0-9eea-11e9-8cbd-0242ac120006
5d7d9123-9d41-4dd9-9cc0-5e09b38e2233,None,a6a95118-e723-11e9-8bc4-0242ac130002,0,,32f241c0-9eea-11e9-8cbd-0242ac120006
97c84ea4-6b6d-49f6-8b67-042df3b62308,None,a792be02-0ac6-42d1-876d-07285e738424,0,,32f241c0-9eea-11e9-8cbd-0242ac120006
cd36c9f3-364c-4309-aa9c-58d686ba7cf9,None,a79cdd22-e806-11e9-b125-0242ac130002,0,,32f241c0-9eea-11e9-8cbd-0242ac120006
ec4cb144-88a8-4e3c-92c1-677905338f12,None,a7d6372d-28cc-4130-b01d-060b1a6800e1,0,,32f241c0-9eea-11e9-8cbd-0242ac120006
7dc1f4cb-052a-4ccb-92cd-bd08b7555900,None,a867501c-b232-4830-aa77-ee21f742ba92,0,,32f241c0-9eea-11e9-8cbd-0242ac120006
18c0c60b-53b7-46e4-a406-91d851afb807,None,a89893f8-eb06-11e9-8bc4-0242ac130002,0,,32f241c0-9eea-11e9-8cbd-0242ac120006
011e73fc-2290-486d-b2d1-e5081fd8d8f4,None,a8bb767e-f54d-11e9-8649-0242ac130002,0,,32f241c0-9eea-11e9-8cbd-0242ac120006
d1d943d8-fc7a-4824-9b19-97dfebd15c3c,None,a910d68c-e9bd-11e9-8bc4-0242ac130002,0,,32f241c0-9eea-11e9-8cbd-0242ac120006
9f3c0579-2ba0-4f57-bb1b-2590095e30d0,None,a91155c6-e751-11e9-8bc4-0242ac130002,0,,32f241c0-9eea-11e9-8cbd-0242ac120006
b5a24f81-648f-4624-b16d-e04458eb136f,None,a919257e-3389-11ea-b242-0242ac130002,0,,32f241c0-9eea-11e9-8cbd-0242ac120006
904d51eb-b97f-42b0-afe4-0c462022e7d5,None,aa4c7ab7-28db-4857-adc4-00c80287b220,0,,32f241c0-9eea-11e9-8cbd-0242ac120006
e600958e-0fa0-4cdf-b630-e29859513b84,None,ab83bc5c-ec0d-11e9-b125-0242ac130002,0,,32f241c0-9eea-11e9-8cbd-0242ac120006
2dde002f-5381-40ef-811a-7b5d60af459b,None,abf85117-e75e-4438-82da-aa6b6e15d0f3,0,,32f241c0-9eea-11e9-8cbd-0242ac120006
373a6345-b4ce-4184-b201-c96f0f9d8b6e,None,ac2862e2-1666-11ea-bc0e-0242ac130002,0,,32f241c0-9eea-11e9-8cbd-0242ac120006
ca349461-e148-481d-9e5f-62c27ee06f4d,None,ac64e224-ea6c-11e9-b125-0242ac130002,0,,32f241c0-9eea-11e9-8cbd-0242ac120006
b2990001-671d-4b89-be1c-8aa5b3b1d227,None,adc2f4ee-e99a-11e9-b125-0242ac130002,0,,32f241c0-9eea-11e9-8cbd-0242ac120006
0488dba5-77c9-42ab-bc0d-21557104d09f,None,adfd2472-e808-11e9-8bc4-0242ac130002,0,,32f241c0-9eea-11e9-8cbd-0242ac120006
dbeaba89-dc6c-40f2-b82d-631d0f710876,None,ae58c406-0473-4bad-86cc-722a48513358,0,,32f241c0-9eea-11e9-8cbd-0242ac120006
72151d3e-8c8f-4c6c-bb06-23d76826eda8,None,aedf5947-88c8-45f9-8226-c260ec8e73ec,0,,32f241c0-9eea-11e9-8cbd-0242ac120006
8de042af-7488-4ba2-a477-7cefbbbb2c14,None,aefd4c30-f410-11e9-a3c8-0242ac130002,0,,32f241c0-9eea-11e9-8cbd-0242ac120006
4279978c-601d-4b0d-9fb1-e0ed5dd4d5c2,None,afa386ca-8eea-11ea-bd59-0242ac130005,0,,32f241c0-9eea-11e9-8cbd-0242ac120006
54a80ad9-b58d-4898-9898-c17f01671c2b,None,afda32ed-6743-46ce-9ba6-bf127276619c,0,,32f241c0-9eea-11e9-8cbd-0242ac120006
e889260f-d37f-4bcd-9bfe-8c07fdcf4954,None,b01f2744-ea8f-11e9-8bc4-0242ac130002,0,,32f241c0-9eea-11e9-8cbd-0242ac120006
64737a27-8706-4f6a-b010-5b4e491e7af5,None,b07cb7d9-5bd4-4436-bb64-6c83b8a3eda6,0,,32f241c0-9eea-11e9-8cbd-0242ac120006
4a03ec6b-3995-4c10-9265-b82cfaa94e91,None,b088faf0-5abf-4b86-be5c-8386de2d9fda,0,,32f241c0-9eea-11e9-8cbd-0242ac120006
69dbda27-6ea4-4bdd-938e-1d8075a649eb,None,b0c83c96-e4ed-11e9-8bc4-0242ac130002,0,,32f241c0-9eea-11e9-8cbd-0242ac120006
27e2c2f5-4594-4e4c-933d-a4f2b8254f34,None,b0d6e090-8be2-4dac-91c6-9931976a73d8,0,,32f241c0-9eea-11e9-8cbd-0242ac120006
69a82b9b-dcad-42f5-b1a5-89c3dc3b27c1,None,b1226710-e61f-11e9-8bc4-0242ac130002,0,,32f241c0-9eea-11e9-8cbd-0242ac120006
3f86ef38-054b-4647-9c2e-5ba05e34e2ff,None,b158dddc-a46e-11ea-9766-0242ac130005,0,,32f241c0-9eea-11e9-8cbd-0242ac120006
47c1c6e2-0ade-42ea-8c4d-2441cd74ebae,None,b171c89c-f3de-11e9-8649-0242ac130002,0,,32f241c0-9eea-11e9-8cbd-0242ac120006
6a66f87b-7de1-4156-a872-4a164da22337,None,b19203da-3b84-11ea-a19a-0242ac130006,0,,32f241c0-9eea-11e9-8cbd-0242ac120006
6a14fb3a-02e8-40a1-b0d8-6c31deedb597,None,b1a676be-eb4b-11e9-8bc4-0242ac130002,0,,32f241c0-9eea-11e9-8cbd-0242ac120006
011da504-d5de-444f-bfa9-29140e6a2025,None,b21b09ef-1998-4f1f-8e8b-ffe6b99f9116,0,,32f241c0-9eea-11e9-8cbd-0242ac120006
efbf0033-c0ad-457c-8476-7a4943d59dda,None,b23905f8-e7f2-11e9-8bc4-0242ac130002,0,,32f241c0-9eea-11e9-8cbd-0242ac120006
9f51baa7-e874-45b2-8b9a-5f3e8f127a23,None,b2fd35c0-aa7b-40d1-98e3-9d268cbd6e90,0,,32f241c0-9eea-11e9-8cbd-0242ac120006
71d82f1a-4546-4a99-a397-9dc5bdf94c09,None,b3247856-e619-11e9-b125-0242ac130002,0,,32f241c0-9eea-11e9-8cbd-0242ac120006
f909c3a6-a0ca-464d-bf4e-dafd55598312,None,b345df3c-e71d-11e9-b125-0242ac130002,0,,32f241c0-9eea-11e9-8cbd-0242ac120006
e206fe9f-0842-4ab4-8ba5-ce548a5d613e,None,b53e45b8-ebf5-11e9-b125-0242ac130002,0,,32f241c0-9eea-11e9-8cbd-0242ac120006
25998f50-288b-4780-9816-e7eb1d974dbd,None,b573cb9c-9644-4567-841d-83fc0c61403b,0,,32f241c0-9eea-11e9-8cbd-0242ac120006
c6928f67-9ce2-44c7-87e9-5ebdf66f823c,None,b5f8d23a-166a-11ea-a10c-0242ac130002,0,,32f241c0-9eea-11e9-8cbd-0242ac120006
ef3136a4-76d0-48fa-9665-89c84ef3a9b4,None,b66fa304-e68d-11e9-b125-0242ac130002,0,,32f241c0-9eea-11e9-8cbd-0242ac120006
42bf5919-a25f-4f60-88ef-9a8904713562,None,b690f84e-94ec-4f89-b376-e7e3fbd55ddd,0,,32f241c0-9eea-11e9-8cbd-0242ac120006
1989eefa-e695-48d6-93b8-4a2a35751d09,None,b6c2586a-e77d-11e9-8bc4-0242ac130002,0,,32f241c0-9eea-11e9-8cbd-0242ac120006
0c361e03-a080-42f1-83ab-2a5b3af25648,None,b6c6ae2c-b5f6-11ea-9e0d-0242ac130005,0,,32f241c0-9eea-11e9-8cbd-0242ac120006
ed326a9b-801f-4329-9c26-9d56d8f00f7c,None,b717f92c-5e11-11ea-8083-0242ac130006,0,,32f241c0-9eea-11e9-8cbd-0242ac120006
10359cff-509e-444e-817a-c2cca9539669,None,b7910d9c-e915-11e9-b125-0242ac130002,0,,32f241c0-9eea-11e9-8cbd-0242ac120006
44398d96-9dbd-4ea6-b1e8-d41cf11b970b,None,b7adbd29-8528-4609-9ec5-fb8db9579d4d,0,,32f241c0-9eea-11e9-8cbd-0242ac120006
cc392c01-2ffa-4471-a7e1-527ffd34307a,None,b838d133-9b23-4208-a191-91b883182755,0,,32f241c0-9eea-11e9-8cbd-0242ac120006
39ca1082-a80f-458a-abd6-00f464fecfc1,None,b83ff19b-0e10-4281-8bbc-92cff905383f,0,,32f241c0-9eea-11e9-8cbd-0242ac120006
8f92c51b-6b70-4688-9ea7-ea34700b7479,None,b8985e38-e68c-11e9-8bc4-0242ac130002,0,,32f241c0-9eea-11e9-8cbd-0242ac120006
810aaaeb-40f4-4593-b819-48f78e55efb5,None,b8b26a0c-02a8-11ea-a389-0242ac130002,0,,32f241c0-9eea-11e9-8cbd-0242ac120006
51c6f336-d431-4605-8d7d-50a954492a09,None,b90d17aa-ebff-11e9-8bc4-0242ac130002,0,,32f241c0-9eea-11e9-8cbd-0242ac120006
2a36ea42-1ed9-4f58-8f71-a2d43558e75f,None,b92b7a0f-0268-43e8-bbe2-d83d39d6e54b,0,,32f241c0-9eea-11e9-8cbd-0242ac120006
52333795-d9e9-4de5-87ce-356d07b76680,None,b9ae5311-886f-4c4e-a207-1d16593c3d1b,0,,32f241c0-9eea-11e9-8cbd-0242ac120006
10a3b96e-4fb0-424b-8287-56753bbe3c4e,None,b9c7d774-e82c-11e9-b125-0242ac130002,0,,32f241c0-9eea-11e9-8cbd-0242ac120006
d710a514-91d7-4844-be82-b62dc258e46c,None,b9e834fe-e680-11e9-b125-0242ac130002,0,,32f241c0-9eea-11e9-8cbd-0242ac120006
5f99375e-e52c-4486-b5a1-18c3da647955,None,b9e8a7f4-65d8-11ea-b4c2-0242ac130006,0,,32f241c0-9eea-11e9-8cbd-0242ac120006
b9a0cf28-a457-4530-9751-82410ca0c7da,None,b9ea1eba-e8c2-11e9-b125-0242ac130002,0,,32f241c0-9eea-11e9-8cbd-0242ac120006
f4e779dd-a4d2-4e09-b9f7-a31b46acc5b9,None,ba289280-9a88-11ea-82af-0242ac130005,0,,32f241c0-9eea-11e9-8cbd-0242ac120006
248da8fa-cff2-4381-9ee7-d87b8a23e35a,None,ba391e8f-b8ce-4cdb-9e24-8c254e2b24c6,0,,32f241c0-9eea-11e9-8cbd-0242ac120006
40dd9a7f-958c-46d9-a65d-a3fdc09d420e,None,baf9c7ea-0782-11ea-b2c1-0242ac130002,0,,32f241c0-9eea-11e9-8cbd-0242ac120006
941fe588-7dc6-41a8-bbd0-2553765a5a83,None,bb58b263-f53c-45f6-9e1c-d9a3e5a68856,0,,32f241c0-9eea-11e9-8cbd-0242ac120006
d4a4aaa2-47e3-4f24-886e-da600b07d4a2,None,bb6b3f3e-e832-11e9-8bc4-0242ac130002,0,,32f241c0-9eea-11e9-8cbd-0242ac120006
591c306b-d949-46df-a51f-d8cd0ffa4273,None,bb7c0f44-35d0-11ea-a67f-0242ac130002,0,,32f241c0-9eea-11e9-8cbd-0242ac120006
74371093-0788-4099-90f8-4418077f1b34,None,bbb0b3d2-e681-11e9-8bc4-0242ac130002,0,,32f241c0-9eea-11e9-8cbd-0242ac120006
1ff593ae-cee6-44a0-bb15-8a5f4e7f877d,None,bbe0fc5e-d632-11e9-a1bd-0242ac140006,0,,32f241c0-9eea-11e9-8cbd-0242ac120006
4f9f4e96-7267-40ae-b9b2-5a8fba398629,None,bbf0265a-2f5e-46cf-a7b1-321c77b3d84b,0,,32f241c0-9eea-11e9-8cbd-0242ac120006
b6fe33f4-605d-4aef-a683-1b40f20c5885,None,bc3c1b44-e60d-11e9-8bc4-0242ac130002,0,,32f241c0-9eea-11e9-8cbd-0242ac120006
9c98ad55-bfa1-4b1d-a9da-2cba7949126a,None,bc7fbe06-eec3-4f9d-8bf0-e72186e51e0b,0,,32f241c0-9eea-11e9-8cbd-0242ac120006
001e4d21-4c97-4830-9327-a1311292f873,None,bd721439-4d10-41da-b917-532f375c7d40,0,,32f241c0-9eea-11e9-8cbd-0242ac120006
7e5b4ae1-adf9-4593-b359-4aba80c94c84,None,bd790583-27ca-4af9-8c0f-19a8ef459c91,0,,32f241c0-9eea-11e9-8cbd-0242ac120006
b855c126-41d6-41a1-99bd-7b82187035e2,None,bdca6826-e8d3-11e9-b125-0242ac130002,0,,32f241c0-9eea-11e9-8cbd-0242ac120006
1cab435f-343f-4fa2-9d1d-8bd2abc421aa,None,bdd6cf60-bf76-4b4c-b840-05df41a35429,0,,32f241c0-9eea-11e9-8cbd-0242ac120006
d66fa87b-4abb-4e50-9574-903da9bb71ca,None,bde08b8a-e5ed-11e9-b125-0242ac130002,0,,32f241c0-9eea-11e9-8cbd-0242ac120006
a9ea8738-d32c-4b1b-80b0-bfafafbe6385,None,be9d31f0-2cb2-40d0-8af9-3df0fcbb0040,0,,32f241c0-9eea-11e9-8cbd-0242ac120006
2e0b056b-4a4c-428d-a0da-c531d021726c,None,bee5d202-74c6-11ea-a71c-0242ac130006,0,,32f241c0-9eea-11e9-8cbd-0242ac120006
645b4a4a-e742-4968-8dca-c316ba039f4e,None,c0655dd4-e671-11e9-8bc4-0242ac130002,0,,32f241c0-9eea-11e9-8cbd-0242ac120006
81880de6-865a-4a47-b97a-428dad271505,None,c07ed9a8-8a2b-4453-9478-803722743140,0,,32f241c0-9eea-11e9-8cbd-0242ac120006
79c4d11f-30a6-4f8a-bdb1-1fbd71f7765b,None,c0e068c4-3861-4dda-b854-bf9090b1943b,0,,32f241c0-9eea-11e9-8cbd-0242ac120006
450cf1b1-4a38-4cab-be49-2422e309f30e,None,c14d067e-43e0-40e2-9285-b46e67f7512e,0,,32f241c0-9eea-11e9-8cbd-0242ac120006
5cf9a95a-bc3f-427b-b03b-5caa534aad55,None,c1999448-f401-11e9-8649-0242ac130002,0,,32f241c0-9eea-11e9-8cbd-0242ac120006
f5cbae28-6bc0-4a20-a8c0-b4d39f74d5f8,None,c1c37f40-b4fa-4cc7-89ab-ab47dd29262e,0,,32f241c0-9eea-11e9-8cbd-0242ac120006
8f5e8825-99d2-4857-a2b8-aed07c27141c,None,c232bdac-f1a0-11e9-8649-0242ac130002,0,,32f241c0-9eea-11e9-8cbd-0242ac120006
66a9b61e-d35b-43f6-8d7e-c6499c15af33,None,c264266c-a68e-4301-a3d2-4dec489ccb0f,0,,32f241c0-9eea-11e9-8cbd-0242ac120006
b23286a3-2dc2-4f69-8d6a-4dcb3de0c99e,None,c424b153-f094-485f-9869-38b571398549,0,,32f241c0-9eea-11e9-8cbd-0242ac120006
ade9cbe0-dd91-4e85-b395-1448bf256c61,None,c473d060-68b2-4ac2-9625-d83b71151062,0,,32f241c0-9eea-11e9-8cbd-0242ac120006
86862a68-93ac-4dc2-a9ea-557fd098b494,None,c50fc4bd-3c46-48be-87b7-d9a01da0a631,0,,32f241c0-9eea-11e9-8cbd-0242ac120006
f161dcc7-bd00-4eee-b491-3eb121c11e5f,None,c566021c-f3ef-11e9-8649-0242ac130002,0,,32f241c0-9eea-11e9-8cbd-0242ac120006
51dc62c1-ca6a-4248-9f52-220c5ea12057,None,c5b0b399-6128-4f61-8c17-3299d977626a,0,,32f241c0-9eea-11e9-8cbd-0242ac120006
c6571eb1-ea87-4373-a52c-02c73bf51af6,None,c65d730c-e80b-11e9-b125-0242ac130002,0,,32f241c0-9eea-11e9-8cbd-0242ac120006
7f9e00de-c28a-4747-bbb3-3b13c7319a1e,None,c6c9638b-35f0-4420-be0b-f53c95df6449,0,,32f241c0-9eea-11e9-8cbd-0242ac120006
4cbdd641-9c76-40cf-a056-4dd6fbe6b101,None,c71c03f4-1149-454a-8e88-3e1a9e8d9ec5,0,,32f241c0-9eea-11e9-8cbd-0242ac120006
28c2d78c-d583-479a-94c2-6050fe71ea6a,None,c72a8936-6822-11ea-8083-0242ac130006,0,,32f241c0-9eea-11e9-8cbd-0242ac120006
172867d0-5694-4d95-92cf-cc8ed2943289,None,c79cc000-e8f2-11e9-8bc4-0242ac130002,0,,32f241c0-9eea-11e9-8cbd-0242ac120006
9b0622be-3e1e-44b2-ae89-2f80b8c2ab86,None,c7d1edc3-a3ae-4dea-a8f7-a1642645fd06,0,,32f241c0-9eea-11e9-8cbd-0242ac120006
ff5d9ddb-d0be-487a-a7a1-73bc63659fe6,None,c82a4429-3f99-488c-9126-08e90a83a573,0,,32f241c0-9eea-11e9-8cbd-0242ac120006
6ef18dff-98f2-4f58-b0a8-b46959c3601c,None,c8834722-30f6-11ea-a67f-0242ac130002,0,,32f241c0-9eea-11e9-8cbd-0242ac120006
ebd85ad2-d419-4276-b770-be1edd9c063d,None,c8a590ea-78b0-437c-b392-20614ceb58e5,0,,32f241c0-9eea-11e9-8cbd-0242ac120006
5705f609-3ce3-4c35-af23-46fb86c814e2,None,c8b1d0f0-4fa7-47f0-b318-f57249bab295,0,,32f241c0-9eea-11e9-8cbd-0242ac120006
8773a47d-f9f1-407a-837d-35b3b63f004f,None,c9073acf-a4d3-42a6-b3e0-64bba8d596e3,0,,32f241c0-9eea-11e9-8cbd-0242ac120006
d1e13f02-d2e1-429e-8f01-0ea61621c627,None,c955a75b-f223-473f-a256-82f8a1d068f5,0,,32f241c0-9eea-11e9-8cbd-0242ac120006
a6163077-9ac2-412d-bcc0-98eb7abc5a85,None,c98dc194-e676-11e9-8bc4-0242ac130002,0,,32f241c0-9eea-11e9-8cbd-0242ac120006
3ac943bc-91d9-4c2e-a727-0ac1a334d2d8,None,c9bc2916-eb40-11e9-8bc4-0242ac130002,0,,32f241c0-9eea-11e9-8cbd-0242ac120006
21d5d22f-7045-43c0-8cd0-4810f71f0026,None,c9fb4246-b740-47fb-b2a3-c5776039167f,0,,32f241c0-9eea-11e9-8cbd-0242ac120006
7faf6fa3-71cf-409c-b7fb-687edec14b0b,None,ca03a00c-e96a-4eef-bd2e-13f7942459a5,0,,32f241c0-9eea-11e9-8cbd-0242ac120006
1fabdb31-eda3-4ed1-b5cf-3d8415cae66e,None,ca193ec5-9ef4-48dd-b4ba-3158b6996350,0,,32f241c0-9eea-11e9-8cbd-0242ac120006
026de156-679a-4071-9a02-055bf82fca93,None,ca2cb4c6-e6b6-11e9-b125-0242ac130002,0,,32f241c0-9eea-11e9-8cbd-0242ac120006
0300651b-f366-447e-8479-752456268424,None,ca467b46-96fa-49e4-a093-6da5a304fcc8,0,,32f241c0-9eea-11e9-8cbd-0242ac120006
e7d0cb63-f808-4162-8c35-b4ce3968c8cc,None,ca61f6c0-e681-11e9-8bc4-0242ac130002,0,,32f241c0-9eea-11e9-8cbd-0242ac120006
74ac2efc-cabd-4383-b181-0a69d08c292c,None,ca7dd19e-f7af-11e9-8649-0242ac130002,0,,32f241c0-9eea-11e9-8cbd-0242ac120006
2daecb0f-00c1-4463-b7fa-75147a02eec2,None,cb03ff18-e75a-11e9-8bc4-0242ac130002,0,,32f241c0-9eea-11e9-8cbd-0242ac120006
f97edd0f-c5b1-4680-a809-58c8a13f430c,None,cb1604cc-eb5d-11e9-b125-0242ac130002,0,,32f241c0-9eea-11e9-8cbd-0242ac120006
724fa1f4-678f-4f43-80b0-5eccfed6c502,None,cb193cf8-529c-4656-9468-05af05cdcdc5,0,,32f241c0-9eea-11e9-8cbd-0242ac120006
2d0d616d-5ac5-449e-9451-01ef14580f1d,None,cb4026bb-ffb1-473c-be38-7256bd1f8700,0,,32f241c0-9eea-11e9-8cbd-0242ac120006
c07bebf9-3dc4-4365-a976-b3f4ab117d1b,None,cbae4fa5-4717-4c6c-9b34-eb8d696a09ba,0,,32f241c0-9eea-11e9-8cbd-0242ac120006
0023d9d7-ba49-429f-9907-70e411eb094d,None,cbbbc576-3b42-11ea-b44d-0242ac130006,0,,32f241c0-9eea-11e9-8cbd-0242ac120006
62dee9f7-0570-4bd9-877e-c86e9faeab84,None,cc076a1e-4e0a-11ea-8083-0242ac130006,0,,32f241c0-9eea-11e9-8cbd-0242ac120006
b480ec55-16a7-4e8b-91ad-8488da9b99fb,None,ccb98862-3d06-11ea-a19a-0242ac130006,0,,32f241c0-9eea-11e9-8cbd-0242ac120006
c965f393-3f79-4ef8-a72b-0597298920b7,None,ccd765bc-e900-11e9-b125-0242ac130002,0,,32f241c0-9eea-11e9-8cbd-0242ac120006
08fa93b9-a0f0-49ce-8835-91fced70f731,None,ccfc9e0a-70ea-11ea-966a-0242ac130006,0,,32f241c0-9eea-11e9-8cbd-0242ac120006
5a20045f-0b06-4380-806c-67c58356c2c3,None,cd358e72-4b24-4377-9061-27b9e408dbb5,0,,32f241c0-9eea-11e9-8cbd-0242ac120006
6e393627-15ba-488c-82d7-34432d1bbe47,None,cdc824f7-fbb4-4aa3-b164-441876d29ed8,0,,32f241c0-9eea-11e9-8cbd-0242ac120006
69f896af-2221-49c1-9aa8-0786d9ae52d5,None,cdeafb74-f3cf-11e9-a3c8-0242ac130002,0,,32f241c0-9eea-11e9-8cbd-0242ac120006
12d6d669-eecb-44bf-96bc-4c5142c77dcb,None,ce814212-e698-11e9-8bc4-0242ac130002,0,,32f241c0-9eea-11e9-8cbd-0242ac120006
dcf2724e-49e2-4df2-a475-1e9567dc7952,None,ce9b3552-e916-11e9-b125-0242ac130002,0,,32f241c0-9eea-11e9-8cbd-0242ac120006
6c86544e-4914-404f-ba0c-ef4dd55004a4,None,ced28492-e666-11e9-b125-0242ac130002,0,,32f241c0-9eea-11e9-8cbd-0242ac120006
85e581ed-ae29-46ad-bdf9-7483dac47ff6,None,cf2cf2a2-fbb9-11e9-a3c8-0242ac130002,0,,32f241c0-9eea-11e9-8cbd-0242ac120006
f9885e0e-57d1-4c50-b403-3ce133b55686,None,cf39fef8-b9bb-4b7d-a27d-48b4b3750d7a,0,,32f241c0-9eea-11e9-8cbd-0242ac120006
949b85a9-ebf4-4c2b-abcc-1d061eed54f7,None,cfc0099e-f15d-4c3e-8d8f-e048222f7956,0,,32f241c0-9eea-11e9-8cbd-0242ac120006
3ab2261f-0d78-4740-882a-03795d6c761b,None,cfcdabd6-e80c-11e9-b125-0242ac130002,0,,32f241c0-9eea-11e9-8cbd-0242ac120006
da22ad04-5869-49a3-bd97-ec47b1ed2b8b,None,d024e070-e7f5-11e9-b125-0242ac130002,0,,32f241c0-9eea-11e9-8cbd-0242ac120006
24c78568-3bd8-43c6-bc75-a825ae90baf8,None,d05bfad4-e696-11e9-b125-0242ac130002,0,,32f241c0-9eea-11e9-8cbd-0242ac120006
47d30983-6b2c-4251-b69c-d0ea13061746,None,d134c8da-df36-486b-9582-93e5f2cf9146,0,,32f241c0-9eea-11e9-8cbd-0242ac120006
819d7e1e-6a7d-4a46-9e39-71f8500eebf1,None,d13be190-1750-11ea-ac74-0242ac130002,0,,32f241c0-9eea-11e9-8cbd-0242ac120006
2b859aba-ecbd-4a05-8b97-290cadf4adbf,None,d188f409-0b23-4616-93a8-6ba1fa524630,0,,32f241c0-9eea-11e9-8cbd-0242ac120006
bba63555-7f87-4cb2-a725-928382f8133e,None,d2578f40-cfce-4450-a8c1-3092c08ef487,0,,32f241c0-9eea-11e9-8cbd-0242ac120006
dd777b55-3e7a-4767-8b98-c61d1b7742f6,None,d292d972-7a85-4e3e-8af6-75db779adaab,0,,32f241c0-9eea-11e9-8cbd-0242ac120006
17ffdb71-37b2-4ec0-927a-d636a73855a2,None,d2d6cf8f-9c71-417f-b82c-89f487f13a74,0,,32f241c0-9eea-11e9-8cbd-0242ac120006
a420bb65-fd74-4eb7-b463-d297071bc434,None,d3c6eaf6-e76f-11e9-8bc4-0242ac130002,0,,32f241c0-9eea-11e9-8cbd-0242ac120006
a94afbec-d58c-4197-a5d4-931f189d100a,None,d3ebfce1-622b-4c10-b7a4-e827e24358be,0,,32f241c0-9eea-11e9-8cbd-0242ac120006
a6b6182a-eace-4dc1-b264-faf594d17299,None,d46efa17-704b-4706-be58-fe535e26bbfc,0,,32f241c0-9eea-11e9-8cbd-0242ac120006
d70ab159-0c7a-43d8-be85-86670f8ab8a4,None,d5354d0a-fb98-11e9-a3c8-0242ac130002,0,,32f241c0-9eea-11e9-8cbd-0242ac120006
c114332b-4bf7-4d87-8b04-8a598fafae9d,None,d5d76955-24df-4827-9df5-d9f9679da6b5,0,,32f241c0-9eea-11e9-8cbd-0242ac120006
2af700f8-aa8a-4aee-bdbf-3ae174e44cab,None,d62e32fe-b78c-43af-817c-edb16e6d7ae8,0,,32f241c0-9eea-11e9-8cbd-0242ac120006
fe9b8239-aaa4-457f-a2d6-725e85b88c5a,None,d642cefe-408c-4943-9405-b0aebe0d82a1,0,,32f241c0-9eea-11e9-8cbd-0242ac120006
f17e2260-c35b-4f5e-ab6b-4b212298ba1c,None,d691fdfc-ba4f-4035-b3cf-82e6a6b14169,0,,32f241c0-9eea-11e9-8cbd-0242ac120006
960bfcb9-88aa-460f-9ba0-d88028318c85,None,d7c4e686-d20c-4141-9a25-dfc5d3ccab45,0,,32f241c0-9eea-11e9-8cbd-0242ac120006
a54db36b-c5d7-4329-a8b6-a58387938138,None,d7d38dd2-f338-11e9-8649-0242ac130002,0,,32f241c0-9eea-11e9-8cbd-0242ac120006
ab0c5f8a-2a5b-4a94-b796-7b13f97254a3,None,d966be8e-e82b-11e9-8bc4-0242ac130002,0,,32f241c0-9eea-11e9-8cbd-0242ac120006
29246d40-3f99-4205-b62b-deca5b5ad355,None,da572af6-f404-11e9-a3c8-0242ac130002,0,,32f241c0-9eea-11e9-8cbd-0242ac120006
a9bc0ea9-c339-4335-aca3-237e017b649a,None,dacad8ea-e7e1-11e9-b125-0242ac130002,0,,32f241c0-9eea-11e9-8cbd-0242ac120006
b45f9f8c-7ad3-4aa2-b3e4-74350f21819c,None,dad90976-01e3-11ea-8f3c-0242ac130002,0,,32f241c0-9eea-11e9-8cbd-0242ac120006
7db8dc7c-0917-4cc8-a402-be69f030cbf2,None,db4d5da7-cd79-4f96-b624-d28bdef73274,0,,32f241c0-9eea-11e9-8cbd-0242ac120006
e061b4f4-1b2e-4760-945b-15f17c997515,None,dbee183c-e72c-11e9-b125-0242ac130002,0,,32f241c0-9eea-11e9-8cbd-0242ac120006
649d560f-f671-4a23-999f-3783617956d7,None,dc5306f4-f571-11e9-8649-0242ac130002,0,,32f241c0-9eea-11e9-8cbd-0242ac120006
4ab3f979-cdeb-4840-9f9e-791e8cbc3775,None,dc691a70-2258-11ea-b9b1-0242ac130002,0,,32f241c0-9eea-11e9-8cbd-0242ac120006
8e084141-d458-401f-a2d5-f6a386b6a007,None,dcf4fb94-4f23-4804-967a-f9c7b13910bc,0,,32f241c0-9eea-11e9-8cbd-0242ac120006
3c7e59cf-7e14-4267-bc31-5505b75aaee7,None,dcfad1e4-d632-11e9-a1bd-0242ac140006,0,,32f241c0-9eea-11e9-8cbd-0242ac120006
84e27307-b148-4ae0-85d2-5005daec04ab,None,dcfc4ed2-e74b-11e9-8bc4-0242ac130002,0,,32f241c0-9eea-11e9-8cbd-0242ac120006
e1b1dcf7-da7c-4bf0-94eb-896aedcd38af,None,dd8ad654-e91a-11e9-b125-0242ac130002,0,,32f241c0-9eea-11e9-8cbd-0242ac120006
95c80846-f132-4030-91a9-9d6fe56895b8,None,de276e42-6b9c-11ea-b4c2-0242ac130006,0,,32f241c0-9eea-11e9-8cbd-0242ac120006
2e428a6e-7bff-492c-b04e-719d0539de1a,None,df0f0bae-e699-11e9-8bc4-0242ac130002,0,,32f241c0-9eea-11e9-8cbd-0242ac120006
a08a2d1e-3acd-44cd-a610-9ba6ecf3464a,None,dfb6f035-9e37-4acc-a608-0d3b85d66491,0,,32f241c0-9eea-11e9-8cbd-0242ac120006
7d0f92bf-f21a-44d3-bfcf-63432deda794,None,e0659b0d-4f7f-4f56-a3ff-09b266dc3518,0,,32f241c0-9eea-11e9-8cbd-0242ac120006
bf02b473-a3c6-4fe6-bf2a-3dbacca84ae2,None,e0a00834-5fbf-11ea-b4c2-0242ac130006,0,,32f241c0-9eea-11e9-8cbd-0242ac120006
9f32640c-0297-453c-aae7-c5e800f8611f,None,e20b2c0e-e741-11e9-8bc4-0242ac130002,0,,32f241c0-9eea-11e9-8cbd-0242ac120006
bdd48863-0b50-4913-be4a-0f2e2e17d163,None,e2371888-e6b9-11e9-b125-0242ac130002,0,,32f241c0-9eea-11e9-8cbd-0242ac120006
0aad5f1a-56e2-4798-bbe0-55ec4cb07cd2,None,e24051bb-caf5-4479-b3e7-e8252a550661,0,,32f241c0-9eea-11e9-8cbd-0242ac120006
6124c8da-60c6-4998-8704-6f6f9e2de95a,None,e273afc4-5fc1-11ea-b4c2-0242ac130006,0,,32f241c0-9eea-11e9-8cbd-0242ac120006
65c3fec9-a2e5-4487-b26f-7f2816eace11,None,e275f09c-d920-492e-a565-dacb55ddc4ae,0,,32f241c0-9eea-11e9-8cbd-0242ac120006
ec0046b7-ead0-47a3-9228-202af36f1bcb,None,e2e7bd8e-e81a-11e9-b125-0242ac130002,0,,32f241c0-9eea-11e9-8cbd-0242ac120006
54e4dc69-7313-4b7e-b8f2-f62535a51069,None,e3074532-e806-11e9-8bc4-0242ac130002,0,,32f241c0-9eea-11e9-8cbd-0242ac120006
41154530-d4de-4675-b4c5-5e2d8b08cb96,None,e333b4f4-6caf-11ea-b4c2-0242ac130006,0,,32f241c0-9eea-11e9-8cbd-0242ac120006
51fe2733-5f41-4546-90c8-7286b3c68714,None,e36d8152-e695-11e9-b125-0242ac130002,0,,32f241c0-9eea-11e9-8cbd-0242ac120006
ff763918-4133-448c-b624-bce2f0eb4dc5,None,e4596c18-3c68-424b-ad72-eecd068f1ee9,0,,32f241c0-9eea-11e9-8cbd-0242ac120006
3ef1abc8-c096-49fa-a646-044be08526d0,None,e499ec9a-e66e-11e9-8bc4-0242ac130002,0,,32f241c0-9eea-11e9-8cbd-0242ac120006
775228fc-5c20-4eaf-8c47-f8cb115abaca,None,e4d19336-e8d3-11e9-b125-0242ac130002,0,,32f241c0-9eea-11e9-8cbd-0242ac120006
4c82e5ff-1bbf-40d0-b96c-dc23039cd45e,None,e4dcd814-3927-11ea-a19a-0242ac130006,0,,32f241c0-9eea-11e9-8cbd-0242ac120006
87b3d726-a980-4444-8d34-57fee20443dc,None,e4fe41d3-ce80-44ea-a77d-df8e00c5ea57,0,,32f241c0-9eea-11e9-8cbd-0242ac120006
989e1804-3e7d-4fd7-9057-b627bd32eb9e,None,e5618dda-e5f2-11e9-b125-0242ac130002,0,,32f241c0-9eea-11e9-8cbd-0242ac120006
c6afe72f-daec-4c47-80e5-7124b6d3c9a3,None,e57655fd-5077-44a7-96f2-23039e15b134,0,,32f241c0-9eea-11e9-8cbd-0242ac120006
bf53ab12-33a5-4c30-ad55-95e85d32790a,None,e5aeceb8-4297-11ea-b44d-0242ac130006,0,,32f241c0-9eea-11e9-8cbd-0242ac120006
45402ae4-826b-4397-955c-340921362578,None,e5d8a76a-e671-11e9-b125-0242ac130002,0,,32f241c0-9eea-11e9-8cbd-0242ac120006
d4aa0e30-d355-431a-b078-a9c92e7dfc20,None,e610f418-4d5e-11ea-8083-0242ac130006,0,,32f241c0-9eea-11e9-8cbd-0242ac120006
1db05d7a-422a-46f0-b4a6-6722d5ce99aa,None,e67206a4-e913-11e9-8bc4-0242ac130002,0,,32f241c0-9eea-11e9-8cbd-0242ac120006
346ef23c-fddb-4077-8e1c-b7c9e6396a08,None,e6bb5368-4296-11ea-a19a-0242ac130006,0,,32f241c0-9eea-11e9-8cbd-0242ac120006
b6dad47f-ec10-40f5-8e49-218e92392459,None,e6c73144-fadc-11e9-8649-0242ac130002,0,,32f241c0-9eea-11e9-8cbd-0242ac120006
625d25c0-b666-4e81-880f-d32cf11bd8ea,None,e6f72884-e774-11e9-b125-0242ac130002,0,,32f241c0-9eea-11e9-8cbd-0242ac120006
32d4bcf3-6d8f-454a-a6d3-130eb5b27438,None,e7151050-eb4e-11e9-b125-0242ac130002,0,,32f241c0-9eea-11e9-8cbd-0242ac120006
93b72f6e-8b09-410d-a3f0-8166b0b743e3,None,e73522eb-0ce8-4bca-99a2-add0f09eb964,0,,32f241c0-9eea-11e9-8cbd-0242ac120006
8ad3c6d9-a21d-4cff-aad3-f54b6d1ecbe6,None,e73fb90e-4a7e-4ec5-b889-774943bba723,0,,32f241c0-9eea-11e9-8cbd-0242ac120006
f405f437-d782-4f0f-b2b6-3efbed9e022e,None,e78429eb-76fd-429a-869b-d06884f69467,0,,32f241c0-9eea-11e9-8cbd-0242ac120006
18f1fb8b-d89c-4e39-8d14-73b541dab735,None,e7ad4210-ca99-11e9-b993-0242ac140002,0,,32f241c0-9eea-11e9-8cbd-0242ac120006
5f3e21c4-aed6-45ee-9484-38b807a96ea2,None,e82b6796-485c-4df1-8a87-31fb7b52abb4,0,,32f241c0-9eea-11e9-8cbd-0242ac120006
8f2c5035-17d3-4498-8edc-2a61939e72df,None,e862d312-eb57-11e9-8bc4-0242ac130002,0,,32f241c0-9eea-11e9-8cbd-0242ac120006
2a08d000-30e3-43ae-81d0-f8738c37d4b7,None,e95e1763-b6b3-4c0a-a4e1-53b38bc7b043,0,,32f241c0-9eea-11e9-8cbd-0242ac120006
071f6fc2-56d3-43d2-8634-7df5b7fecc35,None,e991cf24-3051-11ea-a67f-0242ac130002,0,,32f241c0-9eea-11e9-8cbd-0242ac120006
4bb572bc-f8d7-47c0-8819-e89337ee2ca0,None,eb386850-e4f3-11e9-b125-0242ac130002,0,,32f241c0-9eea-11e9-8cbd-0242ac120006
8f17f9b7-5d2b-4c6d-bdbd-7ea82e969a0a,None,eb54e4f6-e4e6-11e9-b125-0242ac130002,0,,32f241c0-9eea-11e9-8cbd-0242ac120006
28e660b2-b5f8-4303-86b8-546cc43f1738,None,ec53aef0-70f0-11ea-b99f-0242ac130006,0,,32f241c0-9eea-11e9-8cbd-0242ac120006
c54004ae-833b-4819-8c51-5d46f501a645,None,ec58b581-a7d0-4a3c-a45d-a7a83107b3d1,0,,32f241c0-9eea-11e9-8cbd-0242ac120006
b1ac54ab-9a49-4cdb-9624-15a1645e7340,None,ec8d43e6-bcd6-4904-b80e-436fcc0bfcea,0,,32f241c0-9eea-11e9-8cbd-0242ac120006
1df6099e-cb3e-49a7-b01b-d216431612eb,None,ecd19c3d-9488-4859-83b4-482e26daa713,0,,32f241c0-9eea-11e9-8cbd-0242ac120006
85ad57c4-c59b-4da8-8faa-b7136584b846,None,ece92710-65d8-47be-b6bf-126099f3d742,0,,32f241c0-9eea-11e9-8cbd-0242ac120006
9d256ca0-b718-4813-bcdf-c11d0d172930,None,ee6be98a-0ace-4c06-bb8c-a47c941fced7,0,,32f241c0-9eea-11e9-8cbd-0242ac120006
9b038a52-4ecd-4ed5-ba96-7cf0f8be5c65,None,eed34321-7e6d-44a6-840f-68589d631b8b,0,,32f241c0-9eea-11e9-8cbd-0242ac120006
c871b95e-6fbe-4af1-84b3-2eb6ec73e1cf,None,ef590bc6-cbf6-4903-a8ad-37a529030f6f,0,,32f241c0-9eea-11e9-8cbd-0242ac120006
981014ca-0cc1-482d-98c3-d2525cf15949,None,ef7069e0-9e23-4cb6-8af4-b5220d7197b0,0,,32f241c0-9eea-11e9-8cbd-0242ac120006
60aafdce-d960-40be-ae4e-f87841713490,None,effa4b2e-069a-11ea-8a1c-0242ac130002,0,,32f241c0-9eea-11e9-8cbd-0242ac120006
6c5dfe27-7c5a-40e5-b49c-241753de7d67,None,f0ef1474-eb56-11e9-b125-0242ac130002,0,,32f241c0-9eea-11e9-8cbd-0242ac120006
9687316e-8a47-491d-953b-aaf8f5cdd5e9,None,f12a1f58-ca48-11e9-b993-0242ac140002,0,,32f241c0-9eea-11e9-8cbd-0242ac120006
11d456c1-41d2-401f-ac16-d7f12801e697,None,f17e763a-e815-11e9-b125-0242ac130002,0,,32f241c0-9eea-11e9-8cbd-0242ac120006
fdc66c5f-7ce3-4244-9178-9bfddfc4e347,None,f1dcfeda-d07d-11e9-8411-0242ac140006,0,,32f241c0-9eea-11e9-8cbd-0242ac120006
678b5627-301d-475e-892d-22de7ff8fb1f,None,f1f7e39a-cb04-11e9-b993-0242ac140002,0,,32f241c0-9eea-11e9-8cbd-0242ac120006
a7584aff-e5a0-4a14-8636-c5bdcd21caf1,None,f2154aee-e656-11e9-b125-0242ac130002,0,,32f241c0-9eea-11e9-8cbd-0242ac120006
c8148f16-dd3c-479c-978f-9b0e5b29b061,None,f26daa2c-d0cf-44c1-beb6-93d190d93e10,0,,32f241c0-9eea-11e9-8cbd-0242ac120006
174f51a1-1235-427f-a592-cfdd4b830273,None,f2e86f2f-a0eb-4fe8-b090-0677d63bdc5f,0,,32f241c0-9eea-11e9-8cbd-0242ac120006
82361dab-aaa5-4a8e-85dc-c1b4b7e15697,None,f360c428-f18c-11e9-8649-0242ac130002,0,,32f241c0-9eea-11e9-8cbd-0242ac120006
dfb9c70c-55a5-4295-a7bc-bb20acd7b2c2,None,f3be59cc-e6a0-11e9-8bc4-0242ac130002,0,,32f241c0-9eea-11e9-8cbd-0242ac120006
59b68e1d-fe3a-4bba-9166-379f7b3e78ce,None,f3e7c4ba-cad8-4f46-97ab-af7388f9a744,0,,32f241c0-9eea-11e9-8cbd-0242ac120006
4bb7934c-ed74-4aca-aa34-a93bc9893a1d,None,f40297a8-5fc8-11ea-b4c2-0242ac130006,0,,32f241c0-9eea-11e9-8cbd-0242ac120006
c4ad0f6e-31ee-4c6a-9a46-2787deedd8ef,None,f5665e6f-bda0-4b92-8c79-f5f68e11c896,0,,32f241c0-9eea-11e9-8cbd-0242ac120006
85daa399-de3f-4d2c-8d4e-291419820c1f,None,f6968910-e8f0-11e9-b125-0242ac130002,0,,32f241c0-9eea-11e9-8cbd-0242ac120006
adc8fec8-a6df-49b9-b36a-b6b23f3373f5,None,f7773bd2-1f14-4d59-890c-52b8d6bee5ae,0,,32f241c0-9eea-11e9-8cbd-0242ac120006
6025ff3c-ed55-41c6-97b8-8b2427346522,None,f7f45a9a-350f-49bb-ae23-647492f2c434,0,,32f241c0-9eea-11e9-8cbd-0242ac120006
7cc7e9fa-7e93-4619-926b-262eea97ef2b,None,f8366c56-539c-11ea-b4c2-0242ac130006,0,,32f241c0-9eea-11e9-8cbd-0242ac120006
65384de0-8dc9-49d3-a114-dd33c6bfd80c,None,f8a2590f-ed13-4cab-b2e4-b8049f306f3e,0,,32f241c0-9eea-11e9-8cbd-0242ac120006
37589296-0daa-47b0-9a40-91fe3864a2eb,None,f96c7cf2-e923-11e9-b125-0242ac130002,0,,32f241c0-9eea-11e9-8cbd-0242ac120006
4735de74-38cf-4a9f-a655-c38563744b12,None,f99b4e0e-6215-11ea-b4c2-0242ac130006,0,,32f241c0-9eea-11e9-8cbd-0242ac120006
e6e32320-1177-4cf7-b43b-039f7486a2ec,None,f99c8d9c-baae-49b1-87f7-95f8e9003d90,0,,32f241c0-9eea-11e9-8cbd-0242ac120006
dd9d1076-1db8-4a65-86a5-e4fc884dbfd3,None,f9cdfd48-e837-11e9-b125-0242ac130002,0,,32f241c0-9eea-11e9-8cbd-0242ac120006
18e16eba-7a30-401f-9d12-e5e3bc0abd92,None,fb356352-3c14-11ea-a19a-0242ac130006,0,,32f241c0-9eea-11e9-8cbd-0242ac120006
adb5fd22-407f-46d5-b861-b4ff8dbe94f9,None,fbe267a8-f346-11e9-8649-0242ac130002,0,,32f241c0-9eea-11e9-8cbd-0242ac120006
51ab46a6-912f-4a00-838b-9befb1873c61,None,fc1db1e6-4fae-4899-816a-e3c4d3da77d4,0,,32f241c0-9eea-11e9-8cbd-0242ac120006
45146d2f-ca27-42be-9aeb-6a3e590133b7,None,fcae3dbe-e8ac-11e9-b125-0242ac130002,0,,32f241c0-9eea-11e9-8cbd-0242ac120006
2ee18c90-12be-4e65-9566-3c678e3850c0,None,fdb33072-2257-11ea-b82d-0242ac130002,0,,32f241c0-9eea-11e9-8cbd-0242ac120006
d082d8fd-d87d-4e27-9f33-92ac8d1d1ec8,None,fe209a6f-0543-4c9d-96d6-d5bbb307c227,0,,32f241c0-9eea-11e9-8cbd-0242ac120006
1602c8a2-1f98-4351-8fc7-a87d4044d3f9,None,fe6ac976-a5a9-433d-96fa-23480b8ce6ba,0,,32f241c0-9eea-11e9-8cbd-0242ac120006
8b0267ef-3ee0-49e0-b20d-d4ae89f43384,None,fe81f05f-963f-4b0b-a5cd-e29d4c7920a8,0,,32f241c0-9eea-11e9-8cbd-0242ac120006
d3de366e-07f6-44cd-90ce-a26dadd70559,None,fecc17c8-e678-11e9-b125-0242ac130002,0,,32f241c0-9eea-11e9-8cbd-0242ac120006
bc7e5d06-4430-4e0d-8bcb-98ecee4dd8c7,None,ff0d1c8e-ec6c-4946-b5b6-144827f3bdbc,0,,32f241c0-9eea-11e9-8cbd-0242ac120006
663c6bad-430d-4baf-bc51-657d7b1ac1b8,None,ff7398f9-1bb2-4e4e-ba9b-c985565f74a7,0,,32f241c0-9eea-11e9-8cbd-0242ac120006
