tileid,parenttile_id,resourceinstance_id,Capital Width,Iconographical and decorative motifs,Column Width,Column Height,Cakula Depth,Cakula Height,Column Depth,Capital Depth,Forms of columns,Capital Height,Lintel depth,Lintel Height,Lintel width,Cakula Width,sortorder,provisionaledits,nodegroup_id
658c3084-65fb-4555-8c35-bab56c2fe356,6a1c4509-2c5a-4b20-9a61-874448cd6e24,00fd72ab-5246-418e-b001-825a2f227a57,,,30.0,,,,30.0,,Round,,,,,,0,,32f23cd4-9eea-11e9-8cbd-0242ac120006
0740735f-2e26-4fe6-a7cb-4ea607057983,9c60d139-48be-4e8d-a927-79d30d69eed4,01610bbc-5297-47cf-9164-9fa4f72a15a8,0.0,,0.0,0.0,0.0,0.0,0.0,0.0,,0.0,0.0,0.0,,0.0,0,,32f23cd4-9eea-11e9-8cbd-0242ac120006
0bbdd5f5-9bd2-4566-b613-75323d20e2fa,f2a95745-a235-40a8-9ea1-80418550a537,01c33990-cd66-4e1e-8d92-e3fb8e2ab5ee,0.0,,0.0,0.0,0.0,0.0,0.0,0.0,,0.0,0.0,0.0,,0.0,0,,32f23cd4-9eea-11e9-8cbd-0242ac120006
26472361-b7c8-4fc5-9f2e-4a3594b0304d,e0949e76-f4c4-4b10-8dcf-e2a759bc1b6e,01de2008-1b9b-41d9-821a-b1eb6693db80,93.0,,15.0,194.0,25.0,,15.0,15.0,Square,15.0,18.0,15.0,,25.0,0,,32f23cd4-9eea-11e9-8cbd-0242ac120006
f259ecaf-6ec5-449e-9f82-f2e7c06faeed,59224de4-e1ea-4dca-bd42-4b6b4b4f7a49,01ee9fc5-6bbb-4896-bd83-9e5b60cee96e,,,,,,,,,,,,,,,0,,32f23cd4-9eea-11e9-8cbd-0242ac120006
5b726e7d-da54-4bfd-9322-eb955c7ca7c2,8eecd993-20a8-4626-acd5-7db701a64cc8,03ab0902-61c8-4458-8eee-f23e345d9372,73.0,,15.0,167.0,0.0,0.0,15.0,15.0,Square,15.0,14.0,14.0,,0.0,0,,32f23cd4-9eea-11e9-8cbd-0242ac120006
53d4a69b-886c-4bd8-93b3-edcafa3ac12b,3363e158-b7bd-48ba-9048-935ece561c4c,05e2a35c-e8d5-11e9-8bc4-0242ac130002,,,,150.0,,,,,Round,,,,,,0,,32f23cd4-9eea-11e9-8cbd-0242ac120006
86fdc040-16ca-4fb2-bda6-2555dea2f596,5865848b-ee42-41c0-ad19-f73e9e983451,0687a32c-e7e8-11e9-8bc4-0242ac130002,14,,16,184,,,12,10,Rectangular,82,,,,,0,,32f23cd4-9eea-11e9-8cbd-0242ac120006
1d2e5bdd-75b3-4b98-86c5-a2c06b55e0cf,e53687b7-1b82-4af5-88cf-a1ebe8157b49,06a4360c-e5ec-11e9-b125-0242ac130002,,,32,240.0,,,28,,Square,,,,,,0,,32f23cd4-9eea-11e9-8cbd-0242ac120006
16ffca53-f646-4dd8-9c2c-fe098fc06cf9,21d65540-7283-451e-a450-66ba8e8e9f7a,06d2c415-2c7e-4d6f-9617-2b1eb6ab8c4a,135.0,,20.0,185.0,0.0,0.0,20.0,20.0,Square,20.0,20.0,20.0,,0.0,0,,32f23cd4-9eea-11e9-8cbd-0242ac120006
9a4820e7-16d4-4f25-89cf-b9e0465ec070,0cf4a57b-31c1-4f10-a1fb-7d7f5696ccb8,0706813a-e81d-11e9-8bc4-0242ac130002,12,Vegetal motifs,16,193,,,16,17,Square,77,27,17.0,17,,0,,32f23cd4-9eea-11e9-8cbd-0242ac120006
8bb59056-c3a8-407b-ac7a-05eb3db5b51b,c65be412-1f2a-41ea-83d1-017df398294f,08473132-9181-44fe-8412-4d89e5dd27e4,,,,,,,,,Square,,,,,,0,,32f23cd4-9eea-11e9-8cbd-0242ac120006
2e5862e0-4202-4396-b86c-4995ef613feb,a7b281d2-0381-423d-b7ac-9f7cf4f91af1,09670bee-ec13-11e9-b125-0242ac130002,13,,17,182,,,17,17,Square,108.0,17,,18,,0,,32f23cd4-9eea-11e9-8cbd-0242ac120006
34162e62-e37d-4312-a8a4-fd6c9bd9bf37,79d6d1be-25d5-48bd-8bc1-1b51e8ae3bee,09cff614-e084-49eb-9fd7-7e4eb20cd37d,0.0,,0.0,0.0,0.0,0.0,0.0,0.0,,0.0,0.0,0.0,,0.0,0,,32f23cd4-9eea-11e9-8cbd-0242ac120006
75e13f7f-40c4-4a68-b59b-6ca955a1d442,fa90d5f0-d3c2-4a4d-b81f-6483b8f2b7e0,0b6871b6-44e1-45f4-9074-005d6e68a28e,114.0,,20.0,158.0,29.0,7.0,20.0,20.0,Square,20.0,20.0,20.0,,29.0,0,,32f23cd4-9eea-11e9-8cbd-0242ac120006
ac83e9b8-1066-454f-acb4-448da2700c4b,e62decc6-6c8a-421c-8d39-4e76cced4331,0be328fe-020b-11ea-a389-0242ac130002,95,,13,163,19,7,13,12,Square,12,12,15.0,,19,0,,32f23cd4-9eea-11e9-8cbd-0242ac120006
7b56c93d-3fb4-412a-b7de-e39de4512f99,9ba2106e-05f8-432c-943a-fd71f9d1bf0e,0c6b269c-e676-11e9-8bc4-0242ac130002,16,,21,170.5,,,21,16,Square,111.0,22.5,,16,,0,,32f23cd4-9eea-11e9-8cbd-0242ac120006
7b55902a-4062-48ad-b9ab-03c558234649,307165da-0241-4d1a-bd59-78ff6ba7f547,0cb251ee-3005-42d3-bc37-fe6cfbb30747,0.0,,0.0,0.0,0.0,0.0,0.0,0.0,,0.0,0.0,0.0,,0.0,0,,32f23cd4-9eea-11e9-8cbd-0242ac120006
989881aa-1220-482b-bde1-c53994476a10,fb17fc91-d6d7-487d-80c4-7085505b6e80,0cbfabb8-e699-11e9-b125-0242ac130002,,,18,190.0,,,18,,Square,,,,18,,0,,32f23cd4-9eea-11e9-8cbd-0242ac120006
2afdf81b-9464-41ab-b084-001e1cc382b1,c9790199-3e4e-45de-ab9a-81afe8074c9c,0d6f474f-c0fe-456c-8b09-c85c8f15ed9f,92.0,,15.0,167.0,25.0,7.0,15.0,15.0,Square,15.0,15.0,15.0,,25.0,0,,32f23cd4-9eea-11e9-8cbd-0242ac120006
60db43c7-67f5-41b4-8a51-8806ef61e8d8,80119cdb-2252-4445-a5ac-d023dad33c67,0fb3ffc0-395f-42e9-bece-bba42a1c530b,67.0,,12.0,182.0,0.0,0.0,10.0,12.0,Rectangular,8.0,10.0,10.0,,0.0,0,,32f23cd4-9eea-11e9-8cbd-0242ac120006
d4f782fe-ea6c-49cd-88e9-957173c6e4a8,506ad445-418c-4fae-a7ae-802f69b93882,109ab54a-e9a3-11e9-8bc4-0242ac130002,75,,12.5,171,,,12.5,12,Square,12,25,25.0,25,,0,,32f23cd4-9eea-11e9-8cbd-0242ac120006
37409d05-c512-4bc2-a37b-5d5b5eb36e35,b58442e3-8715-41c6-998c-1e74fd528f6d,1165bb2e-eb1e-11e9-8bc4-0242ac130002,0,,18,169,12,,13,0,Square,0.0,,,10,10,0,,32f23cd4-9eea-11e9-8cbd-0242ac120006
16fc9fc3-0e77-4796-a833-3cdd9d282c0b,17dbf718-6e97-4e82-a7dc-0a90e9f34d72,1176053e-eb54-11e9-8bc4-0242ac130002,86,,12,147,20,7,14,12,,12,10,13.5,,20,0,,32f23cd4-9eea-11e9-8cbd-0242ac120006
2c2ef3d8-5962-43ce-aa70-87bfd6236b07,08561bd0-f4c3-497e-9d20-152ad8c0da9c,12c555ec-ea9c-11e9-8bc4-0242ac130002,11,,12,154,24,4,12,12,Square,,,,,24,0,,32f23cd4-9eea-11e9-8cbd-0242ac120006
3a18c705-5efc-4c45-892f-3b6e47317e5b,d1d5c532-1611-45a5-a7e8-455ca364622f,12f3faf5-d915-4a52-a73d-f19bd71e411a,68.0,,17.0,148.0,0.0,0.0,17.0,17.0,,17.0,17.0,17.0,,0.0,0,,32f23cd4-9eea-11e9-8cbd-0242ac120006
ff0745f0-03ed-4ece-9ca4-4747122486c6,84a69222-c393-43ed-ad68-4f07bc9fadc4,138e0452-8e6c-4b68-8410-b5263da353a8,,,36.0,210.0,,,36.0,,Square,,,,,,0,,32f23cd4-9eea-11e9-8cbd-0242ac120006
57852770-35b4-4fd4-8cdd-ded712860f7d,11974410-45fa-4766-8e0e-8cf02bddef1d,13b0e238-70ba-11ea-b99f-0242ac130006,127.0,,20.0,169.0,70.0,10.0,20.0,20.0,Square,24.0,20.0,20.0,,37.0,0,,32f23cd4-9eea-11e9-8cbd-0242ac120006
95d692db-391c-43b6-9f6a-504800ce904e,e01fd0de-00d7-4094-b19d-2a8901e59295,143332de-342b-4f52-92ac-dd1b5accd1ea,,,,,,,,,"Round,Square",,,,,,0,,32f23cd4-9eea-11e9-8cbd-0242ac120006
ae70cd6c-8ee1-4bd7-8261-7335282c40ed,534793b1-a0aa-4dbf-abde-43c3c6b5dcf0,143b3eaf-9561-4dbe-8f57-5b84756b8865,,,0.0,,,,0.0,,,,,,,,0,,32f23cd4-9eea-11e9-8cbd-0242ac120006
1de2708f-6062-4c8a-a5a3-c9f79a24280f,b8dabf17-44e1-4f9f-b702-2ea1aa8304fc,147f9da8-5a54-438d-b51e-1d473f23b374,105.0,,16.0,161.0,0.0,0.0,16.0,16.0,Square,15.0,12.0,20.0,,0.0,0,,32f23cd4-9eea-11e9-8cbd-0242ac120006
c10e8280-88df-4c1c-8ca2-12a8883af456,c1105eb1-1747-49ac-bbd7-0bf2d68f0a2a,14b65b9e-1869-4c2a-b0d4-d013efe48da0,77.0,,12.0,180.0,0.0,0.0,12.0,12.0,Square,10.0,12.0,10.0,,0.0,0,,32f23cd4-9eea-11e9-8cbd-0242ac120006
07ca9450-0e1c-46e6-b0ae-f5c42995e994,1d8329d1-d14f-46bd-99cb-63b004de75d9,154297b7-c1ca-4eca-813e-774c28a7f805,77.0,,15.0,193.0,24.0,5.0,15.0,14.0,Square,14.0,14.0,14.0,,24.0,0,,32f23cd4-9eea-11e9-8cbd-0242ac120006
4fedb218-5c94-408f-a1a0-b344bfde88a2,180acd4c-e7f3-4221-a97e-52b842824467,15613d2a-e91b-11e9-b125-0242ac130002,,,13,150.0,,,13,,Square,,,,,,0,,32f23cd4-9eea-11e9-8cbd-0242ac120006
8b7da6b6-9cbf-4822-a670-8e75b74fbd72,f94678e4-1d68-4e37-9533-237b4efe6b56,15a0ed8d-f812-482f-98fc-a61b6704b12f,70.0,,9.0,152.0,0.0,0.0,9.0,9.0,Square,9.0,9.0,11.0,,0.0,0,,32f23cd4-9eea-11e9-8cbd-0242ac120006
1b083eae-9ed8-44c0-ab8f-cb070d1d0ce8,5e124c52-ef26-4322-998b-578e34a3016f,15d6cfa0-0cb8-4616-8eed-9219ddbb76e3,100.0,,18.0,166.0,30.0,8.0,18.0,17.0,Square,17.0,17.0,20.0,,30.0,0,,32f23cd4-9eea-11e9-8cbd-0242ac120006
eda0daf1-ba67-437c-8d96-3b0a21afb553,3116193f-e97d-4b5f-90d5-3e08a91f7ceb,160dcc4f-6d81-421d-9eda-0fb8d248513c,,,0.0,,,,,,,,,,,,0,,32f23cd4-9eea-11e9-8cbd-0242ac120006
43c2ce9c-4e80-4528-9706-91792372c9fc,3ef3273d-5c5b-4230-acb8-d0927d5f1dd3,16f8b0dc-e9b1-11e9-8bc4-0242ac130002,124,,,,35,8.0,,19,Square,22,22,,18,93,0,,32f23cd4-9eea-11e9-8cbd-0242ac120006
aa4bc6c6-413b-415c-99a3-af53f933db21,74e47017-16c2-4923-a2c7-bed21cef4004,170a68d0-e68d-11e9-b125-0242ac130002,,,13,168,,,13,90,Square,,14.0,,14,,0,,32f23cd4-9eea-11e9-8cbd-0242ac120006
d20a56b5-c6d3-4df3-a62b-9214f4db3416,b4e0c794-523b-437f-aaf8-6f076cf6eb72,1724e57b-b911-48c1-ab87-68c43a852a64,105.0,,17.0,164.0,32.0,6.0,17.0,17.0,Square,14.0,17.0,13.0,,32.0,0,,32f23cd4-9eea-11e9-8cbd-0242ac120006
d8715e1f-412a-4268-8d52-5cc71b08d172,12a90264-6c18-48a0-ba82-17d5a70f6ec1,1798db32-ecce-11e9-8bc4-0242ac130002,13.0,,15,185,,,15,15,Square,,,,,,0,,32f23cd4-9eea-11e9-8cbd-0242ac120006
dde33c9c-6ba5-45cb-b502-37fe06340314,d90dddf3-6113-4f56-8670-246f505cc1ee,1914bb16-0362-11ea-a389-0242ac130002,81,,15,196,0,0,15,20,Square,12,20,15,,0,0,,32f23cd4-9eea-11e9-8cbd-0242ac120006
4839746b-404c-40c5-9053-8f8f0760d6b2,4841e186-16d0-4d04-b11a-7a135c932639,1a039922-09eb-11ea-8a1c-0242ac130002,127.0,,25,168,43,43,25,17,Square,23,,,,8,0,,32f23cd4-9eea-11e9-8cbd-0242ac120006
e3f0c433-8e6a-41d3-895b-82a95259687e,251f0204-e90d-4a7c-ad88-4a4fb7eea01d,1a0a8ea8-eff1-11e9-a3c8-0242ac130002,83,,18,160,23,8,18,15,Square,9.0,47,12,,60,0,,32f23cd4-9eea-11e9-8cbd-0242ac120006
0a8c80d5-acc7-4417-92a8-0a9452a2d8f9,04304f8e-8654-481d-a450-e8b831dcb906,1a5335da-e755-11e9-b125-0242ac130002,,,18,143.0,,,18,,Octagonal,,,,,,0,,32f23cd4-9eea-11e9-8cbd-0242ac120006
8c903971-cc6f-4472-87c8-b656428d857d,116c0b35-3b8d-4495-8527-cfcca4965d88,1a7f3f24-ec12-11e9-8bc4-0242ac130002,14,,18,190,,,18,18,Square,106.0,24,,33,,0,,32f23cd4-9eea-11e9-8cbd-0242ac120006
fd7c3354-6a52-4675-aff6-3987cc0dbbb2,b7f9c4f3-7a3b-4e07-a652-967890817f0a,1b0a5033-a1ca-4049-8d6f-d1c7b243eabe,151.0,,30.0,180.0,45.0,10.0,30.0,25.0,Square,25.0,25.0,22.0,,45.0,0,,32f23cd4-9eea-11e9-8cbd-0242ac120006
4d53838f-a602-424f-801e-aa84139c4a9e,07feadab-7ff4-4826-8b44-018da70a356c,1c2db54a-e68f-11e9-b125-0242ac130002,,,52,213,,,52.0,,Square,,33,,25,,0,,32f23cd4-9eea-11e9-8cbd-0242ac120006
c3959d15-dea1-4923-989b-9f54771cbc6d,6b365e78-47b2-4e2d-bde2-e7b272ac97ca,1cfe28d3-c6cb-4d26-8f94-f3e189e7a502,128.0,,18.0,162.0,0.0,0.0,18.0,18.0,,18.0,25.0,20.0,,0.0,0,,32f23cd4-9eea-11e9-8cbd-0242ac120006
380c0cd0-ca83-408f-9ae1-118bc7373134,d88ba9db-5345-4c6d-a940-2240badf2ea7,1fd94780-2644-42d6-bae5-74e6bdfa2abc,78.0,,15.0,175.0,0.0,0.0,15.0,15.0,Square,12.0,15.0,14.0,,0.0,0,,32f23cd4-9eea-11e9-8cbd-0242ac120006
5cc4650f-3292-463f-bea0-4b6a72d0505f,61db8e35-2ff4-4670-9d61-943d2a8236e1,204170f8-e23a-4811-a8c3-aa77b9a792c6,0.0,,0.0,0.0,0.0,0.0,0.0,0.0,,0.0,0.0,0.0,,0.0,0,,32f23cd4-9eea-11e9-8cbd-0242ac120006
47fd3428-6fe3-4298-97c9-d0d7062325c0,30cdbe46-c6e9-416d-8ec5-40dcbc7c6a5d,2070b496-e729-11e9-8bc4-0242ac130002,79,,14,160,0,0,8,13,Square,10.0,12,14,0,0,0,,32f23cd4-9eea-11e9-8cbd-0242ac120006
9baa8fe9-7630-47a0-ae35-a1541e602151,88e9d04d-1231-4199-b5f0-6549897a2f9f,217154c2-e99f-11e9-b125-0242ac130002,,,,,,,,,Square,,,,,,0,,32f23cd4-9eea-11e9-8cbd-0242ac120006
0c740b51-e67d-4b45-9b74-332dd0ac221e,f2eeeefd-b332-4fd0-b1c8-07a8e077b872,21b56e2d-d3ff-4ce6-94cc-d5b85fb8a31e,75.0,,15.0,187.0,,,15.0,11.0,,12.0,11.0,11.0,,,0,,32f23cd4-9eea-11e9-8cbd-0242ac120006
5543107c-db0c-4e78-9813-828e27b55455,084d7a30-7dd0-4db1-85c1-ac3d43f65d64,222a5a4a-e1ef-4af0-afc9-bae7bd03d3ce,0.0,,0.0,0.0,0.0,0.0,0.0,0.0,,0.0,0.0,0.0,,0.0,0,,32f23cd4-9eea-11e9-8cbd-0242ac120006
89b46fd0-e4ed-4d7f-a70f-67cab35cc465,52b552e5-73aa-4c11-848c-07b5a3f9a035,2298db0e-2225-11ea-b9b1-0242ac130002,115,,20,185,0,0,20,20,Square,15,20,15.0,,0,0,,32f23cd4-9eea-11e9-8cbd-0242ac120006
1172497b-2492-400c-988e-8404ccdcb43d,0cf57461-78b1-4c1b-b807-717b2f5b62fb,229dc17a-452d-4986-bf4a-4e56326009f8,45.0,,20.0,145.0,35.0,10.0,20.0,20.0,Square,15.0,20.0,15.0,,35.0,0,,32f23cd4-9eea-11e9-8cbd-0242ac120006
96a54d61-8f10-488c-aae6-b44ffa1c16c3,858db5ec-620b-4062-af43-72d554a9c819,234a903c-e5e0-11e9-b125-0242ac130002,15,,17,186,,,17,15,Square,67,20,15.0,15,,0,,32f23cd4-9eea-11e9-8cbd-0242ac120006
4602b964-7d4c-40b4-8feb-5530693483e4,98f3bc7c-7dcc-43b7-8db5-5b5a9d0706b5,238d55d1-f5f6-43c4-841f-2fbd871d60f4,0.0,,48.0,240.0,0.0,0.0,48.0,0.0,Square,0.0,,,,0.0,0,,32f23cd4-9eea-11e9-8cbd-0242ac120006
aafb8388-89c8-469d-83ae-59313693648a,8891b165-4bb5-428f-b1be-84167b826bac,23d6e0b6-7f2d-44db-a22e-913a500a756a,64.0,,18,155.0,26.0,6.0,18,18.0,Square,16.0,18.0,15.0,,26.0,0,,32f23cd4-9eea-11e9-8cbd-0242ac120006
044484f5-cbd8-4fbc-b831-be788b36a5ad,26e47218-11d5-4fbb-b2c5-24d6e23c4ef1,244754e0-fa2e-11e9-8649-0242ac130002,81,,15,156,0,0,15,12,Square,10,12,10,,0,0,,32f23cd4-9eea-11e9-8cbd-0242ac120006
d81817f1-3517-46e1-89ca-7088610b27da,afd0233b-5076-49db-8301-65c5077a2659,24afe176-f66a-11e9-a3c8-0242ac130002,148,,42,208,0,0,42,42,Square,24,42,25.0,,0,0,,32f23cd4-9eea-11e9-8cbd-0242ac120006
71d8554c-ca27-4445-9645-e73b889338e5,b8814b87-7bb4-4f29-aa07-62f4e01ca706,2548d9e2-ea78-11e9-b125-0242ac130002,9,,12,165,,,12,12,Square,90,,,,,0,,32f23cd4-9eea-11e9-8cbd-0242ac120006
a9f300ba-9e51-46ef-ab83-1dd6d367c68a,8f26d46c-888b-4bf5-9316-f49c7564997e,254b0d1c-e68a-11e9-8bc4-0242ac130002,,,40,245,,,40,,Square,,33.0,,25,,0,,32f23cd4-9eea-11e9-8cbd-0242ac120006
16cce358-23c0-4ac4-b3af-d2ceafc41941,622237d6-5023-4cb9-89da-0e7c7bc653b3,256339d6-e9d3-11e9-8bc4-0242ac130002,112,,,,37.0,,,17,Square,20,,,,37,0,,32f23cd4-9eea-11e9-8cbd-0242ac120006
9ea2fe0a-91d0-4a74-b428-724dc1ddf130,d163cda0-a0e8-4717-b488-e9917a51848a,25ef2d16-a10b-4081-bba3-7f4639646edb,106.0,,17.0,161.0,35.0,8.0,17.0,16.0,Square,17.0,17.0,16.0,,35.0,0,,32f23cd4-9eea-11e9-8cbd-0242ac120006
dfe5e909-73d6-4bb8-8fce-b432e4e0fb6d,457ab663-1b8f-4d34-b5b7-87036c8dd97d,26daa57e-e6ae-11e9-8bc4-0242ac130002,,,15,170.0,,,15,15,Square,15,15,,15,,0,,32f23cd4-9eea-11e9-8cbd-0242ac120006
229d4c17-cfef-4906-b014-a772c97d47a8,7b136ea4-97ac-4154-8985-8888162488c7,276619ca-ea4f-11e9-8bc4-0242ac130002,,,,,,,,,,,,,,,0,,32f23cd4-9eea-11e9-8cbd-0242ac120006
f423edce-e376-4f36-9b96-198ba8c12728,c053107a-4527-4572-aec6-081157c8393e,27ca1a68-e9ca-11e9-8bc4-0242ac130002,13,,15,145.5,0,0,15,14.5,Square,88,15,12.0,,0,0,,32f23cd4-9eea-11e9-8cbd-0242ac120006
23a599ca-1006-4f69-8997-2264c029a553,17cf7e5d-6d57-4bba-85cc-1ca0fe18d54d,28e34398-8dda-11ea-8e56-0242ac130005,96,,15,198,0,0,15,15,Square,14,15,15.0,,0,0,,32f23cd4-9eea-11e9-8cbd-0242ac120006
5961fc8e-f4b6-4431-b799-691937884190,9bb2cc79-6bcf-4df1-9381-d77e8e3eda9a,28f77756-69bc-11ea-8083-0242ac130006,86,,21,165,33,7,21,21,Square,12,25,25.0,,33,0,,32f23cd4-9eea-11e9-8cbd-0242ac120006
6a752490-ca23-4ace-8026-17b91e896af8,4b4e92e4-ac82-433e-9fa3-39637ff08881,2a0b1750-ee3e-11e9-8649-0242ac130002,,,46,222,0,0,46,0,Square,,35,46,,,0,,32f23cd4-9eea-11e9-8cbd-0242ac120006
ccdc8939-221b-4da4-a4c0-92400ffd12c3,ced645b3-8dbb-43fc-91c0-5a108f779500,2a1ca80c-8b69-43a0-ab19-ac6b126986ee,14.0,,17.0,308.0,29.0,9.0,17.0,14.0,Square,14.0,14.0,24.0,,29.0,0,,32f23cd4-9eea-11e9-8cbd-0242ac120006
84b638c3-4636-48f4-be77-6bcbe652b5b9,b0954bfc-e489-454e-a0aa-ae9c0f6080c5,2a5c82ae-d073-11e9-8599-0242ac140006,9,,9,180,,,14,12,Rectangular,102,10,,13,,0,,32f23cd4-9eea-11e9-8cbd-0242ac120006
4e7d92a3-ccad-436e-b96f-5b25403f3331,b0ada2a7-c9c8-4307-9657-75e627b72b25,2a8e92e4-ffb7-11e9-8f3c-0242ac130002,116,,20,168,32,7,20,18,Square,18,18,18.0,,32,0,,32f23cd4-9eea-11e9-8cbd-0242ac120006
7dbc06fd-2cbc-496b-98ed-36c174fb056f,5266c7aa-b7a6-4374-a816-a4052d654def,2ab99c6c-e69b-11e9-8bc4-0242ac130002,95,,15,158,,,15,14,Square,13,14,10.0,,,0,,32f23cd4-9eea-11e9-8cbd-0242ac120006
33862cf6-f645-4bfd-b5b9-587a478e8121,47974833-6049-491c-a634-169c4bea892d,2acb57c3-2a55-442b-bf83-fa397fd60613,82.0,,18.0,150.0,27.0,9.0,18.0,12.0,Square,12.0,12.0,15.0,,27.0,0,,32f23cd4-9eea-11e9-8cbd-0242ac120006
f85f3568-285e-48e6-9789-720e20d29c2a,063f5acf-2e68-4ea9-a597-6f18460ce1a0,2af20687-0710-4883-a117-f45f941a14ff,62.0,,14.0,159.0,0.0,0.0,14.0,14.0,Square,7.0,14.0,12.0,,0.0,0,,32f23cd4-9eea-11e9-8cbd-0242ac120006
21cfbb1f-337b-484f-b055-cc1ba011e6f7,0ff783a7-492f-4d60-9651-29193f71c6c3,2bad144c-eaa5-11e9-8bc4-0242ac130002,78,,15,,25,,15,12,Square,14,,,,25,0,,32f23cd4-9eea-11e9-8cbd-0242ac120006
992ad9f1-3b2c-46c5-880e-49fc7c14b764,28f06b02-955a-4d09-b76f-500a440a9f49,2c57e6c8-e8cb-11e9-b125-0242ac130002,12.5,Vegetal motifs,13,156,20,5,13,12.5,Square,92,12,,17,20,0,,32f23cd4-9eea-11e9-8cbd-0242ac120006
b59cb65d-e199-4bbe-a0f6-4eefcba09f08,e87cd3e4-fac9-40fc-ae04-20bde33a3ab6,2c9f93f4-e832-11e9-8bc4-0242ac130002,75,,12,200,,75,12,15,Square,12.0,,,,,0,,32f23cd4-9eea-11e9-8cbd-0242ac120006
ce0a33c8-dc5c-481c-a69e-214280c3493c,4bdd168d-8255-4e6d-adbd-e1b763f95107,2fa561e9-6f62-4663-bae9-fdaeb0aee1a1,0.0,,14.0,157.0,0.0,0.0,14.0,0.0,Square,0.0,14.0,14.0,,0.0,0,,32f23cd4-9eea-11e9-8cbd-0242ac120006
6367d3b4-b180-4854-9065-75ef965e386f,e13cb926-8beb-4922-88f5-887c86519c49,2fe39e54-d189-4403-a7cb-0835b63e4387,88.0,,15.0,167.0,0.0,0.0,15.0,15.0,Square,15.0,14.0,16.0,,0.0,0,,32f23cd4-9eea-11e9-8cbd-0242ac120006
5431a909-c436-4906-9a60-ec4775985665,84b564b1-85e1-41ed-aaf1-bb9c462c3970,304bed70-ec0d-11e9-b125-0242ac130002,87,Vegetal motifs,15,158,,,15,15,Square,15,,,,,0,,32f23cd4-9eea-11e9-8cbd-0242ac120006
b974e09f-9ef0-4edb-9a95-7b4293067573,ba66d545-1afe-4ce9-9be2-e7a3de26c16d,309c85aa-e8ed-11e9-b125-0242ac130002,15,,15,200,,,15,9,Square,92.0,15,,15,,0,,32f23cd4-9eea-11e9-8cbd-0242ac120006
4ca705df-e589-4157-a71f-e5bc50f600d5,694b51a5-d710-4374-9632-fe27afba8430,30a307d0-2282-11ea-b9b1-0242ac130002,0,,0,0,0,0,0,0,,0,0,0,,0,0,,32f23cd4-9eea-11e9-8cbd-0242ac120006
f58d06fa-d976-4fb3-bf68-20e04d35d2fb,a0dc5d61-91b7-4a14-9ca6-bf0af9306795,30f7f2bd-65d8-4a37-a619-5d73cd66c4d5,0.0,,0.0,0.0,0.0,0.0,0.0,0.0,,0.0,0.0,0.0,,0.0,0,,32f23cd4-9eea-11e9-8cbd-0242ac120006
8b09ff51-fe95-4819-8e4b-b3b44d965dcf,b74c8e7b-c01f-4d4b-a3a6-066595c199eb,3167408a-4c14-11ea-91df-0242ac130006,78,,15,167,28,7,15,15,Square,15,15,15.0,,28,0,,32f23cd4-9eea-11e9-8cbd-0242ac120006
f68c4ff9-5b4d-4aff-ad4e-51b7f1d97057,a468cb1d-8398-4f73-9d14-6a8ca26a6aac,321aa815-750d-4468-9903-b3ae79e07793,75.0,,15.0,205.0,0.0,0.0,15.0,15.0,Square,14.0,14.0,14.0,,0.0,0,,32f23cd4-9eea-11e9-8cbd-0242ac120006
df18b250-5254-419e-9c2a-ff1970499384,1727e4fb-fc1e-4297-88cd-33d34afb3d90,3331db72-539f-11ea-b4c2-0242ac130006,84,,16,136,31,10,16,16,Octagonal,17,26,25,,31,0,,32f23cd4-9eea-11e9-8cbd-0242ac120006
83cf4acb-c61b-4924-be1d-a579223ab0a7,c18b540b-ebd2-4dc0-8441-57d514e78349,33706bde-e4e7-11e9-b125-0242ac130002,90,,16,166,23,7,16,15,Square,12,12,17.0,,23,0,,32f23cd4-9eea-11e9-8cbd-0242ac120006
0b552db2-cca1-4836-ba5e-64d46106aae4,b83f8f85-0b81-48b9-b4d7-a099ff7f1790,33776afc-ea72-11e9-b125-0242ac130002,65,,12,153,,,12,11,Square,9,14,14.0,12,,0,,32f23cd4-9eea-11e9-8cbd-0242ac120006
63754824-0857-4c20-843b-0c9616bb9c08,b7ffa293-414c-4b0b-828b-1cef2d8456ae,337c6d44-c619-4816-b823-c10f18d802b4,0.0,,0.0,0.0,0.0,0.0,0.0,0.0,,0.0,0.0,0.0,,0.0,0,,32f23cd4-9eea-11e9-8cbd-0242ac120006
ab372d3a-3946-4efa-bee4-c6ed0a518fd5,a30c41b1-e869-4de5-964e-e28867e86736,34d6f310-e5e3-11e9-8bc4-0242ac130002,,,,,,,,,Octagonal,,,,,,0,,32f23cd4-9eea-11e9-8cbd-0242ac120006
e2ae0088-31f0-4de0-92b9-c97ae405b153,b8e0e55b-6330-4121-b553-ef2167e09ca2,3570c001-88bd-42d7-aa26-47c6f09f5a6b,,,0.0,0.0,,,0.0,,,,,,,,0,,32f23cd4-9eea-11e9-8cbd-0242ac120006
436ba8c5-3741-46ac-8597-6794248736b5,e5d5f59e-ddbd-4063-b81e-4c2a4e0405c7,362d533e-e8f0-11e9-b125-0242ac130002,22,,22,207,35,7,22,22,Square,80,22.0,,22,35,0,,32f23cd4-9eea-11e9-8cbd-0242ac120006
5d5e4401-040c-4a3c-bc01-65c0028275d2,289c5aaf-3787-4475-902d-e78c26678b14,3655168d-4513-4bba-956d-69d76e83f0aa,76.0,,14.0,140.0,,,14.0,14.0,Square,15.0,14.0,15.0,,,0,,32f23cd4-9eea-11e9-8cbd-0242ac120006
aed1926f-ef93-4504-bd70-5f1e9dd03614,7eb8c325-827e-4c9e-8c83-2d10e753c0b9,36638422-afa6-11ea-9766-0242ac130005,82,,14,161,0,0,14,14,Square,13,14.0,15,,0,0,,32f23cd4-9eea-11e9-8cbd-0242ac120006
6acb2a72-dbb7-487b-9b79-9b49b89c356f,c9006af0-3f53-44a3-a1f2-64f46913880e,3668d45a-f899-11e9-8649-0242ac130002,58,,14,150,,,14,14,Square,17,,,,,0,,32f23cd4-9eea-11e9-8cbd-0242ac120006
f934f5b3-2ab9-4b1d-9c74-9dce628e75ca,ad8b0b66-8449-47ec-98d9-7789869b3f42,37438b5c-d78a-11e9-beea-0242ac140006,,,39,210,,,39,,Square,,,,,,0,,32f23cd4-9eea-11e9-8cbd-0242ac120006
2c723847-687a-45f1-ac36-c5d5d48d612f,1472014a-d67c-432c-b31c-bafcf744a36d,378c13d0-d632-11e9-a1bd-0242ac140006,86,,18,138,28,2,18,18,Square,18,18,18.0,318,26,0,,32f23cd4-9eea-11e9-8cbd-0242ac120006
d4663253-0adb-44d2-8e99-7eef6c101be1,49b1598f-956d-4085-a086-bd59425c5142,380e2e0e-e8ef-11e9-8bc4-0242ac130002,92,Vegetal motifs,15,169,0,0.0,15,12,Square,12,,,,0,0,,32f23cd4-9eea-11e9-8cbd-0242ac120006
69463980-5261-462c-a558-86cc9168c7ac,a35c0c1a-b418-46ab-847f-28d4ea69e20e,38e62b02-e759-11e9-8bc4-0242ac130002,,,12,156.0,,,12,,Square,,10,,20,,0,,32f23cd4-9eea-11e9-8cbd-0242ac120006
1a28d527-c88b-4b3a-91b2-1f1d48631fd3,619ac29c-a55c-43a6-8dfb-ee58b727adff,39bb2040-e9fd-11e9-8bc4-0242ac130002,120,"Vegetal motifs,Deities",28,184,42,10,28,28,Square,22,28,28,,42,0,,32f23cd4-9eea-11e9-8cbd-0242ac120006
29a38b73-efe7-48ef-9bec-d123c56eafc2,b7552f94-a03e-4dde-80aa-686185ecfb4e,39beb848-fc76-43de-bdad-12ea8914001b,82.0,,22.0,165.0,38.0,8.0,22.0,15.0,Square,15.0,15.0,24.0,,45.0,0,,32f23cd4-9eea-11e9-8cbd-0242ac120006
876e06d1-11ec-4012-a1dc-91b34fb3749c,06cf7fb4-5ecc-488b-a9eb-5bb6903fd1f7,3a781560-86b0-11ea-86ac-0242ac130005,89,,15,151,23,6,15,15,Square,13,15,13.0,,23,0,,32f23cd4-9eea-11e9-8cbd-0242ac120006
ba17c07d-8137-4993-822b-c5f6d9f1cfa7,e0bdda10-3702-4929-b47a-226a3e2c003a,3b68c5ca-e64a-11e9-b125-0242ac130002,2,,25,220,,,25,19,,126.0,,,,,0,,32f23cd4-9eea-11e9-8cbd-0242ac120006
665044a6-ed75-498a-a09a-59bc86fad9f6,e81614a6-3530-42df-a6a9-6567a81eebeb,3b731959-de47-4cc6-84e4-e230598019f5,0.0,,0.0,0.0,0.0,0.0,0.0,0.0,,0.0,0.0,0.0,,0.0,0,,32f23cd4-9eea-11e9-8cbd-0242ac120006
bc590b93-80c1-4dfa-890d-805b02f13110,21e8b018-b9b7-45d8-a858-03c30c0b060c,3b9b26f6-2b9a-11ea-b82d-0242ac130002,106,,17,19,37,7,17,16,Square,13,15,20.0,,37,0,,32f23cd4-9eea-11e9-8cbd-0242ac120006
e4a11fa5-5bdd-494b-adbc-7566ae23fee1,e82702ad-8794-4d77-8287-28c85e56ee4c,3bcfd73f-1e8b-41d9-bbc6-148eb8ca7808,,,16.0,100.0,,,18.0,,,,20.0,35.0,,,0,,32f23cd4-9eea-11e9-8cbd-0242ac120006
568559d9-b4bd-488a-bf4c-a0ca457acf64,1a8d1ec5-eb7b-4900-8165-4bceb945c618,3c768352-d08e-11e9-8599-0242ac140006,,Deities,,,,,,,Rectangular,,,,,,0,,32f23cd4-9eea-11e9-8cbd-0242ac120006
e1e3c435-1978-42fa-b7a4-7d742a2cdb9a,1ef4a629-b69a-4d31-8596-fbf83f4da6d6,3ceea016-9d6c-11ea-9766-0242ac130005,114.0,,19.0,180.0,32.0,3.0,19.0,19.0,Square,19.0,15.0,20.0,,32.0,0,,32f23cd4-9eea-11e9-8cbd-0242ac120006
a51acaa7-58b6-488f-a39d-c56c7814da05,62ecdb6a-ab22-4207-a37b-d45f9eccef20,3db42996-337a-11ea-b242-0242ac130002,75,,20,140,,,20,23,Square,19,256,19.0,,,0,,32f23cd4-9eea-11e9-8cbd-0242ac120006
2482be7c-649b-4139-a591-a7b61cfd99eb,13e1375c-82fa-463e-97e7-e28609885e53,3e718754-6c00-4947-b32f-da8bb82139a7,78.0,,20.0,133.0,32.0,12.0,20.0,20.0,Octagonal,20.0,20.0,20.0,,32.0,0,,32f23cd4-9eea-11e9-8cbd-0242ac120006
f267c9de-a866-413b-a368-76b6a7fabded,db9d125b-67d3-4132-98f3-c8eb5f54cf61,3e7d7be6-ea61-11e9-b125-0242ac130002,77,Vegetal motifs,15,154,30,7.5,15,10,Square,13,15,15.0,15,30,0,,32f23cd4-9eea-11e9-8cbd-0242ac120006
2b484891-f920-4d40-b03b-8deecaa431ae,6fa91158-c760-47e6-9919-ad04437a90ec,3e97265e-b2b4-4a68-862a-7c76dee0bacc,115.0,,22.0,185.0,35.0,10.0,22.0,20.0,Square,20.0,20.0,20.0,,35.0,0,,32f23cd4-9eea-11e9-8cbd-0242ac120006
591e9a79-3ab0-4c36-a853-54239199b272,481d2843-b0e1-41fc-be85-178777cb3bca,3ecd2d50-1b10-11ea-b74e-0242ac130002,0,,0,0,0,0,0,0,,0,23,23.0,,0,0,,32f23cd4-9eea-11e9-8cbd-0242ac120006
323159b7-1307-42e4-afca-be32c1ff85f4,476029ce-8d02-443c-a197-6e7e9cc02a85,3f87ad30-e5d0-11e9-8bc4-0242ac130002,82,,15,170,20,8.0,15,15,Square,15,14,14,0,20,0,,32f23cd4-9eea-11e9-8cbd-0242ac120006
f1d398dd-900f-40c5-855a-d61d01d87955,6a7e94f2-aa50-4d9a-9964-21ddf95292c2,3f88581e-e811-11e9-b125-0242ac130002,65,"Deities,Pot motifs,Vegetal motifs",15,188,0,0,15,15,Rectangular,14,15,15,,0,0,,32f23cd4-9eea-11e9-8cbd-0242ac120006
c0db87d3-c05f-4f98-85b4-1ac545845e1e,2370f2ba-ef5e-4811-a065-b24fb03214b5,409cfb82-e6c3-11e9-b125-0242ac130002,0,,0,0,0,0,0,0,,0,22,18,0,0,0,,32f23cd4-9eea-11e9-8cbd-0242ac120006
ca99236e-8c73-4d60-bf65-374c4ed94266,5468688c-19d3-4153-89ba-86f1654b9513,4165aff8-eb2f-11e9-b125-0242ac130002,17,,19,175,32,,19,20,Square,100.0,,,,32,0,,32f23cd4-9eea-11e9-8cbd-0242ac120006
b1109b62-7ab3-4673-98c6-105bc06f4c50,e7df0429-c40c-4472-bed6-a420feac3603,43291104-1bbd-11ea-b9b1-0242ac130002,77,,14,182,27,5,14,14,Square,11,12,17.0,,27,0,,32f23cd4-9eea-11e9-8cbd-0242ac120006
08ce4f19-22cb-454f-a0c2-69296c825cbc,426ea69b-d5ce-4bb1-936e-cf5f67a401a9,43a6124a-0a4b-4f1c-a3b6-f68fcb0e4dc0,60.0,,14.0,168.0,26.0,7.0,14.0,26.0,Square,12.0,11.0,16.0,,26.0,0,,32f23cd4-9eea-11e9-8cbd-0242ac120006
60b7e4d3-b677-4e92-a9ff-ccdc54c9da0d,9b17b0e4-22da-44fc-b0c3-d3c1740f081f,440d970c-ea5d-11e9-b125-0242ac130002,,,15,165.0,,,15,,Square,,,,,,0,,32f23cd4-9eea-11e9-8cbd-0242ac120006
1a30206e-0c75-4c6d-a426-be85ee65a3b8,83e66bb7-4408-45bc-a075-f0aa00f7f014,44609e5a-ee3d-11e9-8649-0242ac130002,92,,17,175,0,0,17,17,Square,12.0,17,20,150,0,0,,32f23cd4-9eea-11e9-8cbd-0242ac120006
e805f0c5-6bee-4d71-9a23-6d734dcac37c,24a0c82f-4fbb-4750-9198-7ce84370b2e5,45b07460-1787-11ea-b9b1-0242ac130002,60,,15,167,0,0,15,17,Square,13,15,10,,0,0,,32f23cd4-9eea-11e9-8cbd-0242ac120006
d5acfa82-0dc7-402a-81c2-8a0b8a120766,7e1eb6ca-1c0a-4075-b49d-a66471364269,460bec90-ea60-11e9-b125-0242ac130002,88,,15,163,0,0,15,11,Square,15,11,15.0,0,0,0,,32f23cd4-9eea-11e9-8cbd-0242ac120006
6d09d28e-3f6a-4a2b-8b78-fc986e5b6f7c,2a2c435d-6776-4a78-9eb5-e9cf9db1cffa,479763c6-e90e-11e9-b125-0242ac130002,77,Vegetal motifs,12,185,0,0.0,12,12,Square,12,14,14,,0,0,,32f23cd4-9eea-11e9-8cbd-0242ac120006
af159dcc-7a04-4eb8-bf4b-fe37da448684,46bcf86b-0a6d-4548-8dc1-2a68b2e707c8,4a305bd6-5eb8-11ea-b4c2-0242ac130006,58,,15,168,,,15,14,Square,14,14,14.0,,,0,,32f23cd4-9eea-11e9-8cbd-0242ac120006
bcc67c65-efa0-49b2-8cc3-84d007980b95,7a3c0af7-d8f6-4ccd-92d7-5c018399584c,4a48d563-85d1-4e51-8f78-2254393f85e2,0.0,,0.0,0.0,0.0,0.0,0.0,0.0,,0.0,0.0,0.0,,0.0,0,,32f23cd4-9eea-11e9-8cbd-0242ac120006
af7028bd-3681-4c5a-a82a-bb516907d1aa,f27355dd-833d-42e7-8c0c-2e85cc94887e,4a6c25be-af79-11ea-8ae7-0242ac130005,,,0,0.0,,,0,,,,,,,,0,,32f23cd4-9eea-11e9-8cbd-0242ac120006
52d7d0ab-6c38-433e-aec3-ee68f2b09408,8a001c20-d41a-4fef-8d52-8fee65df7eaa,4c31625e-ea78-11e9-8bc4-0242ac130002,143,,,,,,,20,Square,20.0,23,,21,,0,,32f23cd4-9eea-11e9-8cbd-0242ac120006
af8aa435-b63b-4cdc-a377-cfff63f6aa1c,2893f4ea-f2ea-4bbb-b3e7-a07e69813acc,4db3bfb2-eefd-11e9-8bc4-0242ac130002,76,,15,172,50,8,15,15,,15,15,15.0,,29,0,,32f23cd4-9eea-11e9-8cbd-0242ac120006
0a68fbbb-2c5e-420a-9e90-56217746ac5b,f2f66959-92e4-4bee-a4fe-fe9f7e23c9ce,4db72ccc-e6c6-11e9-b125-0242ac130002,70,,15,18,,,15,13,Square,13.0,,,,,0,,32f23cd4-9eea-11e9-8cbd-0242ac120006
8e78b243-b288-425f-bf83-c7ca35c0973c,2ce86e98-318a-4b97-a48d-ac26cc46691d,4df05f74-e5e0-11e9-b125-0242ac130002,81,,14,142,0,0,14,14,Square,12,14,15.0,15,0,0,,32f23cd4-9eea-11e9-8cbd-0242ac120006
ebf0175c-6dcb-4311-9580-da24868b29b0,ea964393-5f46-4579-ab28-95ffb915ba95,4ed2374c-e846-11e9-8bc4-0242ac130002,,,,,,,,,,,,,,,0,,32f23cd4-9eea-11e9-8cbd-0242ac120006
2b009f93-07aa-4d3a-bb79-75b684abf983,c5173511-198e-40a9-9919-b88dfe014b95,4f116514-0102-11ea-8f3c-0242ac130002,65,,14,173,0,0,11,10,Square,12,10,12,,0,0,,32f23cd4-9eea-11e9-8cbd-0242ac120006
3eaa1dd3-97f3-468c-9ac0-eaefee72b0f9,4b0efced-0cc6-43f6-83a0-7f87e2e348c0,503085f6-076f-11ea-8a1c-0242ac130002,0,,0,0,0,0,0,0,,0,0,0.0,,0,0,,32f23cd4-9eea-11e9-8cbd-0242ac120006
304c3786-cbf4-4c38-a9ec-cd12bbc7d40f,23d42070-8734-4d7d-b266-95b7ad18b023,50e6b167-1959-4ce9-a9d4-1800e7273a52,92.0,,15.0,158.0,,15.0,15.0,,Square,15.0,15.0,20.0,,,0,,32f23cd4-9eea-11e9-8cbd-0242ac120006
86c19339-7fe3-40ba-99a7-97313d7fcb51,25c7d17c-98ec-41b0-a5a5-7d8fc29208fb,50e8eedc-eb42-11e9-8bc4-0242ac130002,,,10,142,,,10,,Square,,,,,,0,,32f23cd4-9eea-11e9-8cbd-0242ac120006
1f920fc1-ba77-4169-8b55-67751682b33a,a98bb8e9-9e05-419d-a1ed-abe064dc7cf1,5277a9d6-2f86-11ea-b242-0242ac130002,8,,15,162,0,0,15,15,Rectangular,15,15,15.0,,0,0,,32f23cd4-9eea-11e9-8cbd-0242ac120006
a81592d8-f4ea-48c3-ad94-623aca0e0f2b,b7910962-c2b2-43dc-b08e-5790b82324e2,54346f5f-5ad8-4ab5-887c-c983ea617de2,80.0,,20.0,157.0,23.0,6.0,20.0,15.0,Square,17.0,21.0,18.0,,23.0,0,,32f23cd4-9eea-11e9-8cbd-0242ac120006
f521afc1-b4f8-4b1b-826f-92bb3a456284,2220c8ae-e265-467d-b89b-0a2f3f441d0b,55133c56-e68d-11e9-b125-0242ac130002,14,Vegetal motifs,14,150,23,23,14,14,Square,150,14,14.0,11,83,0,,32f23cd4-9eea-11e9-8cbd-0242ac120006
aa2e66ee-fe0a-4666-b76c-0c78895dd8d0,4e9e1f43-320f-4e4f-93e1-2de4da13f784,55519f42-0202-11ea-a389-0242ac130002,82,,14,159,0,0,14,12,Square,12,16,12.0,,0,0,,32f23cd4-9eea-11e9-8cbd-0242ac120006
76ca8c13-750f-4b53-bc81-47e3a4679c0a,1bca6f77-ba7e-4ece-a7ff-4349fee1c597,5553af61-8bca-4f14-baa9-a077e67f701d,80.0,,22.0,157.0,32.0,7.0,22.0,22.0,Square,14.0,22.0,22.0,,32.0,0,,32f23cd4-9eea-11e9-8cbd-0242ac120006
787f5a58-edb4-4aa6-aad7-4c75f1c0cc32,64f10e0a-b798-45b3-8e9b-01e4fae75c04,5576adf8-9a84-11ea-9766-0242ac130005,0,,40,214,0,0,40,0,Square,0,23,23.0,,0,0,,32f23cd4-9eea-11e9-8cbd-0242ac120006
51673997-f1b6-4258-b1fd-90195ce87759,d200bc44-f2f7-4c04-bdc6-4c3b51a1a8af,557a604c-e6a7-11e9-8bc4-0242ac130002,17,,17,295,,,17,17,Square,29.0,15,,15,,0,,32f23cd4-9eea-11e9-8cbd-0242ac120006
fe1a2c5f-c52c-487b-9b07-a50d38bf07d1,fab6e6c3-677b-4989-b6df-0d9d1ee6d222,55be585c-411d-48dd-be74-5cd78f2723e1,0.0,,0.0,0.0,0.0,0.0,0.0,0.0,,0.0,0.0,0.0,,0.0,0,,32f23cd4-9eea-11e9-8cbd-0242ac120006
70b98162-6bf3-454b-8bcc-ef6b6209788f,c118ad2d-179d-4daf-a660-7590846c143f,55bee51e-01f5-11ea-a389-0242ac130002,0,,25,243,0,0,25,0,Square,0,23,27,,0,0,,32f23cd4-9eea-11e9-8cbd-0242ac120006
3134bea9-338a-41a3-9aec-0d19174af238,3d0b1724-dfe5-4781-9b36-9ce326662615,55ef0210-dfa6-11e9-81a8-0242ac140006,0,,25,212,,0,25,0,Square,0,0,0.0,0,,0,,32f23cd4-9eea-11e9-8cbd-0242ac120006
a3c07b71-0a9f-47a1-975e-4876338c78e6,3de614e2-0bdc-4b64-a60d-2fb0c374b9f0,56588bbe-f0bc-11e9-a3c8-0242ac130002,72,,17,182,24,6,17,15,Square,17,1,18.0,,24,0,,32f23cd4-9eea-11e9-8cbd-0242ac120006
6eb519c5-8919-4cc0-ab4f-0cb6dc028dd1,08e77be3-c5db-4207-a344-acdaeeb5adc1,56fa3190-ea8a-11e9-8bc4-0242ac130002,91.5,,15,161.5,,,15,14.5,Square,10,15,15.0,,,0,,32f23cd4-9eea-11e9-8cbd-0242ac120006
a9a42424-7a00-41da-8f0b-13f63655fa89,8f0194fb-e140-4627-8ef4-91d809488f43,5790999f-7d84-4dc0-b4a9-a65dee5d1481,92.0,,18.0,203.0,28.0,8.0,18.0,17.0,Square,17.0,17.0,28.0,,28.0,0,,32f23cd4-9eea-11e9-8cbd-0242ac120006
59ac1607-54ec-4bd8-9359-7c988e96e817,9ea3ba5a-cdcd-478a-81c4-296e47f149c4,57b1c7cd-c924-4581-b4d1-8deccecb9358,,,,,,,,,Square,,,,,,0,,32f23cd4-9eea-11e9-8cbd-0242ac120006
5e43347e-07bd-4eac-b913-f6f05f0dbcb9,ff031172-900d-4d38-bb41-550b20aa30a2,580324c0-5212-4b6e-83be-eab695af708f,,,13.0,152.0,,,13.0,,Square,,13.0,14.0,,,0,,32f23cd4-9eea-11e9-8cbd-0242ac120006
1506aeac-0c87-481e-8219-da0d190e37ea,b971abaa-cc51-4aea-b9f6-9a8de22575ac,58201fa0-0b37-4744-af03-0c6aaac21835,152.0,,28.0,140.0,0.0,0.0,28.0,28.0,Square,25.0,28.0,25.0,,0.0,0,,32f23cd4-9eea-11e9-8cbd-0242ac120006
01112959-9f84-4880-8cd5-41ecf55055bf,214acf08-c3ae-44a3-8072-860535c11e85,59e912ca-06a7-412a-a9b1-60d5d0fc0a6a,0.0,,,187.0,0.0,0.0,,,Round,0.0,0.0,0.0,,0.0,0,,32f23cd4-9eea-11e9-8cbd-0242ac120006
58bfe45b-bdbd-4f34-83f1-75b891d7d3b2,e4cde933-096d-4afe-ae8a-938fe1faa3d8,5a2b953a-01f9-11ea-8f3c-0242ac130002,0,,0,0,0,0,0,0,,0,0,0.0,,0,0,,32f23cd4-9eea-11e9-8cbd-0242ac120006
fda68353-fdbf-4609-838b-e6760bc79222,c82934da-bf1d-47f6-a71a-ce4f4c13238f,5a9d675d-4ea1-416c-9d12-fe75a690e587,0.0,,0.0,0.0,0.0,0.0,0.0,0.0,,0.0,0.0,0.0,,0.0,0,,32f23cd4-9eea-11e9-8cbd-0242ac120006
19c4d242-4cff-45df-ad73-69a2db1e36ad,10a6ae9c-5224-4ab9-8fb6-941e8f7fbb55,5bfb6d40-eb4c-11e9-b125-0242ac130002,115,,21,168,28,6,21,18,Square,16,15,19.0,,28,0,,32f23cd4-9eea-11e9-8cbd-0242ac120006
8f650d45-fc82-4b79-963f-c0d6548b2ad2,bf0a3e59-e8dd-4e0f-b52c-1f2dcb255c0a,5c063668-e5f6-11e9-b125-0242ac130002,19,,20,152,,,20,19,Square,121.0,20,,20,,0,,32f23cd4-9eea-11e9-8cbd-0242ac120006
691c4587-7d67-42bd-896e-2f9d655512a2,28fd7f3e-3253-43e0-bb50-04cf5802b37a,5c766eac-e5d2-11e9-b125-0242ac130002,12,,17.5,,,,17.5,16,,61.0,,,,,0,,32f23cd4-9eea-11e9-8cbd-0242ac120006
0ada2aec-4dd5-4eee-94cb-1855320eddb0,5151b22f-e5d7-4bcf-9690-397e30470478,5c944401-65d2-49ed-b361-dbf4e3358629,0.0,,14.0,173.0,0.0,0.0,14.0,0.0,Square,0.0,14.0,14.0,,0.0,0,,32f23cd4-9eea-11e9-8cbd-0242ac120006
01c82502-9ca9-44be-b8cb-a3f2a441c633,d8edc2b4-2b9a-4a89-80ad-3c893653a8eb,5cb98dcd-6658-4b9c-8990-8c2299397aca,125.0,,21.0,180.0,40.0,8.0,14.0,21.0,Rectangular,20.0,14.0,28.0,,40.0,0,,32f23cd4-9eea-11e9-8cbd-0242ac120006
f465f8a3-9682-458d-8009-4f48a3322aeb,b06007a7-5889-42e2-9af9-9aed4b59f51e,5d44f5b8-70f8-11ea-966a-0242ac130006,,,0.0,,,,,,,,,,,,0,,32f23cd4-9eea-11e9-8cbd-0242ac120006
4ad3e4a8-96bb-4c45-a168-5ae10ad5452c,0e89c247-b68c-4c7a-bcc8-41f0605a0b94,5d9c1eae-e1c7-43bc-905a-a0816724b854,0.0,,0.0,0.0,0.0,0.0,0.0,0.0,,0.0,0.0,0.0,,0.0,0,,32f23cd4-9eea-11e9-8cbd-0242ac120006
0f79b4f6-281f-4b59-bc2a-6bb9b7d6a2d4,68fc0865-921b-406c-900c-3b2896246fdb,5dfe48f0-eb2d-465c-a5d0-67bb1ae1277a,0.0,,0.0,0.0,0.0,0.0,0.0,0.0,,0.0,0.0,0.0,,0.0,0,,32f23cd4-9eea-11e9-8cbd-0242ac120006
8a35abe2-41b1-4b5c-b529-0b48faf75846,84714555-15b5-4065-95fe-4b0ad2d86684,5e94853e-0756-11ea-b2c1-0242ac130002,,,15,165,,,15,,,,,,,,0,,32f23cd4-9eea-11e9-8cbd-0242ac120006
86b20d90-1dfb-4c94-818e-30340a08d955,97271860-7a61-491f-a131-aa477ff07b0b,5e9af02d-96f4-42a8-8c91-57d31cd5027b,0.0,,0.0,0.0,0.0,0.0,0.0,0.0,,0.0,0.0,0.0,,0.0,0,,32f23cd4-9eea-11e9-8cbd-0242ac120006
89ec223a-3ac4-45be-8cbe-b1c37db8df10,d8323d54-2de7-4ce9-8492-463cc4b4e6d3,5f10573c-c317-4fef-92ed-b0354eeae8e0,71.0,,12.0,143.0,,,12.0,12.0,Square,11.0,9.0,14.0,,,0,,32f23cd4-9eea-11e9-8cbd-0242ac120006
cab4c65e-722b-4b1f-8ede-2f2ccc40863e,c3bcde50-aa55-4c5d-a7eb-e1a833615b69,5f218d0a-4412-11ea-a19a-0242ac130006,,,15,,,,15,,Square,,,,,,0,,32f23cd4-9eea-11e9-8cbd-0242ac120006
dffd2a18-0682-457b-97c2-17b4578c8b71,7dd2781f-e73b-41ee-aca6-2761a8dd7051,5f27520c-348e-43da-8160-a2e2729a37c7,,,0.0,,,,,,,,,,,,0,,32f23cd4-9eea-11e9-8cbd-0242ac120006
57d06b01-f4dc-48cc-bdff-c84d51c355a5,b2473286-589a-4fc5-8a56-8e44dea1c273,5fa893c6-fbc5-11e9-8649-0242ac130002,0,,15,167,0,0,15,12,Square,15,15,15,,0,0,,32f23cd4-9eea-11e9-8cbd-0242ac120006
cd1b7d08-5522-4756-8c35-94d182a9ebf7,647cf25c-d837-4744-aa4f-bd0a73d50f0d,600ba6fa-8f77-11ea-bd59-0242ac130005,70,,13,159,0,0,13,13,Square,11,13.0,14,,0,0,,32f23cd4-9eea-11e9-8cbd-0242ac120006
4d6910b8-e9d1-423a-9735-8531ee511f54,2cf0b478-ce52-47c0-bfad-cd6b89a9b29b,60a8a8e0-e4e8-11e9-b125-0242ac130002,0,,41,225,0,0,41,0,Square,0,0,0.0,,0,0,,32f23cd4-9eea-11e9-8cbd-0242ac120006
fe1dc325-2394-40e5-9066-6ad9681c0ad0,79ece003-28cd-440c-9860-61d7ba90d472,60aa32b2-ea3f-11e9-8bc4-0242ac130002,17,,18,254,,,18,18,Square,110,18,,18,,0,,32f23cd4-9eea-11e9-8cbd-0242ac120006
237ad8f9-0626-499d-bfcd-55bf441a6afc,165b2de8-2d36-4724-b90b-fc80f53045f7,619ad1be-7cb3-4973-a2ce-13e5c7832083,90.0,,15.0,153.0,,,15.0,15.0,Square,15.0,15.0,15.0,,,0,,32f23cd4-9eea-11e9-8cbd-0242ac120006
48a44850-b4e2-4ed9-b2a4-d37478fc1f66,eed031db-6e8a-4072-bc6d-9911b1ef6957,6206f79c-e5dc-11e9-8bc4-0242ac130002,17.5,,20,213,,,20,20,Square,121.0,,,,,0,,32f23cd4-9eea-11e9-8cbd-0242ac120006
12ce0432-138c-447f-bff8-a25290e77c23,5aa3c38d-623b-457c-9c3e-d093b9718cca,62af421e-8c58-49de-856d-89cf1184ae5f,0.0,,0.0,0.0,0.0,0.0,0.0,0.0,,0.0,0.0,0.0,,0.0,0,,32f23cd4-9eea-11e9-8cbd-0242ac120006
d4997f62-0068-4b59-9066-869c41c9e7ca,7007181f-ec69-44c3-8a54-1663d0cc5fa5,6594f9ac-fb26-4e95-8c0e-4957e705df7c,,,0.0,,,,0.0,,,,,,,,0,,32f23cd4-9eea-11e9-8cbd-0242ac120006
d9eb2a76-be52-4530-a53b-44462f93c21f,bc6bd1b0-a369-4c8b-8ac7-c09c66437fa9,65ef3af4-9d6a-11ea-82af-0242ac130005,0.0,,14.0,154.0,0.0,0.0,14.0,0.0,Square,0.0,0.0,0.0,,0.0,0,,32f23cd4-9eea-11e9-8cbd-0242ac120006
bb39568b-919c-4d9f-a5fc-a2dcf6c8cbb6,1c399e11-eb7c-463b-ae36-dcc26dba3151,6700e6dc-ad31-11ea-8ae7-0242ac130005,108.0,,24.0,172.0,,,24.0,24.0,Square,15.0,25.0,27.0,,,0,,32f23cd4-9eea-11e9-8cbd-0242ac120006
bedf076e-4735-40b6-80f0-bd36eca5e8a0,a1cae6de-b7f7-47bd-955c-5b897c80c685,673afbfc-e6f2-11e9-8bc4-0242ac130002,10,Vegetal motifs,14,171,43,,14,12,Square,80.0,18,,10,22,0,,32f23cd4-9eea-11e9-8cbd-0242ac120006
3a89ef09-d7d0-43aa-95f0-ed117b486854,fbd2d286-9461-4e1d-b6fb-0c45e2af2e19,67f1cda0-9f96-4673-8502-6b706e34c465,,,60,850.0,,,60,,Round,,,,,,0,,32f23cd4-9eea-11e9-8cbd-0242ac120006
10a88ba2-1e9b-43da-82cf-297af28a55e2,9ea2b969-4bd1-4bb7-88b1-f06daeae9205,69370820-1ef5-11ea-b74e-0242ac130002,104,,16,164,27,7,16,15,Square,15,16,20.0,,27,0,,32f23cd4-9eea-11e9-8cbd-0242ac120006
6069637c-c371-4b11-8350-a7ccf9ac6771,b3426a43-3f69-465c-bb9b-58550712947d,69d578b5-0f06-47ad-9080-9fe3e1adb07f,98.0,,14.0,158.0,,,14.0,12.0,Square,12.0,12.0,19.0,,,0,,32f23cd4-9eea-11e9-8cbd-0242ac120006
99b40a20-faf2-4033-ac9e-ee5283f6e94e,07aebbff-1bfe-4669-9a7c-c987608c1033,6a263bd4-6022-48bd-ba52-b730dd67710c,88.0,,15.0,183.0,,,15.0,15.0,Rectangular,15.0,15.0,10.0,,,0,,32f23cd4-9eea-11e9-8cbd-0242ac120006
97848da2-8dfd-474b-bf5c-4487dd983786,c993597f-7477-41c3-84d5-3c4ca48666b0,6a2ca05c-3aaa-11ea-b44d-0242ac130006,96,,16,202,0,0,14,14,Square,16,16,26.0,,0,0,,32f23cd4-9eea-11e9-8cbd-0242ac120006
a5aa16cf-3141-4250-92e1-9c455c3e54ce,ed99b76b-7b96-4175-a824-67f8f721eabf,6a68a4bf-4153-4db9-9aa4-c5f78331a414,107.0,,15.0,176.0,0.0,0.0,15.0,15.0,Square,14.0,15.0,14.0,,0.0,0,,32f23cd4-9eea-11e9-8cbd-0242ac120006
9ec43f66-f6f1-4e53-9ef8-cd8f6bde0603,a5cca410-dac3-4947-8a24-dfe6dd12bb99,6a68f8a4-ad2d-4c82-97df-70095bf3dd7c,,,20.0,,,,20.0,,Round,,,,,,0,,32f23cd4-9eea-11e9-8cbd-0242ac120006
24d50877-1264-40ac-81d9-98e15313550e,40e712cb-7d8f-4c44-97e2-7b7fd74bfc1b,6a82831d-1e4f-4570-9030-319e6b8a1480,0.0,,0.0,0.0,0.0,0.0,0.0,0.0,,0.0,0.0,0.0,,0.0,0,,32f23cd4-9eea-11e9-8cbd-0242ac120006
c1aa4807-d508-43d3-84b8-3812c8fdfd71,5a2424db-e7b8-4345-bc6e-fffdd0c2cb9b,6cdaf736-d3f8-4b5f-9b6d-384f21c8d902,91.0,,15.0,177.0,0.0,0.0,15.0,15.0,Square,12.0,15.0,15.0,,0.0,0,,32f23cd4-9eea-11e9-8cbd-0242ac120006
1995267f-21bf-4a94-8764-580a7b616c12,2d2cb308-633d-4508-87d1-093602d8d9fb,6da9c621-521e-41d0-97b4-a3a8c2a9c960,0.0,,20.0,150.0,35.0,10.0,20.0,0.0,,0.0,20.0,20.0,,35.0,0,,32f23cd4-9eea-11e9-8cbd-0242ac120006
b32500ac-6c22-44c5-bdea-7068051ad20a,e854d717-f14d-439f-8fb7-63c28dbf66fd,6e03bbf6-0522-11ea-8f3c-0242ac130002,108,,19,164,27,8,19,19,Square,17,17,17.0,,32,0,,32f23cd4-9eea-11e9-8cbd-0242ac120006
30de5967-5302-4ff0-8a29-a8da7254e958,ab5acc13-4fe1-4ca9-9385-ac32992672e5,6fac8c1c-e768-11e9-8bc4-0242ac130002,72,,14,154,22,3,14,12,Square,10,0,0.0,0,22,0,,32f23cd4-9eea-11e9-8cbd-0242ac120006
6a08ba55-0dba-40f5-aeab-d4b76e8233e6,d870d623-c70c-4d12-935a-b2980e7aa1c1,711b19a4-ec10-11e9-b125-0242ac130002,97,,16,167,13,,16,,Square,,15,,18,14,0,,32f23cd4-9eea-11e9-8cbd-0242ac120006
1c34b1c8-7583-4441-8cee-492704161a92,ae88a563-c82e-4a64-a978-5b35537cd4a4,7171bc5b-58ee-4d5d-9808-c118c20022de,35.0,,18.0,160.0,31.0,5.0,18.0,17.0,Square,15.0,17.0,55.0,,31.0,0,,32f23cd4-9eea-11e9-8cbd-0242ac120006
edb08851-44ef-46f0-a9fa-6368e8e8f141,2d96f6b0-221a-4226-a614-c4d9735c6349,7212764c-e691-11e9-8bc4-0242ac130002,42,,50,300,80,15,50,50,Square,13,50,50.0,45,80,0,,32f23cd4-9eea-11e9-8cbd-0242ac120006
edcc0727-d052-41b0-9430-129e7a0ebd35,fbd70f75-5d23-45fd-b4cf-6fc0fda87822,7286700f-4313-42ba-be54-d79933e086a4,,,0.0,,,,,,,,,,,,0,,32f23cd4-9eea-11e9-8cbd-0242ac120006
2197f253-a767-489e-a3a4-2fc8e40d87cf,f3225d32-8aac-4afe-be8a-afd148c66783,72b92b8f-e331-4878-85d4-5aa407f60047,,,21.0,,,,21.0,,Square,,,,,,0,,32f23cd4-9eea-11e9-8cbd-0242ac120006
eb866765-1dd9-4df8-b596-ea88a59c0b1e,03e661f0-7161-4747-a734-8033faf7a661,737cb161-8db7-4e7d-a315-4f6fdf29d047,40.0,,15.0,164.0,0.0,0.0,9.0,9.0,Rectangular,13.0,15.0,15.0,,0.0,0,,32f23cd4-9eea-11e9-8cbd-0242ac120006
0a9ad0f7-11e9-41e6-a07d-73b5418fdd6a,7b67dfd3-5091-423a-8af3-fff47f9ec3bf,74ae042c-e6a8-11e9-b125-0242ac130002,18,,18,137,33,,18,18,Octagonal,12,,,,33,0,,32f23cd4-9eea-11e9-8cbd-0242ac120006
749328d5-e11f-45c4-97ec-147a429383ce,d284a463-f8a6-4f29-a437-101693a67480,75171568-d049-4c63-9fce-ddf40dc4e157,70.0,,20.0,150.0,40.0,10.0,20.0,20.0,Octagonal,20.0,20.0,20.0,,40.0,0,,32f23cd4-9eea-11e9-8cbd-0242ac120006
250a2337-08c1-4eba-a700-9ee792525a8c,acb50e06-ed68-4eed-a99c-1a33801db514,76ab9a02-0244-11ea-8f3c-0242ac130002,,,0,0.0,,,0,,,,,,,,0,,32f23cd4-9eea-11e9-8cbd-0242ac120006
86639e6d-6adf-4af4-bbf8-c3a0fb110970,8aaa42e5-e72a-4cd4-94a1-c8f082c5478d,776a4b78-3709-406d-bdb5-7f65590d125d,0.0,,0.0,0.0,0.0,0.0,0.0,0.0,Rectangular,0.0,0.0,0.0,,0.0,0,,32f23cd4-9eea-11e9-8cbd-0242ac120006
51eefa29-bd73-48d7-8225-0e7da2a5c1bc,af286648-7f1e-4ccc-8670-f20d2503decb,77e6fd7a-5e11-11ea-b4c2-0242ac130006,,,0.0,0.0,,,0.0,,,,,,,,0,,32f23cd4-9eea-11e9-8cbd-0242ac120006
bd470d84-2e09-4eb8-9e84-95eb9267f40b,0070c338-5048-49fb-8b21-2da67f0f5539,781d9148-efea-47f6-bfee-3aa004bf0e43,93.0,,13.0,172.0,,,13.0,13.0,Rectangular,10.0,17.0,17.0,,,0,,32f23cd4-9eea-11e9-8cbd-0242ac120006
e66c4d77-9ea2-4d98-a9af-b9bd5916fd4b,416c458f-da61-4b79-b346-0b710ff1433c,781f49c2-723f-11ea-b99f-0242ac130006,85,,15,156,0,0,15,15,Square,15,15,15.0,,0,0,,32f23cd4-9eea-11e9-8cbd-0242ac120006
e1203273-ef03-4a63-8972-4eec32b89ce6,aa7c1aaa-81fb-48f6-a0f3-a2264c4a29b7,786fe3c9-b65a-4bee-9432-867ae7d7be39,92.0,,15,181,22,7,15,15,Square,15,15,24,,22,0,,32f23cd4-9eea-11e9-8cbd-0242ac120006
53a508ad-872a-47ba-9cfe-0fa57731b2a6,ddb0c6eb-6122-42c4-a0fd-4d8365fb8810,788cd320-e6a8-11e9-8bc4-0242ac130002,13,,20,192,,,20,19,Square,116.0,19,,27,,0,,32f23cd4-9eea-11e9-8cbd-0242ac120006
f37b3f7b-9831-4cb2-a8e9-d226681d570d,8a460a22-5d04-4bc0-b9da-8dc971c86ea6,7a98de01-7e10-4dff-a67f-30e3687f11a7,95.0,,15.0,186.0,26.0,6.0,15.0,15.0,Square,15.0,15.0,15.0,,26.0,0,,32f23cd4-9eea-11e9-8cbd-0242ac120006
c55763a3-bfa1-4868-b3b8-317cc47b3c5d,3ec6d5a5-fe75-46bd-be97-d645344acc75,7ebfcc36-6e7b-4afe-b4ca-a6b4ec2729da,0.0,,0.0,0.0,0.0,0.0,0.0,0.0,,0.0,0.0,0.0,,0.0,0,,32f23cd4-9eea-11e9-8cbd-0242ac120006
e48889d5-9a25-48c5-aa69-c76829600319,a4908bbf-8f1e-42a0-ae00-f5d70f45d108,7f398f5a-a97b-4bb8-9261-b8a0cd448ae7,90.0,,14.0,173.0,0.0,0.0,14.0,14.0,Round,12.0,16.0,12.0,,0.0,0,,32f23cd4-9eea-11e9-8cbd-0242ac120006
6205bc51-21f3-4809-ac7b-8e6e03fddefa,f0b514ba-0532-44d7-a6df-bb1abc1bb72f,81e0d744-ea9c-11e9-b125-0242ac130002,91,,12,153,23,7,12,12,Square,12,,,,23,0,,32f23cd4-9eea-11e9-8cbd-0242ac120006
b34be11e-eaea-448e-aee0-05cfb834cd76,137b9ba9-0a36-4796-a25b-00b58fdb2fd5,81f57520-f0b7-11e9-a3c8-0242ac130002,85,,15,156,44,5,15,15,Rectangular,12,15,12.0,,23,0,,32f23cd4-9eea-11e9-8cbd-0242ac120006
4cb16c94-8c4a-4107-a348-4a460320d245,6b28e308-b537-4bff-9046-b1b7ef6b756f,82776660-bee0-4f35-bb18-a88f7276afeb,,,30.0,120.0,,,30.0,,"Round,Square",,,,,,0,,32f23cd4-9eea-11e9-8cbd-0242ac120006
257f76ef-fae8-487c-a0a4-6b3322203021,4972fcb9-a940-4b13-892c-028fe48de555,828826c8-56cd-11ea-8083-0242ac130006,107,,14,168,22,8,14,14,Square,15,14,17.0,,22,0,,32f23cd4-9eea-11e9-8cbd-0242ac120006
682ea459-3d2e-4571-9c18-af03dc7846bb,217f98d5-4fb5-44c0-8147-d42ac1360f69,83e736d7-89d3-4b2f-93da-fa2dc6744480,0.0,,0.0,0.0,0.0,0.0,0.0,0.0,,0.0,0.0,0.0,,0.0,0,,32f23cd4-9eea-11e9-8cbd-0242ac120006
3aeb1ec8-833f-4282-b88e-cc27bb09278f,0b83eeaa-b089-471b-85fc-679651c5a3da,85caf911-91c6-4848-84fa-0e09aef3e05d,97.0,,12.0,154.0,0.0,0.0,12.0,12.0,Square,12.0,12.0,12.0,,0.0,0,,32f23cd4-9eea-11e9-8cbd-0242ac120006
8d079f53-7b74-477e-b16f-acbdd105f2a6,d71e07e4-2d8e-4fc2-9f63-2a573d279bd2,8657bd6a-9d6b-11ea-9766-0242ac130005,109.0,,18.0,160.0,29.0,7.0,18.0,13.0,Square,13.0,30.0,13.0,,29.0,0,,32f23cd4-9eea-11e9-8cbd-0242ac120006
dff1fc30-c298-4f6e-83b3-2179891f3ae8,390f213b-ecca-4b9f-a2c6-2c29eadbccb6,8668778f-085d-4d1c-bf8a-ed3e0e5c96e3,0.0,,0.0,0.0,0.0,0.0,0.0,0.0,,0.0,0.0,0.0,,0.0,0,,32f23cd4-9eea-11e9-8cbd-0242ac120006
d0990f5e-b08f-4d86-8add-d66caab3b3e1,5761d36c-a16b-4231-a8a0-fea6462c4bd6,86c994be-020a-11ea-a389-0242ac130002,108,,15,176,25,5,15,15,Square,14,15,15.0,,25,0,,32f23cd4-9eea-11e9-8cbd-0242ac120006
5e6d7b31-b8a2-42de-aa7d-82b03d5297b0,e2d5e475-7788-48d5-a4db-491cd76e79ab,870f3118-e67b-11e9-8bc4-0242ac130002,13,,18,183,,,18,18,Square,106,,,,,0,,32f23cd4-9eea-11e9-8cbd-0242ac120006
1ac6421e-26d5-4abc-9c95-4a1c27abd8cc,2d618430-3339-4e33-9779-eb181ae58b66,8720230c-b399-41b7-a0db-08f7116f4612,115.0,,15.0,163.0,0.0,0.0,15.0,15.0,,13.0,15.0,15.0,,0.0,0,,32f23cd4-9eea-11e9-8cbd-0242ac120006
01497a1d-2e8e-4e44-8d7d-d1d351e25291,ae99d5d9-b5e7-471f-aa17-a6bfaaf9f6cf,87486c5c-cf5a-44bc-937b-8ccff40fd44b,,,0.0,,,,,,,,,,,,0,,32f23cd4-9eea-11e9-8cbd-0242ac120006
efe94927-b155-4300-ada7-636c15b0a421,f52e7842-58ca-4b31-ab5a-e4c56b7a92d6,8781be4e-af8f-11ea-9766-0242ac130005,,,0.0,,,,,,,,,,,,0,,32f23cd4-9eea-11e9-8cbd-0242ac120006
e7746de0-7db3-4455-9f80-b52901810605,698ca5ef-8677-42e1-a79f-3bf11aa6a2d9,88628b43-2a88-45c3-8a99-07f0d5b84cec,90.0,,15.0,168.0,,,15.0,12.0,,12.0,14.0,18.0,,,0,,32f23cd4-9eea-11e9-8cbd-0242ac120006
fd1d69f0-b429-41f1-9ad3-a30c4d7c5bfb,4bb3632e-0deb-42e8-ab1e-46a20b9beaa6,88835980-3eff-48f9-8655-81f58fa018c2,,,15.0,,,,15.0,,Square,,,,,,0,,32f23cd4-9eea-11e9-8cbd-0242ac120006
d0f8d137-1718-4de3-9b9e-e4dbb09bb5ff,59538bf5-a2cb-43e9-ac2a-8a5d957f0091,88b72ab0-e6b3-11e9-8bc4-0242ac130002,,Pot motifs,,,,,,,Square,26.0,,,,,0,,32f23cd4-9eea-11e9-8cbd-0242ac120006
c58d0279-b866-4e3f-8149-4315a1d908c7,d83f3d6b-6e17-4dc4-b811-7929fd6aed6e,8ad6f527-a10b-4452-95dc-9d3ed9f9912d,110.0,,16.0,166.0,0.0,0.0,16.0,16.0,Square,15.0,16.0,20.0,,0.0,0,,32f23cd4-9eea-11e9-8cbd-0242ac120006
e326c1a0-92fb-45de-acae-bd4cdc351de9,dbab7290-4b0e-402c-bf51-88dc1721cfc1,8bd0dd8f-8bee-4b91-a977-d2b40db4a23c,91.0,,17.0,171.0,0.0,0.0,17.0,17.0,Square,12.0,17.0,29.0,,0.0,0,,32f23cd4-9eea-11e9-8cbd-0242ac120006
23727829-b653-445b-8d32-92fc1529542a,0aea9deb-88ed-4106-b272-00faf483af51,8bf6cc7e-e8fe-11e9-8bc4-0242ac130002,10,,9,145,,,9,9,Square,63,9.5,12.5,,,0,,32f23cd4-9eea-11e9-8cbd-0242ac120006
6444ca36-b16d-4c28-9248-04f9fbdeae67,6c221773-1a78-469d-9258-97e6af3bef42,8c5e73b9-f669-4839-b375-093e33198b93,73.0,,17.0,162.0,,,17.0,17.0,Square,10.0,14.0,16.0,,,0,,32f23cd4-9eea-11e9-8cbd-0242ac120006
d5c85c82-b9fe-4e0e-9070-c0ce0eb5a603,8590a75b-2301-4525-9cf9-b1c69069093c,8d7016d6-5470-11ea-b4c2-0242ac130006,100,,16,159,0,0,16,17,Square,13,17,21.0,,0,0,,32f23cd4-9eea-11e9-8cbd-0242ac120006
ef19d00f-f294-48a6-9b3c-414d8608e951,7b77cb36-ad36-424c-8ef7-777c10432465,8eca193e-f410-11e9-8649-0242ac130002,,,26,240,,,32,,,,,,,,0,,32f23cd4-9eea-11e9-8cbd-0242ac120006
6fcd5f24-e4f0-47ba-a397-fca44b4d267d,71f167ab-b98b-4967-8e31-c60d87d06e22,8ef7a2bb-be68-438f-9902-2914c6ebc9f1,0.0,,0.0,0.0,0.0,0.0,0.0,0.0,,0.0,0.0,0.0,,0.0,0,,32f23cd4-9eea-11e9-8cbd-0242ac120006
e343cd5a-ab47-46c2-ad55-b36bb6456686,6b6ae07f-6052-4ba0-91d7-566f32e25209,8f1db6ee-e77b-11e9-8bc4-0242ac130002,11,"Deities,Vegetal motifs",18,165,,,18,15,Square,86.0,13,,17,,0,,32f23cd4-9eea-11e9-8cbd-0242ac120006
cc67acae-157c-4824-94eb-5c736a069250,88d613d9-d3e6-4724-9709-f8524583946f,8f55831e-9d6d-11ea-9766-0242ac130005,0.0,,15.0,167.0,0.0,0.0,15.0,0.0,Round,0.0,15.0,10.0,,0.0,0,,32f23cd4-9eea-11e9-8cbd-0242ac120006
6a5d30c1-2f47-4cd6-9af9-b2b37a6f0fd1,08d355d4-dd37-4951-a605-34b241d14838,8f604b7b-bd43-493f-87e8-e36d69990ad9,0.0,,0.0,0.0,0.0,0.0,0.0,0.0,,0.0,0.0,0.0,,0.0,0,,32f23cd4-9eea-11e9-8cbd-0242ac120006
5562e594-6dc5-4629-b5f1-55a9a5c41f1c,a19daee0-d556-4834-b769-5d3829a3c19d,8f639858-8eec-11ea-8e56-0242ac130005,100,,15,174,,,15,15,Square,14,15,23.0,,,0,,32f23cd4-9eea-11e9-8cbd-0242ac120006
16109e24-29d7-4e9c-9572-dfdf661329ea,a3370b17-d028-4d67-b952-50554e1a93fc,8f7a0db3-8133-4eb5-97b0-8b0c8703aa82,0.0,,0.0,0.0,0.0,0.0,0.0,0.0,,0.0,0.0,0.0,,0.0,0,,32f23cd4-9eea-11e9-8cbd-0242ac120006
3126278e-86a0-4f59-84c7-a9d7d703336b,cc5e1795-0189-415a-a0e8-dd8bc11a2b34,8fa97d24-02ff-11ea-a389-0242ac130002,95,,20,198,,,20,20,Square,12,20,15.0,,,0,,32f23cd4-9eea-11e9-8cbd-0242ac120006
f7a05bd3-c648-407e-9cc7-0daaa34f928f,1dc70a7d-6e05-4c66-8cab-b2df1aead7b5,8ffce5d6-df78-11e9-81a8-0242ac140006,78,,14,172,0,0,12,12,Rectangular,14,12,14,0,0,0,,32f23cd4-9eea-11e9-8cbd-0242ac120006
029e97b4-bb30-4e67-babd-cb72d6af9e2a,25a9670d-c57e-42e0-83e8-909a07690069,900a45b8-7fde-496b-b6c8-2bb60128983a,110.0,,16.0,175.0,24.0,6.0,16.0,16.0,Square,14.0,15.0,14.0,,27.0,0,,32f23cd4-9eea-11e9-8cbd-0242ac120006
f8f03835-ee89-4e60-9869-975151519f33,440ab1ac-cd91-4a35-b2b0-d10a122f814d,906628ca-19ff-4a2b-bc04-db34fdeec3f8,,,0.0,,,,,,,,,,,,0,,32f23cd4-9eea-11e9-8cbd-0242ac120006
d8c77269-8b0d-47fa-9317-b9acdff77918,e73b5787-e2ba-4097-b5a4-45ae659a7036,908fcace-b19e-4829-b2a1-db91bb11bde6,52.0,,10.0,205.0,0.0,0.0,10.0,12.0,Square,13.0,9.0,11.0,,0.0,0,,32f23cd4-9eea-11e9-8cbd-0242ac120006
16421166-3177-4f36-9528-eb1fdf5f5b25,1face600-7596-4561-9d5e-78cde61ddb53,90a5b5ca-e613-11e9-b125-0242ac130002,,,,,,,,,Round,,,,,,0,,32f23cd4-9eea-11e9-8cbd-0242ac120006
eaabe324-81b3-4972-a710-ce08e4f3cc27,fe52264a-c359-40d6-aa1f-5bc9f0d6c833,92ec797a-e91c-11e9-b125-0242ac130002,18,,18,200,,,18,14,Square,106,,,,,0,,32f23cd4-9eea-11e9-8cbd-0242ac120006
8fad298f-aa56-4fda-9c1c-5345352acb45,475d3c73-131e-4b96-ba01-30488b780b42,930f4862-eb68-11e9-8bc4-0242ac130002,82,Vegetal motifs,12,17,,,12,12,Square,12,13,13.0,13,,0,,32f23cd4-9eea-11e9-8cbd-0242ac120006
8819ecb8-d11e-46c5-9bd7-ab1e50970547,1db46215-4fb1-4907-976b-4176337eced1,95846732-e5e4-11e9-b125-0242ac130002,14,,20,159,32,31,20,18,Square,74,20,,17,7.0,0,,32f23cd4-9eea-11e9-8cbd-0242ac120006
e35f8f38-1bd6-4866-9237-13e8a9ff3772,ae7461a4-ab3a-41fe-8576-7aa339aa910f,958fbc2c-e837-11e9-8bc4-0242ac130002,67,Vegetal motifs,17,159,26,5,17,13,Square,15,15,12.0,12,26,0,,32f23cd4-9eea-11e9-8cbd-0242ac120006
9b2ce286-a9bc-4799-b239-30b8bb4ad428,a0df4de1-34d7-4b31-990d-9d216e9c370d,95b952e2-e8c5-11e9-8bc4-0242ac130002,82,Vegetal motifs,12,161,,,12,10,Square,12,,,,,0,,32f23cd4-9eea-11e9-8cbd-0242ac120006
064f342d-3585-4a78-9a4a-2970e1a48752,c567e405-1b31-414d-bb04-a74fe3f910da,95de5b2e-4292-11ea-b44d-0242ac130006,,,0,0.0,,,0,,,,,,,,0,,32f23cd4-9eea-11e9-8cbd-0242ac120006
e27783ae-7b6d-499d-9090-4fe0c721165a,cf335fbb-2c65-41ab-97c3-548dd1fba4ff,96d763ae-020a-11ea-a389-0242ac130002,95,,14,162,19,8,14,12,Square,12,12,12.0,,19,0,,32f23cd4-9eea-11e9-8cbd-0242ac120006
928e3302-f48b-4de1-9a4a-004158dc2fa1,6f6b5c7d-5743-4460-8dfc-361fa96dbefc,97c8d066-f0e6-11e9-a3c8-0242ac130002,15,,80,,,,,15.0,Square,,,,,,0,,32f23cd4-9eea-11e9-8cbd-0242ac120006
d2ec49b3-f55b-4a8b-8451-66255233d6fb,45c50613-c284-4440-a5cd-2741b1ecb4e4,97f7c7ff-da96-44f3-9841-9e708675d5b4,79,,13,162,13,8,13,11,Square,12,12.0,14.0,,13,0,,32f23cd4-9eea-11e9-8cbd-0242ac120006
748bfc74-c64a-4d4c-9d82-2f46c309fcd6,d3358533-fd9b-4566-9194-6a9ba0f26809,9884d7b8-e92d-11e9-8bc4-0242ac130002,18,,15,160,,,15,14,Square,81,18,,14,,0,,32f23cd4-9eea-11e9-8cbd-0242ac120006
cdcdf2c5-2fc2-42e9-b0ba-f4711fdb51fb,15c6a57e-0450-415f-85be-6a85bd7356f4,989f4dde-8eee-11ea-8e56-0242ac130005,70,,15,155,20,5,15,13,Square,13,15,15.0,,20,0,,32f23cd4-9eea-11e9-8cbd-0242ac120006
ea6f46ba-8321-4d8d-bc2c-3fda3e117c82,96381655-8482-4e98-9735-2459ef38d499,98b92c2f-f4d6-439b-8f42-b34bab291ad4,,,17,172,0,0,17,0,Square,0,17,20,,0,0,,32f23cd4-9eea-11e9-8cbd-0242ac120006
ff92ce6a-9a1c-48a7-93b4-73b1125748bb,b2bfd73c-6412-4866-ba87-e124ec405487,98c7b75a-e729-11e9-8bc4-0242ac130002,,,25.0,,,,,,Round,,,,,,0,,32f23cd4-9eea-11e9-8cbd-0242ac120006
de2146b4-d0d5-4c1b-b59e-6f44fc1ff73b,d8de215d-856a-432b-a96d-365c73a5cf61,990ceb20-1c32-11ea-b9b1-0242ac130002,,,16,172,,,10,,Rectangular,,10,14.0,,,0,,32f23cd4-9eea-11e9-8cbd-0242ac120006
80daacbd-3173-4a6e-9180-9cc596c3b3b8,fb2c3f29-976b-468c-a120-021f1927d1e4,99a444d4-6d05-42b3-8d29-d17839072d01,0.0,,0.0,0.0,0.0,0.0,0.0,0.0,,0.0,0.0,0.0,,0.0,0,,32f23cd4-9eea-11e9-8cbd-0242ac120006
e3dafbf5-32b4-438a-902b-24312e7aa88d,adddfb72-8264-4c59-b45d-26c79719e051,9d4436ef-a0b8-44e1-9090-2ebc3e2a8bf0,86.0,,11.5,181.0,20.0,5.0,11.5,11.5,,11.5,14.0,14.0,,20.0,0,,32f23cd4-9eea-11e9-8cbd-0242ac120006
a392f1ed-b7f9-4f6f-be23-52561325dddc,a4baab5d-b463-4a49-9eec-08474a258f99,9d5039d0-e979-11e9-8bc4-0242ac130002,,,,,,,,,Octagonal,,,,,26,0,,32f23cd4-9eea-11e9-8cbd-0242ac120006
c661ba64-193f-43e9-8cd4-33fa0af6165d,a09ea03a-8e8f-47f8-b510-f9ef8c7fd0cb,9df40600-ef45-4e96-a503-e51e961d4182,0.0,,0.0,0.0,0.0,0.0,0.0,0.0,,0.0,0.0,0.0,,0.0,0,,32f23cd4-9eea-11e9-8cbd-0242ac120006
3ac86267-ac15-44e7-957b-9d292587bb6e,e90abc5c-11c3-4a2e-a7e6-674fa0dd123b,9e929afa-0e37-4e57-9228-d7d244a486bc,19.0,,20.0,169.0,28.0,5.0,20.0,14.0,Square,75.0,19.0,19.0,,28.0,0,,32f23cd4-9eea-11e9-8cbd-0242ac120006
d57d3d30-1130-4392-8702-15b8a835e230,2f46382d-43e3-4bab-8cc9-d6e25d3e4f1c,9f7d86ba-e6c5-11e9-b125-0242ac130002,13,"Pot motifs,Vegetal motifs",13,156,,,13,13,Square,72,,,,,0,,32f23cd4-9eea-11e9-8cbd-0242ac120006
c99daef2-248b-4cdf-88ba-eaae6b894f67,eb6ed7c1-66ec-4105-b174-5431bee9221a,9fce2e86-16a8-11ea-b9b1-0242ac130002,0,,0,0,0,0,0,0,,0,0,0.0,,0,0,,32f23cd4-9eea-11e9-8cbd-0242ac120006
9e03502e-16b1-4907-b1a4-10cc186eec54,d30509d5-05a4-483c-a0e7-d145ca69d4f4,a0067903-e67a-4795-97b3-1e943372ca47,75.0,,15.0,183.0,0.0,0.0,15.0,15.0,Square,15.0,15.0,10.0,,0.0,0,,32f23cd4-9eea-11e9-8cbd-0242ac120006
c5b1307b-bce7-4b0d-b2a8-b6f370d36e1a,f2a4b9b4-d9be-43a8-baeb-96f1c9b3eb7c,a0771bce-eb36-11e9-8bc4-0242ac130002,27,,27,168,4,8,27,17,Square,152,,,,40,0,,32f23cd4-9eea-11e9-8cbd-0242ac120006
0713e190-4300-4fab-8c59-44d459e63c9e,2739e102-a9ca-4b4b-a4fd-7f1de28c134a,a07b81ab-63f4-42de-bc49-adcfcbf04639,,,0.0,,,,,,,,,,,,0,,32f23cd4-9eea-11e9-8cbd-0242ac120006
93e5de9b-80fa-4001-b9b5-f9068af77519,78a79807-8fc3-4fad-b9ba-7fe571e824a6,a12441fe-e7f9-11e9-b125-0242ac130002,91,,15,155,,,15,11,Square,12,,,,,0,,32f23cd4-9eea-11e9-8cbd-0242ac120006
090a3cba-541d-4ec7-9c2f-f91a8de632d7,c743b6ed-e28b-48de-8b04-618197eea4fe,a16942b4-e65e-11e9-8bc4-0242ac130002,,,,,,,,,Square,,320.0,,95,,0,,32f23cd4-9eea-11e9-8cbd-0242ac120006
dd187c47-a30d-4323-a496-7aeffc53724a,1634fd47-59d7-4549-99a0-9bc0c25cdcc2,a1c7421f-fcb4-4730-939f-f15fc0875903,,,0.0,0.0,,,0.0,,,,,,,,0,,32f23cd4-9eea-11e9-8cbd-0242ac120006
fc54a3ca-5e86-4385-b03a-3a275d7cd65f,feed6090-2628-499f-ad5c-780db2dd62a4,a2b60b1a-1760-11ea-b9b1-0242ac130002,79,,13,1862,,,13,12,Square,11,12,14.0,,,0,,32f23cd4-9eea-11e9-8cbd-0242ac120006
cb0398fc-08f9-48f0-8ee3-8ffb70cae6aa,7f0f6145-01b1-48a2-8c2f-05a47313bd7a,a45fa664-3093-49ce-994b-1ab74ee2ba95,108.0,,20.0,179.0,,,20.0,19.0,Square,12.0,17.0,22.0,,,0,,32f23cd4-9eea-11e9-8cbd-0242ac120006
39a9c61c-0b01-464d-8f7a-bff319abcafd,cd36c9f3-364c-4309-aa9c-58d686ba7cf9,a79cdd22-e806-11e9-b125-0242ac130002,13,,15,156,,,15,13,Square,88.0,13,,13,,0,,32f23cd4-9eea-11e9-8cbd-0242ac120006
59ae8473-6a8d-4997-a7db-02c14cdf5802,ec4cb144-88a8-4e3c-92c1-677905338f12,a7d6372d-28cc-4130-b01d-060b1a6800e1,102.0,,18.0,216.0,,,18.0,18.0,Square,12.0,18.0,15.0,,,0,,32f23cd4-9eea-11e9-8cbd-0242ac120006
dc408691-9c0c-4676-8e45-848729281feb,7dc1f4cb-052a-4ccb-92cd-bd08b7555900,a867501c-b232-4830-aa77-ee21f742ba92,72.0,,14.0,171.0,0.0,0.0,12.0,12.0,Rectangular,12.0,12.0,14.0,,0.0,0,,32f23cd4-9eea-11e9-8cbd-0242ac120006
fb1f5241-fb72-4517-9a15-7eed2b880359,18c0c60b-53b7-46e4-a406-91d851afb807,a89893f8-eb06-11e9-8bc4-0242ac130002,,,18,150,,,18,,Square,,,,,,0,,32f23cd4-9eea-11e9-8cbd-0242ac120006
977be443-6c79-43d0-a112-79b890a198a3,011e73fc-2290-486d-b2d1-e5081fd8d8f4,a8bb767e-f54d-11e9-8649-0242ac130002,20,,20,135,30.0,,20,20,Octagonal,98,,,,30,0,,32f23cd4-9eea-11e9-8cbd-0242ac120006
acb014ef-82aa-4572-9755-a1e6d8ab6f8e,d1d943d8-fc7a-4824-9b19-97dfebd15c3c,a910d68c-e9bd-11e9-8bc4-0242ac130002,,,,,,,,,Square,,,,,,0,,32f23cd4-9eea-11e9-8cbd-0242ac120006
17a87ee0-493e-468a-a7cb-0be485c4097b,9f3c0579-2ba0-4f57-bb1b-2590095e30d0,a91155c6-e751-11e9-8bc4-0242ac130002,14,,14,153,,,14,14,Square,115,,,,,0,,32f23cd4-9eea-11e9-8cbd-0242ac120006
0582d70c-d1c5-4c8c-86c0-987383f97e60,2dde002f-5381-40ef-811a-7b5d60af459b,abf85117-e75e-4438-82da-aa6b6e15d0f3,69.0,,14.0,146.0,0.0,0.0,14.0,14.0,Square,11.0,14.0,17.0,,0.0,0,,32f23cd4-9eea-11e9-8cbd-0242ac120006
4668b733-335c-45c0-bd85-80b5f92a7041,373a6345-b4ce-4184-b201-c96f0f9d8b6e,ac2862e2-1666-11ea-bc0e-0242ac130002,,,15,20,,,1,,Square,0,,,,,0,,32f23cd4-9eea-11e9-8cbd-0242ac120006
e29dfefa-4c43-411e-a5f3-b760a4e2a8d7,ca349461-e148-481d-9e5f-62c27ee06f4d,ac64e224-ea6c-11e9-b125-0242ac130002,90,,,,,,,13,Square,13,14,,13,,0,,32f23cd4-9eea-11e9-8cbd-0242ac120006
a1131c05-3c01-490c-a28f-a0e87a16bbf6,b2990001-671d-4b89-be1c-8aa5b3b1d227,adc2f4ee-e99a-11e9-b125-0242ac130002,15,,,,25,6.0,,15,,95,,,,25,0,,32f23cd4-9eea-11e9-8cbd-0242ac120006
3b28e85b-1064-4c9d-8317-40b196d3b23e,0488dba5-77c9-42ab-bc0d-21557104d09f,adfd2472-e808-11e9-8bc4-0242ac130002,1,,15,160,,,15,15,Square,89.0,15,,12,,0,,32f23cd4-9eea-11e9-8cbd-0242ac120006
320437ce-c6b7-4a43-99da-c83f32bd4214,dbeaba89-dc6c-40f2-b82d-631d0f710876,ae58c406-0473-4bad-86cc-722a48513358,0.0,,0.0,0.0,0.0,0.0,0.0,0.0,,0.0,0.0,0.0,,0.0,0,,32f23cd4-9eea-11e9-8cbd-0242ac120006
7cbd6666-50b7-4f1e-a765-29648cd56c27,72151d3e-8c8f-4c6c-bb06-23d76826eda8,aedf5947-88c8-45f9-8226-c260ec8e73ec,0.0,,0.0,0.0,0.0,0.0,0.0,0.0,,0.0,0.0,0.0,,0.0,0,,32f23cd4-9eea-11e9-8cbd-0242ac120006
854816fe-3e3a-4837-90e8-bcb07dac4222,8de042af-7488-4ba2-a477-7cefbbbb2c14,aefd4c30-f410-11e9-a3c8-0242ac130002,121,,21,177,8,35,21,19,Square,18,19,22.0,,35,0,,32f23cd4-9eea-11e9-8cbd-0242ac120006
5e90c6b4-80cc-4bdd-bfcd-f5245ee2a0da,54a80ad9-b58d-4898-9898-c17f01671c2b,afda32ed-6743-46ce-9ba6-bf127276619c,88.0,,13.0,152.0,24.0,5.0,13.0,13.0,Square,12.0,12.0,17.0,,24.0,0,,32f23cd4-9eea-11e9-8cbd-0242ac120006
6b20c5af-90ff-4c70-a86a-efdc238945bf,e889260f-d37f-4bcd-9bfe-8c07fdcf4954,b01f2744-ea8f-11e9-8bc4-0242ac130002,76,Vegetal motifs,12,163,0,0,12,12,Square,12,12,12,0,0,0,,32f23cd4-9eea-11e9-8cbd-0242ac120006
ab3680a7-cee2-4d13-8795-9ff89d6ea1a8,4a03ec6b-3995-4c10-9265-b82cfaa94e91,b088faf0-5abf-4b86-be5c-8386de2d9fda,77.0,,15.0,169.0,,,15.0,15.0,Square,15.0,15.0,15.0,,,0,,32f23cd4-9eea-11e9-8cbd-0242ac120006
3b911da2-d69f-468f-bb87-862d6b5814d3,69dbda27-6ea4-4bdd-938e-1d8075a649eb,b0c83c96-e4ed-11e9-8bc4-0242ac130002,76,,14,109,,,14,14,Square,12,9,14,355,,0,,32f23cd4-9eea-11e9-8cbd-0242ac120006
d907acf8-977e-4f52-91ba-e75153bec023,69a82b9b-dcad-42f5-b1a5-89c3dc3b27c1,b1226710-e61f-11e9-8bc4-0242ac130002,12,,13,145,,,13,10,Square,75,10,0,12,,0,,32f23cd4-9eea-11e9-8cbd-0242ac120006
653394d6-99e6-4d21-ac81-3a90671145f9,3f86ef38-054b-4647-9c2e-5ba05e34e2ff,b158dddc-a46e-11ea-9766-0242ac130005,,,0.0,0.0,,,0.0,,,,,,,,0,,32f23cd4-9eea-11e9-8cbd-0242ac120006
404ed248-96cf-4926-a024-ebc19c650119,6a66f87b-7de1-4156-a872-4a164da22337,b19203da-3b84-11ea-a19a-0242ac130006,80,,14,170,0,0,9,9,Rectangular,14,10,16.0,,0,0,,32f23cd4-9eea-11e9-8cbd-0242ac120006
e8e23325-cd85-4a3c-9297-754deb9edc1a,6a14fb3a-02e8-40a1-b0d8-6c31deedb597,b1a676be-eb4b-11e9-8bc4-0242ac130002,,,13,116,,,13.0,,Octagonal,,,,,,0,,32f23cd4-9eea-11e9-8cbd-0242ac120006
c24f9555-994d-4467-bd24-f37557fce143,011da504-d5de-444f-bfa9-29140e6a2025,b21b09ef-1998-4f1f-8e8b-ffe6b99f9116,77.0,,14.0,167.0,,,14.0,14.0,Square,10.0,,,,,0,,32f23cd4-9eea-11e9-8cbd-0242ac120006
acc4b241-d32b-4e3c-90d2-668aa80adbab,efbf0033-c0ad-457c-8476-7a4943d59dda,b23905f8-e7f2-11e9-8bc4-0242ac130002,10,,10,162,,,10,10,Square,73.0,,,,,0,,32f23cd4-9eea-11e9-8cbd-0242ac120006
69bd925b-9833-4c33-bc3d-1c8dfa806016,9f51baa7-e874-45b2-8b9a-5f3e8f127a23,b2fd35c0-aa7b-40d1-98e3-9d268cbd6e90,74.0,,20.0,167.0,0.0,0.0,20.0,19.0,Square,14.0,18.0,22.0,,0.0,0,,32f23cd4-9eea-11e9-8cbd-0242ac120006
3f9aaf80-845a-4f88-8e09-0f6edf55d78e,f909c3a6-a0ca-464d-bf4e-dafd55598312,b345df3c-e71d-11e9-b125-0242ac130002,20,,12,179,23.0,,12,20,Square,,19,,15,23,0,,32f23cd4-9eea-11e9-8cbd-0242ac120006
ebe135f6-b99f-483b-9b4f-c168c26dd9c2,25998f50-288b-4780-9816-e7eb1d974dbd,b573cb9c-9644-4567-841d-83fc0c61403b,,,27.0,,,,29.0,,Square,,,,,,0,,32f23cd4-9eea-11e9-8cbd-0242ac120006
24d46a4e-0dd4-4291-aa7c-741f90ae1424,c6928f67-9ce2-44c7-87e9-5ebdf66f823c,b5f8d23a-166a-11ea-a10c-0242ac130002,0,,23,202,0,0,23,0,Square,0,23,16.0,,0,0,,32f23cd4-9eea-11e9-8cbd-0242ac120006
ae03e648-47d4-4864-b1c9-91c338e879d1,42bf5919-a25f-4f60-88ef-9a8904713562,b690f84e-94ec-4f89-b376-e7e3fbd55ddd,,,13.0,,,,13.0,,Square,,,,,,0,,32f23cd4-9eea-11e9-8cbd-0242ac120006
1bf75e33-5187-4047-a20c-284a367b1d99,1989eefa-e695-48d6-93b8-4a2a35751d09,b6c2586a-e77d-11e9-8bc4-0242ac130002,15,,15,154,14,8.0,15,15,Octagonal,83,15,,15,26,0,,32f23cd4-9eea-11e9-8cbd-0242ac120006
ad24651f-96ed-4b1b-b829-ee912cd1de6c,0c361e03-a080-42f1-83ab-2a5b3af25648,b6c6ae2c-b5f6-11ea-9e0d-0242ac130005,114,,19,163,31,6,19,12,Square,17,16,17.0,,31,0,,32f23cd4-9eea-11e9-8cbd-0242ac120006
e06817e5-263e-49a3-ba8b-47ecbf7d0e30,ed326a9b-801f-4329-9c26-9d56d8f00f7c,b717f92c-5e11-11ea-8083-0242ac130006,,,0.0,,,,,,,,,,,,0,,32f23cd4-9eea-11e9-8cbd-0242ac120006
e4b1d2c8-4c1f-4bda-bec1-7c78db0c341f,10359cff-509e-444e-817a-c2cca9539669,b7910d9c-e915-11e9-b125-0242ac130002,67,Vegetal motifs,12,162,,,13,8,"Round,Square",10,11.5,9,,,0,,32f23cd4-9eea-11e9-8cbd-0242ac120006
34eba171-7890-4290-a411-df5a9698a026,44398d96-9dbd-4ea6-b1e8-d41cf11b970b,b7adbd29-8528-4609-9ec5-fb8db9579d4d,102.0,,18.0,170.0,26.0,6.0,18.0,18.0,,21.0,18.0,16.0,,26.0,0,,32f23cd4-9eea-11e9-8cbd-0242ac120006
a1e3307d-4037-4fa0-8593-c376d4065f2d,39ca1082-a80f-458a-abd6-00f464fecfc1,b83ff19b-0e10-4281-8bbc-92cff905383f,98.0,,17.0,172.0,29.0,7.0,17.0,16.0,Square,12.0,15.0,20.0,,29.0,0,,32f23cd4-9eea-11e9-8cbd-0242ac120006
a8c2575a-99ea-4ee2-98a1-4f70c218abd1,51c6f336-d431-4605-8d7d-50a954492a09,b90d17aa-ebff-11e9-8bc4-0242ac130002,1,,21,137,32,18,20,18,Octagonal,83,18,0,18,32,0,,32f23cd4-9eea-11e9-8cbd-0242ac120006
1ad5d81e-674e-44e6-af33-517d5c738bf6,2a36ea42-1ed9-4f58-8f71-a2d43558e75f,b92b7a0f-0268-43e8-bbe2-d83d39d6e54b,98.0,,15.0,184.0,,,15.0,15.0,Square,13.0,15.0,20.0,,,0,,32f23cd4-9eea-11e9-8cbd-0242ac120006
e53dee1a-5eeb-4306-8ff3-fe63605a4274,52333795-d9e9-4de5-87ce-356d07b76680,b9ae5311-886f-4c4e-a207-1d16593c3d1b,0.0,,0.0,0.0,0.0,0.0,0.0,0.0,,0.0,0.0,0.0,,0.0,0,,32f23cd4-9eea-11e9-8cbd-0242ac120006
297c3c85-1eeb-457f-a6ca-e65461e1105e,5f99375e-e52c-4486-b5a1-18c3da647955,b9e8a7f4-65d8-11ea-b4c2-0242ac130006,85,,20,205,0,0,20,20,Square,20,20,25.0,,0,0,,32f23cd4-9eea-11e9-8cbd-0242ac120006
a47cb0d1-bf77-4f3e-8c04-d3d5ddc0dc6b,b9a0cf28-a457-4530-9751-82410ca0c7da,b9ea1eba-e8c2-11e9-b125-0242ac130002,,,38,140,,,38,,Octagonal,,18,18.0,,,0,,32f23cd4-9eea-11e9-8cbd-0242ac120006
3ee75988-8666-45fd-b125-f85a1826e24f,f4e779dd-a4d2-4e09-b9f7-a31b46acc5b9,ba289280-9a88-11ea-82af-0242ac130005,110,,15,187,0,0,15,12,Square,12,12,12.0,,,0,,32f23cd4-9eea-11e9-8cbd-0242ac120006
d049942d-5e13-4996-9eed-5908ec2df05d,248da8fa-cff2-4381-9ee7-d87b8a23e35a,ba391e8f-b8ce-4cdb-9e24-8c254e2b24c6,,,,,,,,,"Octagonal,Square",,,,,,0,,32f23cd4-9eea-11e9-8cbd-0242ac120006
f8f75590-c6d9-4fff-81af-ced739721735,40dd9a7f-958c-46d9-a65d-a3fdc09d420e,baf9c7ea-0782-11ea-b2c1-0242ac130002,0,,42,246.0,0,0,42,0,Square,0,0,0,,0,0,,32f23cd4-9eea-11e9-8cbd-0242ac120006
1ebc4a16-0547-4432-99a9-8e2d3f2e816b,591c306b-d949-46df-a51f-d8cd0ffa4273,bb7c0f44-35d0-11ea-a67f-0242ac130002,75,,13,172,24,7,13,11,Square,11,15,18.0,,24,0,,32f23cd4-9eea-11e9-8cbd-0242ac120006
d8177bf3-ef3c-4842-9c7a-e70584309f3a,74371093-0788-4099-90f8-4418077f1b34,bbb0b3d2-e681-11e9-8bc4-0242ac130002,84,,15,160,0,0,15,13,Square,13,15,15.0,,0,0,,32f23cd4-9eea-11e9-8cbd-0242ac120006
aa1f6f84-ff05-4c24-b6fa-c1f4d7de5a6a,1ff593ae-cee6-44a0-bb15-8a5f4e7f877d,bbe0fc5e-d632-11e9-a1bd-0242ac140006,80,"Vegetal motifs,Pot motifs,Deities",25,156,48,22,25,25,Square,28,25,28,,48,0,,32f23cd4-9eea-11e9-8cbd-0242ac120006
0e849340-c92c-46eb-a751-e90004b1f935,4f9f4e96-7267-40ae-b9b2-5a8fba398629,bbf0265a-2f5e-46cf-a7b1-321c77b3d84b,87.0,,15.0,168.0,,,15.0,15.0,Square,15.0,15.0,15.0,,,0,,32f23cd4-9eea-11e9-8cbd-0242ac120006
35a9c669-f635-4b4b-bee9-23e3c127aab7,b6fe33f4-605d-4aef-a683-1b40f20c5885,bc3c1b44-e60d-11e9-8bc4-0242ac130002,12,,12,152,,,12,12,Square,75,14,,12,,0,,32f23cd4-9eea-11e9-8cbd-0242ac120006
041db6ce-3cf9-4c13-855a-6bdbf28a97f8,b855c126-41d6-41a1-99bd-7b82187035e2,bdca6826-e8d3-11e9-b125-0242ac130002,80,,19,190,0,0,19,15,Square,15,16,16,0,0,0,,32f23cd4-9eea-11e9-8cbd-0242ac120006
c81b2cf4-9307-4864-aa37-f16483cd5345,1cab435f-343f-4fa2-9d1d-8bd2abc421aa,bdd6cf60-bf76-4b4c-b840-05df41a35429,,,20.0,150.0,,,20.0,,Square,,,25.0,,,0,,32f23cd4-9eea-11e9-8cbd-0242ac120006
1b0dc1b5-82e6-4e8f-98de-cf6919c6722c,d66fa87b-4abb-4e50-9574-903da9bb71ca,bde08b8a-e5ed-11e9-b125-0242ac130002,85,"Pot motifs,Vegetal motifs",13.5,149,0,0.0,13.5,10,Square,12.5,12,,,0,0,,32f23cd4-9eea-11e9-8cbd-0242ac120006
8a38880e-3d7d-4fc2-9960-a2d00c2348a7,a9ea8738-d32c-4b1b-80b0-bfafafbe6385,be9d31f0-2cb2-40d0-8af9-3df0fcbb0040,134.0,,28.0,283.0,,,28.0,28.0,Square,55.0,22.0,26.0,,,0,,32f23cd4-9eea-11e9-8cbd-0242ac120006
f9dd9400-6fc2-4793-9a04-8189680ab70e,645b4a4a-e742-4968-8dca-c316ba039f4e,c0655dd4-e671-11e9-8bc4-0242ac130002,87,Vegetal motifs,14,177,,,14,14,Square,12,14,14.0,,,0,,32f23cd4-9eea-11e9-8cbd-0242ac120006
8a4a6a51-4aa3-4891-95cf-ce9c33819f5c,81880de6-865a-4a47-b97a-428dad271505,c07ed9a8-8a2b-4453-9478-803722743140,92.0,,20.0,135.0,32.0,10.0,20.0,20.0,Octagonal,18.0,20.0,22.0,,32.0,0,,32f23cd4-9eea-11e9-8cbd-0242ac120006
92192766-d836-41c5-8cff-9b051c1f8406,79c4d11f-30a6-4f8a-bdb1-1fbd71f7765b,c0e068c4-3861-4dda-b854-bf9090b1943b,68,,11,161,20,5,11,11,Square,9,14,12,,20,0,,32f23cd4-9eea-11e9-8cbd-0242ac120006
6bedaf26-f5f9-4208-9b33-c051cddbb096,f5cbae28-6bc0-4a20-a8c0-b4d39f74d5f8,c1c37f40-b4fa-4cc7-89ab-ab47dd29262e,0.0,,0.0,0.0,0.0,0.0,0.0,0.0,,0.0,0.0,0.0,,0.0,0,,32f23cd4-9eea-11e9-8cbd-0242ac120006
6823321b-14df-40fb-852a-4ecc29aecd55,b23286a3-2dc2-4f69-8d6a-4dcb3de0c99e,c424b153-f094-485f-9869-38b571398549,0.0,,0.0,0.0,0.0,0.0,0.0,0.0,,0.0,0.0,0.0,,0.0,0,,32f23cd4-9eea-11e9-8cbd-0242ac120006
fec2b95b-d161-4aa9-9a36-82cd9d26bf81,86862a68-93ac-4dc2-a9ea-557fd098b494,c50fc4bd-3c46-48be-87b7-d9a01da0a631,80.0,,14.0,154.0,,,14.0,14.0,Square,11.0,14.0,10.0,,,0,,32f23cd4-9eea-11e9-8cbd-0242ac120006
391a22b3-f646-4566-be0a-2d80fdb3a8b3,7f9e00de-c28a-4747-bbb3-3b13c7319a1e,c6c9638b-35f0-4420-be0b-f53c95df6449,158.0,,18.0,140.0,0.0,0.0,27.0,27.0,,18.0,18.0,25.0,,0.0,0,,32f23cd4-9eea-11e9-8cbd-0242ac120006
496cfb8f-89e3-4355-9f45-23a626206a0a,28c2d78c-d583-479a-94c2-6050fe71ea6a,c72a8936-6822-11ea-8083-0242ac130006,75,,12,163,37,6,12,10,Square,10,9.0,15,,20,0,,32f23cd4-9eea-11e9-8cbd-0242ac120006
f55cbeff-7882-484f-942f-de8bbd0cb50e,172867d0-5694-4d95-92cf-cc8ed2943289,c79cc000-e8f2-11e9-8bc4-0242ac130002,25,,29,166,60,,29,25,Square,135,0.0,0.0,,54,0,,32f23cd4-9eea-11e9-8cbd-0242ac120006
ff1fbd51-8038-43ae-beec-f8cbaba38707,6ef18dff-98f2-4f58-b0a8-b46959c3601c,c8834722-30f6-11ea-a67f-0242ac130002,115,,20,149,32,8,20,18,Square,18,16,21.0,,32,0,,32f23cd4-9eea-11e9-8cbd-0242ac120006
1993efe6-2277-4ccc-9f5b-58e01e9a1630,5705f609-3ce3-4c35-af23-46fb86c814e2,c8b1d0f0-4fa7-47f0-b318-f57249bab295,0.0,,0.0,0.0,0.0,0.0,0.0,0.0,,0.0,0.0,0.0,,0.0,0,,32f23cd4-9eea-11e9-8cbd-0242ac120006
fd2ef0cc-b580-4c9b-bb00-e02ffc0765a6,a6163077-9ac2-412d-bcc0-98eb7abc5a85,c98dc194-e676-11e9-8bc4-0242ac130002,16,,21,163,30,6,21,20,Square,115,22.5,15.0,16,30,0,,32f23cd4-9eea-11e9-8cbd-0242ac120006
884130fc-fdc4-4b3a-9075-771ef845b5bd,3ac943bc-91d9-4c2e-a727-0ac1a334d2d8,c9bc2916-eb40-11e9-8bc4-0242ac130002,,,,,,,,,Square,,,,,,0,,32f23cd4-9eea-11e9-8cbd-0242ac120006
9246f98c-d790-43a9-954f-0470f0781519,1fabdb31-eda3-4ed1-b5cf-3d8415cae66e,ca193ec5-9ef4-48dd-b4ba-3158b6996350,83.0,,14.0,153.0,22.0,5.0,14.0,13.0,Square,13.0,13.0,10.0,,22.0,0,,32f23cd4-9eea-11e9-8cbd-0242ac120006
d145bbde-f865-4f4f-9383-efcf094e4025,74ac2efc-cabd-4383-b181-0a69d08c292c,ca7dd19e-f7af-11e9-8649-0242ac130002,0,,10,184,0,0,15,0,Rectangular,0,15,17.0,,0,0,,32f23cd4-9eea-11e9-8cbd-0242ac120006
e4656d1d-68b2-4592-8543-6c68504b9fcd,2daecb0f-00c1-4463-b7fa-75147a02eec2,cb03ff18-e75a-11e9-8bc4-0242ac130002,,Vegetal motifs,,,,,,,Square,,,,,,0,,32f23cd4-9eea-11e9-8cbd-0242ac120006
39eeeddb-19bf-43b5-8a3e-3b9532240429,724fa1f4-678f-4f43-80b0-5eccfed6c502,cb193cf8-529c-4656-9468-05af05cdcdc5,0.0,,0.0,0.0,0.0,0.0,0.0,0.0,,0.0,0.0,0.0,,0.0,0,,32f23cd4-9eea-11e9-8cbd-0242ac120006
301b1a21-a5a1-4560-aa70-41ada4272577,c07bebf9-3dc4-4365-a976-b3f4ab117d1b,cbae4fa5-4717-4c6c-9b34-eb8d696a09ba,100.0,,21.0,170.0,45.0,9.0,21.0,18.0,Rectangular,18.0,18.0,22.0,,45.0,0,,32f23cd4-9eea-11e9-8cbd-0242ac120006
df0b812e-c43d-4094-b1a3-f0a63d0b7e79,0023d9d7-ba49-429f-9907-70e411eb094d,cbbbc576-3b42-11ea-b44d-0242ac130006,82,,15,218,,,9,9,Rectangular,13,9,14.0,,,0,,32f23cd4-9eea-11e9-8cbd-0242ac120006
eb421e84-984f-487f-bf99-f157b6643ad1,62dee9f7-0570-4bd9-877e-c86e9faeab84,cc076a1e-4e0a-11ea-8083-0242ac130006,108,,15,165,23.0,6,15,15,Square,15,15,15,,38,0,,32f23cd4-9eea-11e9-8cbd-0242ac120006
7bde6f12-f9c6-4c6f-97f3-f67c688a3825,c965f393-3f79-4ef8-a72b-0597298920b7,ccd765bc-e900-11e9-b125-0242ac130002,81,,12,155.0,20,5,12,12,Square,11,15,15,0,20,0,,32f23cd4-9eea-11e9-8cbd-0242ac120006
0408f649-5ae6-4dc4-abdc-9169cfdb5b92,08fa93b9-a0f0-49ce-8835-91fced70f731,ccfc9e0a-70ea-11ea-966a-0242ac130006,,,0.0,0.0,,,0.0,,,,,,,,0,,32f23cd4-9eea-11e9-8cbd-0242ac120006
4109f362-25da-4d52-8b77-7d1500510751,dcf2724e-49e2-4df2-a475-1e9567dc7952,ce9b3552-e916-11e9-b125-0242ac130002,27,,,,43,8.0,,27,Octagonal,131,,,,43,0,,32f23cd4-9eea-11e9-8cbd-0242ac120006
5f18258e-f7e9-4134-89f7-02ebe0a3b0dc,85e581ed-ae29-46ad-bdf9-7483dac47ff6,cf2cf2a2-fbb9-11e9-a3c8-0242ac130002,12,,14,176.5,,,14,14,Square,86.5,14,14,,,0,,32f23cd4-9eea-11e9-8cbd-0242ac120006
db2e4793-a137-4f75-8239-e181f0b02709,f9885e0e-57d1-4c50-b403-3ce133b55686,cf39fef8-b9bb-4b7d-a27d-48b4b3750d7a,112.0,,20.0,161.0,0.0,0.0,20.0,16.0,Square,20.0,14.0,12.0,,0.0,0,,32f23cd4-9eea-11e9-8cbd-0242ac120006
4d774572-4c96-4f19-bf2b-9b2176f5b64b,949b85a9-ebf4-4c2b-abcc-1d061eed54f7,cfc0099e-f15d-4c3e-8d8f-e048222f7956,82.0,,14.0,168.0,0.0,0.0,14.0,14.0,Square,11.0,15.0,17.0,,0.0,0,,32f23cd4-9eea-11e9-8cbd-0242ac120006
f22d3ff8-01df-4d0f-a2af-ff75426b3270,da22ad04-5869-49a3-bd97-ec47b1ed2b8b,d024e070-e7f5-11e9-b125-0242ac130002,,,,,,,,,Square,,,,,,0,,32f23cd4-9eea-11e9-8cbd-0242ac120006
8a907c1f-3c9e-4b0f-8672-e0f86fba8e65,24c78568-3bd8-43c6-bc75-a825ae90baf8,d05bfad4-e696-11e9-b125-0242ac130002,,,16,147,20,,16.0,,Octagonal,,,,,20,0,,32f23cd4-9eea-11e9-8cbd-0242ac120006
974c3bf6-8f9c-4321-9b89-d8edfc69c49b,819d7e1e-6a7d-4a46-9e39-71f8500eebf1,d13be190-1750-11ea-ac74-0242ac130002,76,,15,171,30,8,15,15,Square,15,15,15.0,,30,0,,32f23cd4-9eea-11e9-8cbd-0242ac120006
1fced4bf-4f88-4602-ab0c-40d9139c83fa,bba63555-7f87-4cb2-a725-928382f8133e,d2578f40-cfce-4450-a8c1-3092c08ef487,0.0,,0.0,0.0,0.0,0.0,0.0,0.0,,0.0,0.0,0.0,,0.0,0,,32f23cd4-9eea-11e9-8cbd-0242ac120006
4afc14db-6491-4a77-a48a-fa943ceda9c5,dd777b55-3e7a-4767-8b98-c61d1b7742f6,d292d972-7a85-4e3e-8af6-75db779adaab,91.0,,20.0,174.0,,,20.0,20.0,Square,20.0,20.0,10.0,,,0,,32f23cd4-9eea-11e9-8cbd-0242ac120006
8acbc79c-db76-4975-9096-e663846a1189,17ffdb71-37b2-4ec0-927a-d636a73855a2,d2d6cf8f-9c71-417f-b82c-89f487f13a74,,,32,144,,,32,,Square,20.0,,28.0,,,0,,32f23cd4-9eea-11e9-8cbd-0242ac120006
0ccd335c-1aad-4a78-8785-f8ea0ce20695,a420bb65-fd74-4eb7-b463-d297071bc434,d3c6eaf6-e76f-11e9-8bc4-0242ac130002,,,,,,,,,Square,,,,,,0,,32f23cd4-9eea-11e9-8cbd-0242ac120006
03049c96-c04f-4b5d-90bd-ffee40e423e9,a6b6182a-eace-4dc1-b264-faf594d17299,d46efa17-704b-4706-be58-fe535e26bbfc,92.0,,15.0,176.0,0.0,0.0,15.0,15.0,Square,13.0,15.0,15.0,,0.0,0,,32f23cd4-9eea-11e9-8cbd-0242ac120006
47badb1b-d85c-457d-a977-02202bfaa4d3,d70ab159-0c7a-43d8-be85-86670f8ab8a4,d5354d0a-fb98-11e9-a3c8-0242ac130002,2,,25,165,60.0,0,25,25,Square,115,27,25,,50,0,,32f23cd4-9eea-11e9-8cbd-0242ac120006
8640e8a9-d853-4045-a4ea-a71a0488d1af,c114332b-4bf7-4d87-8b04-8a598fafae9d,d5d76955-24df-4827-9df5-d9f9679da6b5,,,,,,,,,"Rectangular,Square",,,,,,0,,32f23cd4-9eea-11e9-8cbd-0242ac120006
70f7b6ae-dce0-480b-a793-b9de84992181,2af700f8-aa8a-4aee-bdbf-3ae174e44cab,d62e32fe-b78c-43af-817c-edb16e6d7ae8,0.0,,0.0,0.0,0.0,0.0,0.0,0.0,,0.0,0.0,0.0,,0.0,0,,32f23cd4-9eea-11e9-8cbd-0242ac120006
59018716-c2dd-4abb-9b50-983425ad0b94,fe9b8239-aaa4-457f-a2d6-725e85b88c5a,d642cefe-408c-4943-9405-b0aebe0d82a1,94.0,,16.0,160.0,22.0,7.0,16.0,16.0,,15.0,16.0,20.0,,22.0,0,,32f23cd4-9eea-11e9-8cbd-0242ac120006
6ecb5c1d-be1b-4a6f-85af-f72d1320e126,f17e2260-c35b-4f5e-ab6b-4b212298ba1c,d691fdfc-ba4f-4035-b3cf-82e6a6b14169,95.0,,30.0,187.0,52.0,10.0,30.0,30.0,Square,33.0,30.0,30.0,,52.0,0,,32f23cd4-9eea-11e9-8cbd-0242ac120006
e2d1c8d4-57f5-4707-b1d5-4f50406cb43b,ab0c5f8a-2a5b-4a94-b796-7b13f97254a3,d966be8e-e82b-11e9-8bc4-0242ac130002,,,25,238,,,25,,Square,,25,21,,,0,,32f23cd4-9eea-11e9-8cbd-0242ac120006
1a39c62d-d158-48a7-ad47-b744915b2ff5,7db8dc7c-0917-4cc8-a402-be69f030cbf2,db4d5da7-cd79-4f96-b624-d28bdef73274,110.0,,17.0,144.0,50.0,5.0,17.0,12.0,Square,12.0,14.0,14.0,,50.0,0,,32f23cd4-9eea-11e9-8cbd-0242ac120006
c4839f35-efb3-44bd-b025-897c9b9bb752,e061b4f4-1b2e-4760-945b-15f17c997515,dbee183c-e72c-11e9-b125-0242ac130002,20,,22,150,22.0,,22,19,Square,75,,,,8,0,,32f23cd4-9eea-11e9-8cbd-0242ac120006
2ac1720c-bc83-4329-9a5a-5db46138b310,649d560f-f671-4a23-999f-3783617956d7,dc5306f4-f571-11e9-8649-0242ac130002,,,32,187,,,40,,Square,,,,,,0,,32f23cd4-9eea-11e9-8cbd-0242ac120006
bd87d998-3559-4c50-907f-c46ee93dc35b,4ab3f979-cdeb-4840-9f9e-791e8cbc3775,dc691a70-2258-11ea-b9b1-0242ac130002,0,,42,203,0,0,42,0,Square,0,28,17.0,,0,0,,32f23cd4-9eea-11e9-8cbd-0242ac120006
3f8ab548-a8d2-440c-852c-c4e023556d08,8e084141-d458-401f-a2d5-f6a386b6a007,dcf4fb94-4f23-4804-967a-f9c7b13910bc,,,25.0,240.0,,,25.0,,,,,,,,0,,32f23cd4-9eea-11e9-8cbd-0242ac120006
d7795d46-d7f7-4af1-b4f8-5abfaf51633d,84e27307-b148-4ae0-85d2-5005daec04ab,dcfc4ed2-e74b-11e9-8bc4-0242ac130002,91.5,,15,161.5,,,15,14,Square,10,15,15.0,,,0,,32f23cd4-9eea-11e9-8cbd-0242ac120006
973b33c3-ae91-4a7c-821e-45d5e3dff593,95c80846-f132-4030-91a9-9d6fe56895b8,de276e42-6b9c-11ea-b4c2-0242ac130006,100.0,,20.0,189.0,,,20.0,20.0,Square,17.0,20.0,17.0,,,0,,32f23cd4-9eea-11e9-8cbd-0242ac120006
9bec4df2-9b7e-477d-8024-7e02ec54d09c,2e428a6e-7bff-492c-b04e-719d0539de1a,df0f0bae-e699-11e9-8bc4-0242ac130002,12,,15,157,28,6,15,10,Square,79,19,,19,28,0,,32f23cd4-9eea-11e9-8cbd-0242ac120006
9c439d0d-c275-4e41-bcb6-e7b210a1bb90,7d0f92bf-f21a-44d3-bfcf-63432deda794,e0659b0d-4f7f-4f56-a3ff-09b266dc3518,92.0,,15.0,188.0,0.0,0.0,15.0,15.0,,12.0,15.0,15.0,,0.0,0,,32f23cd4-9eea-11e9-8cbd-0242ac120006
b02c8e0f-3dca-47ad-8e60-0485354b3a6c,9f32640c-0297-453c-aae7-c5e800f8611f,e20b2c0e-e741-11e9-8bc4-0242ac130002,83,,15,155,0,0,15,14,Square,14,25,25,0.0,0,0,,32f23cd4-9eea-11e9-8cbd-0242ac120006
9dd4d4c8-77cb-4f7c-b4bc-c3ab63a44568,54e4dc69-7313-4b7e-b8f2-f62535a51069,e3074532-e806-11e9-8bc4-0242ac130002,0,,19,0,0,0,19,0,Square,0,0,0.0,,0,0,,32f23cd4-9eea-11e9-8cbd-0242ac120006
91c8af09-c7e9-48c7-9e93-aefd1827dd22,41154530-d4de-4675-b4c5-5e2d8b08cb96,e333b4f4-6caf-11ea-b4c2-0242ac130006,38.0,,14.0,168.0,0.0,0.0,14.0,14.0,Square,14.0,14.0,14.0,,0.0,0,,32f23cd4-9eea-11e9-8cbd-0242ac120006
0674243a-96d5-4e44-b18b-0bb77df17bee,ff763918-4133-448c-b624-bce2f0eb4dc5,e4596c18-3c68-424b-ad72-eecd068f1ee9,20.0,,12.0,166.0,20.0,5.0,12.0,20.0,Square,10.0,,,,20.0,0,,32f23cd4-9eea-11e9-8cbd-0242ac120006
537aa579-1fa3-45f0-a2e3-d3be335bb816,3ef1abc8-c096-49fa-a646-044be08526d0,e499ec9a-e66e-11e9-8bc4-0242ac130002,13,,14,165,,,14,14,Square,83.0,14,,37,,0,,32f23cd4-9eea-11e9-8cbd-0242ac120006
f333aa01-dedb-4639-b358-59035485e20a,775228fc-5c20-4eaf-8c47-f8cb115abaca,e4d19336-e8d3-11e9-b125-0242ac130002,,,,,,,,,Square,,,,,,0,,32f23cd4-9eea-11e9-8cbd-0242ac120006
b9aa20b2-19ce-4357-b740-0bc73e1be23f,87b3d726-a980-4444-8d34-57fee20443dc,e4fe41d3-ce80-44ea-a77d-df8e00c5ea57,75,,15,182,,,15,14,Square,12,12.0,14.0,,,0,,32f23cd4-9eea-11e9-8cbd-0242ac120006
30822f67-69d0-4d50-896d-b0a791137e3a,45402ae4-826b-4397-955c-340921362578,e5d8a76a-e671-11e9-b125-0242ac130002,82,,15,157,0,0,15,14,,14,0,0.0,0,0,0,,32f23cd4-9eea-11e9-8cbd-0242ac120006
1549fb0e-35ac-49a2-89e8-a1b1a5fccbb2,d4aa0e30-d355-431a-b078-a9c92e7dfc20,e610f418-4d5e-11ea-8083-0242ac130006,75,,20,168,61,7,20,17,Square,10,22,12.0,,34,0,,32f23cd4-9eea-11e9-8cbd-0242ac120006
bbcaf721-4473-4d73-aacb-904a07d933ab,346ef23c-fddb-4077-8e1c-b7c9e6396a08,e6bb5368-4296-11ea-a19a-0242ac130006,,,0.0,,,,,,,,,,,,0,,32f23cd4-9eea-11e9-8cbd-0242ac120006
134b3e82-4140-4b62-bbd8-106b4346dbd2,b6dad47f-ec10-40f5-8e49-218e92392459,e6c73144-fadc-11e9-8649-0242ac130002,92,,15,171,27,5,15,15,Square,15,12,17.0,,27,0,,32f23cd4-9eea-11e9-8cbd-0242ac120006
ed3495ba-6ea4-431f-91f9-9ffd6551be1d,625d25c0-b666-4e81-880f-d32cf11bd8ea,e6f72884-e774-11e9-b125-0242ac130002,,Vegetal motifs,13,145,23,7.0,14,,Square,,,,,23,0,,32f23cd4-9eea-11e9-8cbd-0242ac120006
20c41275-f515-4615-b2a5-14bc0376c59a,8ad3c6d9-a21d-4cff-aad3-f54b6d1ecbe6,e73fb90e-4a7e-4ec5-b889-774943bba723,78.0,,15.0,172.0,0.0,,15.0,14.0,Square,10.0,14.0,15.0,,0.0,0,,32f23cd4-9eea-11e9-8cbd-0242ac120006
7686f4af-9aba-4eb6-8d9c-f63461b9b08c,18f1fb8b-d89c-4e39-8d14-73b541dab735,e7ad4210-ca99-11e9-b993-0242ac140002,100,,17,160,28,6,17,16,Square,16,15,20,0.0,28,0,,32f23cd4-9eea-11e9-8cbd-0242ac120006
4355234a-893b-484a-a1f1-65b6ff71a9cc,5f3e21c4-aed6-45ee-9484-38b807a96ea2,e82b6796-485c-4df1-8a87-31fb7b52abb4,134.0,,21.0,174.0,60.0,7.0,21.0,18.0,Square,20.0,21.0,21.0,,32.0,0,,32f23cd4-9eea-11e9-8cbd-0242ac120006
3e95d33a-0c69-4241-9c99-13b43bc0c197,2a08d000-30e3-43ae-81d0-f8738c37d4b7,e95e1763-b6b3-4c0a-a4e1-53b38bc7b043,91.0,,12.0,183.0,,,12.0,12.0,Square,12.0,12.0,12.0,,,0,,32f23cd4-9eea-11e9-8cbd-0242ac120006
5756637c-d0b8-47e8-9e56-570859783739,4bb572bc-f8d7-47c0-8819-e89337ee2ca0,eb386850-e4f3-11e9-b125-0242ac130002,,,10,150,,,10.0,,Square,,,,,,0,,32f23cd4-9eea-11e9-8cbd-0242ac120006
24e90445-efed-40b5-8697-e5bddd385bc7,8f17f9b7-5d2b-4c6d-bdbd-7ea82e969a0a,eb54e4f6-e4e6-11e9-b125-0242ac130002,95,,12,181,0,0,12,12,Square,12,12,12.0,,0,0,,32f23cd4-9eea-11e9-8cbd-0242ac120006
73582681-f880-4c88-bad8-b958075a00d6,28e660b2-b5f8-4303-86b8-546cc43f1738,ec53aef0-70f0-11ea-b99f-0242ac130006,82.0,,15.0,164.0,0.0,0.0,15.0,15.0,Square,15.0,15.0,18.0,,0.0,0,,32f23cd4-9eea-11e9-8cbd-0242ac120006
a15d1ab6-b110-4974-aaed-9e89b90644e0,c54004ae-833b-4819-8c51-5d46f501a645,ec58b581-a7d0-4a3c-a45d-a7a83107b3d1,0.0,,0.0,0.0,0.0,0.0,0.0,0.0,,0.0,0.0,0.0,,0.0,0,,32f23cd4-9eea-11e9-8cbd-0242ac120006
cd28e753-7808-4b95-a5cb-50e923ba89a3,b1ac54ab-9a49-4cdb-9624-15a1645e7340,ec8d43e6-bcd6-4904-b80e-436fcc0bfcea,88.0,,20.0,125.0,33.0,12.0,20.0,20.0,Octagonal,18.0,20.0,16.0,,33.0,0,,32f23cd4-9eea-11e9-8cbd-0242ac120006
67565555-9e0e-42a9-925a-402b1b341407,1df6099e-cb3e-49a7-b01b-d216431612eb,ecd19c3d-9488-4859-83b4-482e26daa713,,,0.0,,,,,,,,,,,,0,,32f23cd4-9eea-11e9-8cbd-0242ac120006
207ec4f5-46e4-4b9a-988f-9faa58e86be5,85ad57c4-c59b-4da8-8faa-b7136584b846,ece92710-65d8-47be-b6bf-126099f3d742,115.0,,12.0,187.0,,,12.0,12.0,Square,12.0,12.0,12.0,,,0,,32f23cd4-9eea-11e9-8cbd-0242ac120006
7918f8df-7df7-42ef-9635-22a2bbbc5d90,9d256ca0-b718-4813-bcdf-c11d0d172930,ee6be98a-0ace-4c06-bb8c-a47c941fced7,88.0,,18.0,165.0,0.0,0.0,18.0,17.0,Square,15.0,17.0,15.0,,0.0,0,,32f23cd4-9eea-11e9-8cbd-0242ac120006
41f03632-62e9-4076-bdf0-4fb6952b151b,9b038a52-4ecd-4ed5-ba96-7cf0f8be5c65,eed34321-7e6d-44a6-840f-68589d631b8b,0.0,,0.0,0.0,0.0,0.0,0.0,0.0,,0.0,0.0,0.0,,0.0,0,,32f23cd4-9eea-11e9-8cbd-0242ac120006
73acf5ff-a271-4ff9-9ad6-4bf5d80f0769,981014ca-0cc1-482d-98c3-d2525cf15949,ef7069e0-9e23-4cb6-8af4-b5220d7197b0,0.0,,0.0,0.0,0.0,0.0,0.0,0.0,,0.0,0.0,0.0,,0.0,0,,32f23cd4-9eea-11e9-8cbd-0242ac120006
edb54152-cc8b-4022-91c6-a8fd55ad3761,60aafdce-d960-40be-ae4e-f87841713490,effa4b2e-069a-11ea-8a1c-0242ac130002,112,,12,182,23,5,12,12,Square,12,12,19.0,,23,0,,32f23cd4-9eea-11e9-8cbd-0242ac120006
421cb84d-998b-4fa5-be97-d78cba51f4d9,11d456c1-41d2-401f-ac16-d7f12801e697,f17e763a-e815-11e9-b125-0242ac130002,,,,,,,,,,,,,,,0,,32f23cd4-9eea-11e9-8cbd-0242ac120006
3a00cbaa-9f70-4f1b-91c8-f7d0443aaf69,a7584aff-e5a0-4a14-8636-c5bdcd21caf1,f2154aee-e656-11e9-b125-0242ac130002,93,,15,161,,,15,16,Square,14,13.0,17,,,0,,32f23cd4-9eea-11e9-8cbd-0242ac120006
58ed2ff8-0e4a-43a1-bf7b-a0369f4b5bfe,c8148f16-dd3c-479c-978f-9b0e5b29b061,f26daa2c-d0cf-44c1-beb6-93d190d93e10,0.0,,0.0,0.0,0.0,0.0,0.0,0.0,,0.0,0.0,0.0,,0.0,0,,32f23cd4-9eea-11e9-8cbd-0242ac120006
83904eda-2f66-4c36-a3a4-5b5a3a05d320,174f51a1-1235-427f-a592-cfdd4b830273,f2e86f2f-a0eb-4fe8-b090-0677d63bdc5f,68.0,,12.0,155.0,0.0,0.0,12.0,12.0,Square,10.0,10.0,14.0,,0.0,0,,32f23cd4-9eea-11e9-8cbd-0242ac120006
7f5e9433-23d7-4b47-901e-d3ff083c1634,dfb9c70c-55a5-4295-a7bc-bb20acd7b2c2,f3be59cc-e6a0-11e9-8bc4-0242ac130002,,,,,,,,,Square,,,,,,0,,32f23cd4-9eea-11e9-8cbd-0242ac120006
a5f96013-9e37-48c4-86bb-5bdf7f6a4643,c4ad0f6e-31ee-4c6a-9a46-2787deedd8ef,f5665e6f-bda0-4b92-8c79-f5f68e11c896,0.0,,0.0,0.0,0.0,0.0,0.0,0.0,,0.0,0.0,0.0,,0.0,0,,32f23cd4-9eea-11e9-8cbd-0242ac120006
543e8f52-4c57-43d5-992e-598324fd0e98,85daa399-de3f-4d2c-8d4e-291419820c1f,f6968910-e8f0-11e9-b125-0242ac130002,80,,15,154,0,0.0,15,11,Square,13,9,13,13,0,0,,32f23cd4-9eea-11e9-8cbd-0242ac120006
3ec1283a-f71f-435e-b8e6-1834b89d5d5a,adc8fec8-a6df-49b9-b36a-b6b23f3373f5,f7773bd2-1f14-4d59-890c-52b8d6bee5ae,77,,15,166,28.0,5,15,11,Square,10,15,15,,28.0,0,,32f23cd4-9eea-11e9-8cbd-0242ac120006
fe511231-b26e-406b-9f53-3c17990894d4,6025ff3c-ed55-41c6-97b8-8b2427346522,f7f45a9a-350f-49bb-ae23-647492f2c434,120.0,,22.0,242.0,0.0,0.0,22.0,20.0,Round,20.0,20.0,24.0,,0.0,0,,32f23cd4-9eea-11e9-8cbd-0242ac120006
6c58dad2-961e-472c-8153-279a4e5985b5,7cc7e9fa-7e93-4619-926b-262eea97ef2b,f8366c56-539c-11ea-b4c2-0242ac130006,91,,17,161,,,10,10,Rectangular,13,10,15,,,0,,32f23cd4-9eea-11e9-8cbd-0242ac120006
07b48ae2-1ac1-4824-a3d4-25b3a7b956a1,37589296-0daa-47b0-9a40-91fe3864a2eb,f96c7cf2-e923-11e9-b125-0242ac130002,64,,10,151,0,0,10,10,Square,8,10,11.0,,0,0,,32f23cd4-9eea-11e9-8cbd-0242ac120006
d6a4598b-dbf2-4a12-b575-d4606abacfc1,dd9d1076-1db8-4a65-86a5-e4fc884dbfd3,f9cdfd48-e837-11e9-b125-0242ac130002,12,,14,212.5,0,0,14,12,Square,80,12,12.0,,0,0,,32f23cd4-9eea-11e9-8cbd-0242ac120006
77179ab5-fde5-4f09-8c75-05ee8b9bdc80,d082d8fd-d87d-4e27-9f33-92ac8d1d1ec8,fe209a6f-0543-4c9d-96d6-d5bbb307c227,35.0,,16.0,157.0,33.0,7.0,16.0,16.0,Square,17.0,,,,33.0,0,,32f23cd4-9eea-11e9-8cbd-0242ac120006
887af408-24b4-4b9a-a467-dbfd6367771b,8b0267ef-3ee0-49e0-b20d-d4ae89f43384,fe81f05f-963f-4b0b-a5cd-e29d4c7920a8,148.0,,25.0,171.0,46.0,9.0,25.0,25.0,Square,25.0,25.0,25.0,,35.0,0,,32f23cd4-9eea-11e9-8cbd-0242ac120006
ab36846f-33da-4c19-82df-fd03028ac59f,bc7e5d06-4430-4e0d-8bcb-98ecee4dd8c7,ff0d1c8e-ec6c-4946-b5b6-144827f3bdbc,60.0,,20.0,153.0,,60.0,20.0,25.0,Octagonal,20.0,22.0,22.0,,40.0,0,,32f23cd4-9eea-11e9-8cbd-0242ac120006
