tileid,parenttile_id,resourceinstance_id,Identification Number,Identifier Type,sortorder,provisionaledits,nodegroup_id
db342166-c743-42ce-b559-f7362abb4f07,None,00fd72ab-5246-418e-b001-825a2f227a57,LAL4318,,0,,28294108-9323-11e9-bf23-0242ac120006
2a9ed993-a3ad-463f-a153-cc60b660410f,None,01610bbc-5297-47cf-9164-9fa4f72a15a8,KIR0013,,0,,28294108-9323-11e9-bf23-0242ac120006
70088029-0181-4ba0-9416-f2afb4ef01b8,None,017a4a8f-b183-4e57-9ff9-54ae1145378f,LAL1870,,0,,28294108-9323-11e9-bf23-0242ac120006
fe15bbf0-bcb9-47f4-8769-ec42bdad424d,None,01c33990-cd66-4e1e-8d92-e3fb8e2ab5ee,P-250,,0,,28294108-9323-11e9-bf23-0242ac120006
2eaac2f8-1bbc-4b09-bdc3-0e06e05e1bce,None,01c33990-cd66-4e1e-8d92-e3fb8e2ab5ee,LAL2500,,0,,28294108-9323-11e9-bf23-0242ac120006
4abb9d10-a1fc-4888-9a02-b86426f00e54,None,01de2008-1b9b-41d9-821a-b1eb6693db80,LAL4128,,0,,28294108-9323-11e9-bf23-0242ac120006
f8e9e11d-628b-4658-ae9b-9de6c6cdb9ad,None,01ee9fc5-6bbb-4896-bd83-9e5b60cee96e,KAT0820,,0,,28294108-9323-11e9-bf23-0242ac120006
33a465a1-7569-44c8-bf5d-fe9295708699,None,02509f50-336d-423f-ac40-60dffc2d905c,LAL1880,,0,,28294108-9323-11e9-bf23-0242ac120006
97bd2fce-a952-441d-ad88-66d284c96189,None,02b1eaa8-e6a5-11e9-8bc4-0242ac130002,LAL1420,,0,,28294108-9323-11e9-bf23-0242ac120006
f556fd38-49db-4dee-8cf7-c49086924982,None,03ab0902-61c8-4458-8eee-f23e345d9372,LAL4127,,0,,28294108-9323-11e9-bf23-0242ac120006
054d3d84-4a14-4aaa-bea8-f3a526dfbdcd,None,049dc399-08e2-47c4-85b9-e66851694e69,LAL2400,,0,,28294108-9323-11e9-bf23-0242ac120006
92c09d72-2f06-4abe-8253-17add981804f,None,049dc399-08e2-47c4-85b9-e66851694e69,P-240,,0,,28294108-9323-11e9-bf23-0242ac120006
780876dc-a5aa-4da4-9d74-be4fd16d9a92,None,04e62546-0b04-41d7-9651-12189c45e5c6,LAL1090,,0,,28294108-9323-11e9-bf23-0242ac120006
55a194d8-231e-4d56-9af9-06d7dddafd54,None,054498ec-d633-11e9-beea-0242ac140006,LAL1100,DANAM,0,,28294108-9323-11e9-bf23-0242ac120006
b0389a8c-3605-4b6e-b8e8-526cae88b2c5,None,05e2a35c-e8d5-11e9-8bc4-0242ac130002,LAL0910,,0,,28294108-9323-11e9-bf23-0242ac120006
460f980e-7816-4c55-81ea-0a5d4c3e1963,None,0687a32c-e7e8-11e9-8bc4-0242ac130002,LAL4054,,0,,28294108-9323-11e9-bf23-0242ac120006
381588a1-89dd-449a-9079-12a518b0b546,None,068cb560-e748-11e9-b125-0242ac130002,LAL0901,,0,,28294108-9323-11e9-bf23-0242ac120006
5ae9c1d6-beda-4c08-a132-fc8a4ae8a0b6,None,06a4360c-e5ec-11e9-b125-0242ac130002,LAL4076,,0,,28294108-9323-11e9-bf23-0242ac120006
b8b30e52-7c9f-4b3e-8f96-772626e5f471,None,06d2c415-2c7e-4d6f-9617-2b1eb6ab8c4a,KAT0920 ,,0,,28294108-9323-11e9-bf23-0242ac120006
5c18ee2b-5fab-4591-a405-86113930c2f9,None,0706813a-e81d-11e9-8bc4-0242ac130002,LAL4146,,0,,28294108-9323-11e9-bf23-0242ac120006
a9a132fe-31f7-46bb-8197-0d01c45a0abd,None,0826cd5e-f3e4-11e9-a3c8-0242ac130002,LAL0260,,0,,28294108-9323-11e9-bf23-0242ac120006
ab95bd2a-7979-4c34-996b-0fe8b9d5658a,None,08473132-9181-44fe-8412-4d89e5dd27e4,SRK0041,,0,,28294108-9323-11e9-bf23-0242ac120006
d7c634ad-6c5a-43a7-a571-0433a787ff25,None,09670bee-ec13-11e9-b125-0242ac130002,LAL2280,,0,,28294108-9323-11e9-bf23-0242ac120006
1f7b20dd-82d1-472f-b65a-b1be9c353541,None,099d312a-d5a9-40b1-9144-91b28545912d,KLK0180,,0,,28294108-9323-11e9-bf23-0242ac120006
c94da37c-885a-4088-bb4b-8e6b94daecf0,None,09adaf39-4932-4356-b6d1-3cce3af16e82,DLK0011,,0,,28294108-9323-11e9-bf23-0242ac120006
154c7dd8-93f6-46db-8f11-4183f1520c13,None,09cff614-e084-49eb-9fd7-7e4eb20cd37d,BAL0006,,0,,28294108-9323-11e9-bf23-0242ac120006
c78f4a60-1a8a-4e80-8318-08cc9e3e7e64,None,0a5850e6-17f9-11ea-b9b1-0242ac130002,BUN0007,,0,,28294108-9323-11e9-bf23-0242ac120006
402148c5-8012-4106-8743-bb82ca2fb694,None,0aa65aef-7a50-4942-9e17-f6e077dbb14a,MUG0010,,0,,28294108-9323-11e9-bf23-0242ac120006
575946ea-06bf-4551-9b98-80b4b6e94674,None,0b26d633-56f8-4872-859c-76d7f7c0677d,LAL0861,,0,,28294108-9323-11e9-bf23-0242ac120006
d2491062-b1ac-4c06-bc76-c4f4bb66e19b,None,0b6871b6-44e1-45f4-9074-005d6e68a28e,KIR4021,,0,,28294108-9323-11e9-bf23-0242ac120006
304af648-65b7-490e-8e1e-2c36da1ae29b,None,0b875a50-e754-11e9-b125-0242ac130002,LAL1700,,0,,28294108-9323-11e9-bf23-0242ac120006
c94a5507-f692-4f68-ab10-f4cb0c17d50b,None,0bb01539-043b-4538-a59f-132ef7bd578d,SRK0070,,0,,28294108-9323-11e9-bf23-0242ac120006
ef903bd5-9410-4bc4-b973-0e9c77219ed2,None,0be328fe-020b-11ea-a389-0242ac130002,SUN4011,,0,,28294108-9323-11e9-bf23-0242ac120006
69b01547-d390-4788-8279-1a68b38b9c65,None,0c6b269c-e676-11e9-8bc4-0242ac130002,LAL1361,,0,,28294108-9323-11e9-bf23-0242ac120006
6f6e33ac-234c-4a62-aac0-f33151f3fb24,None,0cb251ee-3005-42d3-bc37-fe6cfbb30747,KIR0072,,0,,28294108-9323-11e9-bf23-0242ac120006
2a41b8b4-3c4c-4518-8ce7-291a5cfe7cc7,None,0cbfabb8-e699-11e9-b125-0242ac130002,LAL0140,,0,,28294108-9323-11e9-bf23-0242ac120006
30f2b175-5f99-4039-a7bc-68850f5d2c2e,None,0d3c9626-fa37-11e9-8649-0242ac130002,LAL4208,,0,,28294108-9323-11e9-bf23-0242ac120006
fcefb6dc-73e9-4402-ac43-331dbee01cb1,None,0d480c66-3e6d-11ea-b44d-0242ac130006,LAL0570,,0,,28294108-9323-11e9-bf23-0242ac120006
8058ae1c-b35b-4f76-8073-64d3e52ba77c,None,0d6f474f-c0fe-456c-8b09-c85c8f15ed9f,LAL4313,,0,,28294108-9323-11e9-bf23-0242ac120006
a48df405-b81f-4e54-aaa6-61368c2153e3,None,0fb3ffc0-395f-42e9-bece-bba42a1c530b,KAT1230 ,,0,,28294108-9323-11e9-bf23-0242ac120006
a2d86721-c46f-41f0-a5c1-b65819464089,None,109ab54a-e9a3-11e9-8bc4-0242ac130002,LAL4005,,0,,28294108-9323-11e9-bf23-0242ac120006
99534ba9-c579-4cbf-a4fc-9be2d8f17979,None,10afc076-5274-4ad9-9023-94b8c25893aa,KAT2610,,0,,28294108-9323-11e9-bf23-0242ac120006
9bc2fcd2-06f4-4722-9445-d4b9f9a88315,None,1165bb2e-eb1e-11e9-8bc4-0242ac130002,DANAM LAL4300,,0,,28294108-9323-11e9-bf23-0242ac120006
636cfb96-c78f-41b8-b238-d35d6a8fccbd,None,1176053e-eb54-11e9-8bc4-0242ac130002,LAL4135,,0,,28294108-9323-11e9-bf23-0242ac120006
4e505880-70c2-45dd-8b3f-eb34f872f54d,None,125af64f-e4b8-47ef-92ed-3e19c7052d70,BKT0093,,0,,28294108-9323-11e9-bf23-0242ac120006
aae860a2-d701-40cc-9622-7e800060ac55,None,1279d314-220a-4acb-9622-67d050fc75db,DLK0019,,0,,28294108-9323-11e9-bf23-0242ac120006
8a457f23-b46a-4c32-bb5b-50d09267c5cb,None,12c555ec-ea9c-11e9-8bc4-0242ac130002,LAL4306,,0,,28294108-9323-11e9-bf23-0242ac120006
dbbd96b1-6bbf-45b7-aba7-d5ceb5e778b7,None,12d828f2-e4f7-11e9-8bc4-0242ac130002,LAL0340,,0,,28294108-9323-11e9-bf23-0242ac120006
c5149d7e-b134-40f4-98fe-23a7b669123e,None,12e25456-4bce-11ea-91df-0242ac130006,LAL0640,,0,,28294108-9323-11e9-bf23-0242ac120006
7ed1e493-bd16-4454-9fb7-ed03d5fcc5b4,None,12f3faf5-d915-4a52-a73d-f19bd71e411a,KIR0034,,0,,28294108-9323-11e9-bf23-0242ac120006
fa4f50a6-463b-4bd4-b796-dd651dd5ea4a,None,138e0452-8e6c-4b68-8410-b5263da353a8,SRK0030,,0,,28294108-9323-11e9-bf23-0242ac120006
eef3c837-d27a-4518-a265-707fa35f28fd,None,1394f154-e70c-4fba-94b6-ef62156047ab, LAL1150,,0,,28294108-9323-11e9-bf23-0242ac120006
85b40a28-d0e0-4744-bb60-0b81574bad0d,None,13b0e238-70ba-11ea-b99f-0242ac130006,LAL0020,,0,,28294108-9323-11e9-bf23-0242ac120006
8a50b435-edff-41fe-a306-cf3f17044289,None,13b406e0-8594-4cf7-8592-4e7d82bb4ce6,KIR0011,,0,,28294108-9323-11e9-bf23-0242ac120006
2244e146-828b-4af1-8ced-6c8b25b2a769,None,1414a11c-d6a1-46df-9667-8793239be9dd,KLK0120,,0,,28294108-9323-11e9-bf23-0242ac120006
2d683fa5-1999-490a-9d1e-e2a001d62e22,None,141efef8-74ca-11ea-b4b6-0242ac130006,LAL4201,,0,,28294108-9323-11e9-bf23-0242ac120006
ccae07da-38a2-497b-9870-b8b02f8a4690,None,143332de-342b-4f52-92ac-dd1b5accd1ea,DLK0100,,0,,28294108-9323-11e9-bf23-0242ac120006
b81a13a1-aa45-4795-8fb6-f169aaea62e6,None,143b3eaf-9561-4dbe-8f57-5b84756b8865,KAT1050,,0,,28294108-9323-11e9-bf23-0242ac120006
855dc550-a00f-415b-a433-fe5f10d6a92b,None,147f9da8-5a54-438d-b51e-1d473f23b374,BKT0400,,0,,28294108-9323-11e9-bf23-0242ac120006
a6ba41c3-af65-4273-b68e-3c5bea0a9273,None,14b65b9e-1869-4c2a-b0d4-d013efe48da0,LAL4085,,0,,28294108-9323-11e9-bf23-0242ac120006
e4fba8bc-7fe8-40b6-98fb-211bf97f2dad,None,14cbeef4-f646-11e9-a3c8-0242ac130002,LAL0070,,0,,28294108-9323-11e9-bf23-0242ac120006
390335a7-e11d-4def-b880-6e4032af7a55,None,15217304-e6a8-11e9-b125-0242ac130002,LAL1381,,0,,28294108-9323-11e9-bf23-0242ac120006
0d1c46d2-9169-4940-a15f-7497e78dd583,None,154297b7-c1ca-4eca-813e-774c28a7f805,BAL0004,,0,,28294108-9323-11e9-bf23-0242ac120006
68330dd2-6533-4486-a9f0-0cb32ae50c25,None,15613d2a-e91b-11e9-b125-0242ac130002,LAL1741,,0,,28294108-9323-11e9-bf23-0242ac120006
9c470703-5a62-4c9a-9a31-76bc9c9c2f4b,None,15a0ed8d-f812-482f-98fc-a61b6704b12f,LAL0992,,0,,28294108-9323-11e9-bf23-0242ac120006
664bf423-f7b9-45e2-b343-3749024c2ecd,None,15acbf64-e9a4-11e9-b125-0242ac130002,LAL0172,,0,,28294108-9323-11e9-bf23-0242ac120006
3119f06c-eae3-497b-83e4-b6e9217f24be,None,15d6cfa0-0cb8-4616-8eed-9219ddbb76e3,LAL4043,,0,,28294108-9323-11e9-bf23-0242ac120006
45e433b4-8191-4f36-961b-a6722d355ed2,None,160dcc4f-6d81-421d-9eda-0fb8d248513c,LAL0993,,0,,28294108-9323-11e9-bf23-0242ac120006
ffb19a31-a2b7-4ea8-b490-c60416780ca2,None,16f8b0dc-e9b1-11e9-8bc4-0242ac130002,LAL1300,,0,,28294108-9323-11e9-bf23-0242ac120006
4be75665-6cb6-471b-b4ae-ae869c09bb7a,None,170a68d0-e68d-11e9-b125-0242ac130002,LAL2750,,0,,28294108-9323-11e9-bf23-0242ac120006
0712af6b-d6f9-43cd-8420-81843939d90e,None,1724e57b-b911-48c1-ab87-68c43a852a64,LAL4047,,0,,28294108-9323-11e9-bf23-0242ac120006
ce646321-f7a2-4424-9b89-a276e7902cae,None,1772bbc6-e73f-11e9-8bc4-0242ac130002,LAL0240,,0,,28294108-9323-11e9-bf23-0242ac120006
a7ee45cb-7279-4e55-ac5a-8c415aefa355,None,178fd214-e67d-11e9-8bc4-0242ac130002,LAL0690,,0,,28294108-9323-11e9-bf23-0242ac120006
e04267f1-500b-4ea8-935e-be9b9440c606,None,1798db32-ecce-11e9-8bc4-0242ac130002,LAL2570,,0,,28294108-9323-11e9-bf23-0242ac120006
090de729-5eda-4aa8-a701-fa40294454d0,None,18f9e792-3138-11ea-b242-0242ac130002,LAL0541,,0,,28294108-9323-11e9-bf23-0242ac120006
1bd4f73b-e1b3-4745-8d5d-c44c5215d0c6,None,1914bb16-0362-11ea-a389-0242ac130002,LAL4218,,0,,28294108-9323-11e9-bf23-0242ac120006
6d946d33-1e2c-4695-9ee6-3b92263df85e,None,1a039922-09eb-11ea-8a1c-0242ac130002,LAL4174,,0,,28294108-9323-11e9-bf23-0242ac120006
7779fa39-fe38-4a0d-8e8a-4133fc6d9cf4,None,1a0a8ea8-eff1-11e9-a3c8-0242ac130002,BUN4006,,0,,28294108-9323-11e9-bf23-0242ac120006
8755d000-92c0-439f-9a50-066a33410faf,None,1a16c05c-ee04-4441-a90c-a9177408fb98,SIJ0340,,0,,28294108-9323-11e9-bf23-0242ac120006
1a1df606-78da-11ea-a71c-0242ac130006,None,1a1afb9a-78da-11ea-a71c-0242ac130006,LAL1271,,0,,28294108-9323-11e9-bf23-0242ac120006
1099eb90-ca3d-49f0-8af7-67fc7f35b650,None,1a5335da-e755-11e9-b125-0242ac130002,LAL127,,0,,28294108-9323-11e9-bf23-0242ac120006
4807b4b1-3c98-4a41-b1e6-1eeebe8f6fd5,None,1a7f3f24-ec12-11e9-8bc4-0242ac130002,LAL2260,,0,,28294108-9323-11e9-bf23-0242ac120006
fe7e54f2-1675-4d0f-87c6-dc6f4ff99901,None,1aadfb0c-34ff-4498-897c-8fe5259f197d,JUM0140,,0,,28294108-9323-11e9-bf23-0242ac120006
f4bf72d3-28cc-4f3e-a7ad-f654cf727bfe,None,1b0a5033-a1ca-4049-8d6f-d1c7b243eabe,BKT0094,,0,,28294108-9323-11e9-bf23-0242ac120006
d279ccdc-a855-45d8-abed-4c5c818626c2,None,1b800023-3ea3-48df-b4ac-c2fae7966360,DLK0018,,0,,28294108-9323-11e9-bf23-0242ac120006
5e16ad86-2b72-4a1c-9429-61ee89156065,None,1c2db54a-e68f-11e9-b125-0242ac130002,LAL4106,,0,,28294108-9323-11e9-bf23-0242ac120006
dbc2463c-e928-4c35-b7cc-9e5406765bbb,None,1cfe28d3-c6cb-4d26-8f94-f3e189e7a502,SOL0120,,0,,28294108-9323-11e9-bf23-0242ac120006
aae83237-6965-45c9-ba14-c398de758bb8,None,1d95833c-6cbe-4f96-be3c-fad253fe5f27,DLK0014,,0,,28294108-9323-11e9-bf23-0242ac120006
5f74d533-8ce8-4f7b-a6ca-ed0be09b6a0f,None,1dd2eee2-de1b-48ee-948f-2b2e337b8188,DDL0180,,0,,28294108-9323-11e9-bf23-0242ac120006
9c972c48-a539-4e52-8dcf-da3315bfeba7,None,1e2335a0-f62a-11e9-a3c8-0242ac130002,LAL0280,,0,,28294108-9323-11e9-bf23-0242ac120006
8b041c16-a218-4d82-8d14-12fc32dbea2a,None,1e4bfd8c-dc8a-11e9-81a8-0242ac140006,LAL0100,DANAM,0,,28294108-9323-11e9-bf23-0242ac120006
80fb49b7-1d80-441e-8bec-077e99d5cbce,None,1fd94780-2644-42d6-bae5-74e6bdfa2abc,LAL0991,,0,,28294108-9323-11e9-bf23-0242ac120006
cbdae51a-20de-4265-b845-1e45345eebb1,None,204170f8-e23a-4811-a8c3-aa77b9a792c6,BAL0001,,0,,28294108-9323-11e9-bf23-0242ac120006
539f5a00-fb8c-4fc5-85ef-7edba57e3a1a,None,2070b496-e729-11e9-8bc4-0242ac130002,LAL4122,,0,,28294108-9323-11e9-bf23-0242ac120006
60446f14-996b-483a-ac23-7847cc3d2415,None,20787244-8ee5-11ea-bd59-0242ac130005,Pruscha P-98,,0,,28294108-9323-11e9-bf23-0242ac120006
a798301a-b06c-43d8-aca7-7e21b7f88b92,None,20787244-8ee5-11ea-bd59-0242ac130005,LAL0980,,0,,28294108-9323-11e9-bf23-0242ac120006
f5d9a737-28d9-434f-90a0-9a9e77eeca2b,None,20b9cf3e-f33e-11e9-a3c8-0242ac130002,LAL1940,,0,,28294108-9323-11e9-bf23-0242ac120006
bec196a8-97a3-4236-acf2-7cc7a412d758,None,20ef6cd9-f40f-4799-8101-a9b7b824d039,P-283,,0,,28294108-9323-11e9-bf23-0242ac120006
ae20fae5-341d-4673-a926-f90880392930,None,20ef6cd9-f40f-4799-8101-a9b7b824d039,LAL2830,,0,,28294108-9323-11e9-bf23-0242ac120006
7cfa08bd-347c-4a93-b6e5-af0ac7e3e125,None,217154c2-e99f-11e9-b125-0242ac130002,LAL1550,,0,,28294108-9323-11e9-bf23-0242ac120006
f68813a5-411a-49ab-905e-06960da69ff8,None,21b56e2d-d3ff-4ce6-94cc-d5b85fb8a31e,BAL0002,,0,,28294108-9323-11e9-bf23-0242ac120006
24fac6a9-dc25-482f-b45d-1545d1c8a52a,None,21c324c0-e763-11e9-8bc4-0242ac130002,LAL2390,,0,,28294108-9323-11e9-bf23-0242ac120006
9cb3edd7-dbe0-43ac-beb7-88a34226f7b4,None,222a5a4a-e1ef-4af0-afc9-bae7bd03d3ce,BAL0008,,0,,28294108-9323-11e9-bf23-0242ac120006
19c04240-1a76-46f8-a464-e6d60a70edd2,None,224ae916-e8e2-11e9-8bc4-0242ac130002,LAL1730,,0,,28294108-9323-11e9-bf23-0242ac120006
46cfdef2-88fe-4f33-9c7c-7acaf33170a8,None,2284154e-efcf-11e9-8649-0242ac130002,LAL2450,,0,,28294108-9323-11e9-bf23-0242ac120006
55b5148a-ec1a-4e43-8de4-7cefac826eb8,None,2289d7b8-8b5f-438d-b783-0a0ded2f7ba6,P-52,,0,,28294108-9323-11e9-bf23-0242ac120006
c3f5dd8c-bd0c-4bf3-a30b-56e6691d6ae3,None,2289d7b8-8b5f-438d-b783-0a0ded2f7ba6,LAL0520,,0,,28294108-9323-11e9-bf23-0242ac120006
247851e6-bf90-4193-84c6-1fbef09b6384,None,2298db0e-2225-11ea-b9b1-0242ac130002,SUN4240,,0,,28294108-9323-11e9-bf23-0242ac120006
4ac400a2-1ace-4672-b559-569885df7cfd,None,229c34d8-428d-11ea-b44d-0242ac130006,BUN0008,,0,,28294108-9323-11e9-bf23-0242ac120006
6dcea4bb-3224-402e-ada7-163382db7bfd,None,229dc17a-452d-4986-bf4a-4e56326009f8,BKT0110,,0,,28294108-9323-11e9-bf23-0242ac120006
c88b469e-9a7a-44a7-82bd-54af5c85c85a,None,2306e890-198f-11ea-b74e-0242ac130002,BUN0006,,0,,28294108-9323-11e9-bf23-0242ac120006
361d0f81-f1cb-4644-9912-9fbd2d4b9805,None,234a903c-e5e0-11e9-b125-0242ac130002,LAL1610,,0,,28294108-9323-11e9-bf23-0242ac120006
6a3e462f-1552-4795-a761-59149882cddb,None,238d55d1-f5f6-43c4-841f-2fbd871d60f4,LAL4104,,0,,28294108-9323-11e9-bf23-0242ac120006
591c352e-eee5-434a-b076-1168ca6509e5,None,23bdf498-e692-11e9-b125-0242ac130002,LAL2100,,0,,28294108-9323-11e9-bf23-0242ac120006
9462d58e-feef-4b1d-b9d9-1056ee824431,None,23d40c88-efc0-4f8d-bb17-a50f831912f3,KIR0066,,0,,28294108-9323-11e9-bf23-0242ac120006
ececed58-23e0-4b83-93e8-4195f40a4458,None,23d6e0b6-7f2d-44db-a22e-913a500a756a,LAL0650,,0,,28294108-9323-11e9-bf23-0242ac120006
1021c8e2-01d6-4e3e-80d6-e39dca399561,None,244754e0-fa2e-11e9-8649-0242ac130002,LAL4207,,0,,28294108-9323-11e9-bf23-0242ac120006
5d57ff34-a4f2-46b2-8400-424396dd693e,None,24779526-7b25-4512-ac56-5d503d43020a,DDL0030,,0,,28294108-9323-11e9-bf23-0242ac120006
b781a9a0-d2c4-4a32-9c98-2282e48955a0,None,24afe176-f66a-11e9-a3c8-0242ac130002,BUN0001,,0,,28294108-9323-11e9-bf23-0242ac120006
a995ce3e-e049-4af7-a777-ae527189941b,None,2502d305-75a5-4779-b795-791971a8d437,DLK0110,,0,,28294108-9323-11e9-bf23-0242ac120006
654bb395-f4d9-420b-b191-10b9a743de2c,None,2507d356-5fc2-11ea-8083-0242ac130006,BUN0015,,0,,28294108-9323-11e9-bf23-0242ac120006
b32b1b6c-61e7-40a6-a077-0e6cc5519a2d,None,2548d9e2-ea78-11e9-b125-0242ac130002,LAL4138,,0,,28294108-9323-11e9-bf23-0242ac120006
22b4ce18-fba5-448e-b105-377966d8d4f8,None,254b0d1c-e68a-11e9-8bc4-0242ac130002,LAL4008,,0,,28294108-9323-11e9-bf23-0242ac120006
3cf11a37-eb09-4c79-8f8a-4698d8167894,None,256339d6-e9d3-11e9-8bc4-0242ac130002,LAL1280,,0,,28294108-9323-11e9-bf23-0242ac120006
71cfbeca-505e-44d2-9492-ce8c6ed0613a,None,25c65422-6b9b-11ea-8083-0242ac130006,Pruscha P-63,,0,,28294108-9323-11e9-bf23-0242ac120006
ff126ef7-1a92-4456-adbb-a45e899e0a49,None,25c65422-6b9b-11ea-8083-0242ac130006,LAL0630,,0,,28294108-9323-11e9-bf23-0242ac120006
1d0ba500-ea94-40d5-911f-f6a79946223e,None,25ef2d16-a10b-4081-bba3-7f4639646edb,KIR4020,,0,,28294108-9323-11e9-bf23-0242ac120006
1a1cee81-710a-4baf-bb40-cfe07967aaf0,None,26404afc-cb0a-11e9-b993-0242ac140002,LAL1111,DANAM,0,,28294108-9323-11e9-bf23-0242ac120006
fe7a6c27-103c-4763-8a3b-52a1a1d4c577,None,265a30ab-5d14-4b23-823d-171e8ecfedc0,DLK0017,,0,,28294108-9323-11e9-bf23-0242ac120006
400d1160-3a67-4b8a-bde5-448303b6e747,None,26daa57e-e6ae-11e9-8bc4-0242ac130002,LAL1481,,0,,28294108-9323-11e9-bf23-0242ac120006
51514436-cc13-4e7e-af0c-49d5a5aa256a,None,26e27d10-f989-11e9-a3c8-0242ac130002,LAL0451,,0,,28294108-9323-11e9-bf23-0242ac120006
5bc15e7a-a960-4f2f-bc0f-ffd1a32b8586,None,27609ec0-8feb-46bf-bde3-4392aa004e9a,MUG0050,,0,,28294108-9323-11e9-bf23-0242ac120006
10f04dcb-09d4-4674-945a-4658e72d55a6,None,276619ca-ea4f-11e9-8bc4-0242ac130002,LAL2420,,0,,28294108-9323-11e9-bf23-0242ac120006
10b73465-144b-421e-a7a4-17e8bad7fb5a,None,2775db1f-e420-45fb-8334-54dee45c5f27,KIR0026,,0,,28294108-9323-11e9-bf23-0242ac120006
66e0e3a1-68ef-4532-aee8-22c6557918bc,None,27ca1a68-e9ca-11e9-8bc4-0242ac130002,LAL4150,,0,,28294108-9323-11e9-bf23-0242ac120006
dcdf24be-ab23-4cf3-add3-afc30e267b73,None,28e34398-8dda-11ea-8e56-0242ac130005,LAL4231 ,,0,,28294108-9323-11e9-bf23-0242ac120006
4734cad1-dfa3-4739-afd6-4116b8043094,None,28f77756-69bc-11ea-8083-0242ac130006,LAL4175,,0,,28294108-9323-11e9-bf23-0242ac120006
d33591b5-bf00-4fe2-99fd-57736f24b2fb,None,2a0b1750-ee3e-11e9-8649-0242ac130002,BUN4001,,0,,28294108-9323-11e9-bf23-0242ac120006
deee7be6-99f6-41bb-8365-66237e2cf40e,None,2a1ca80c-8b69-43a0-ab19-ac6b126986ee,KIR0004,,0,,28294108-9323-11e9-bf23-0242ac120006
dd4420c8-4795-4bc3-a972-b533b4588b09,None,2a5c82ae-d073-11e9-8599-0242ac140006,LAL4105,DANAM,0,,28294108-9323-11e9-bf23-0242ac120006
80a3324b-dee6-48d5-acd0-61f867f24dc6,None,2a8e92e4-ffb7-11e9-8f3c-0242ac130002,LAL4044,,0,,28294108-9323-11e9-bf23-0242ac120006
1a650dba-d4be-42f0-be10-e9520a066150,None,2ab99c6c-e69b-11e9-8bc4-0242ac130002,LAL4141,,0,,28294108-9323-11e9-bf23-0242ac120006
ffecefa6-669c-482a-a97f-160cf87e1851,None,2acb57c3-2a55-442b-bf83-fa397fd60613,P-284,,0,,28294108-9323-11e9-bf23-0242ac120006
212ce04d-11b9-4224-908d-02cc904a5873,None,2acb57c3-2a55-442b-bf83-fa397fd60613,LAL2840,,0,,28294108-9323-11e9-bf23-0242ac120006
3e1ef0e9-0aef-4f4d-a77e-180bd09419d8,None,2af20687-0710-4883-a117-f45f941a14ff,LAL4312,,0,,28294108-9323-11e9-bf23-0242ac120006
0df24b1c-8ed1-4214-ab9f-ea98fc00184a,None,2bad144c-eaa5-11e9-8bc4-0242ac130002,LAL4184,,0,,28294108-9323-11e9-bf23-0242ac120006
3bc59b71-93ef-471b-888e-39625b8714bb,None,2c130982-5fc6-11ea-8083-0242ac130006,BUN0016,,0,,28294108-9323-11e9-bf23-0242ac120006
332e2111-e119-4274-a7cd-e6b2935d6d0b,None,2c4ddb84-f419-11e9-a3c8-0242ac130002,LAL0790,,0,,28294108-9323-11e9-bf23-0242ac120006
9b4d6321-72fb-492d-babb-1ab2fa0c582e,None,2c57e6c8-e8cb-11e9-b125-0242ac130002,LAL0850,,0,,28294108-9323-11e9-bf23-0242ac120006
7242dab5-8b2d-42b8-8894-39c5afe09afa,None,2c696054-eb48-11e9-b125-0242ac130002,LAL1540,,0,,28294108-9323-11e9-bf23-0242ac120006
afc470e0-a6d0-498a-9a61-d28d0aac2dcd,None,2c9f93f4-e832-11e9-8bc4-0242ac130002,LAL4092,,0,,28294108-9323-11e9-bf23-0242ac120006
8c4d4e8b-f76e-47f7-be81-9efe75234196,None,2db1bbc0-f156-42ec-965c-e5cc9adc8981,BAL4001,,0,,28294108-9323-11e9-bf23-0242ac120006
78f410e1-7f7e-4a92-a5a3-a50dd138a35d,None,2dca9004-e5e3-11e9-8bc4-0242ac130002,LAL0200,,0,,28294108-9323-11e9-bf23-0242ac120006
f33327f7-f6af-4280-a553-bde28546a4ce,None,2dcd0237-4d4b-4487-85f6-e9d35a365c9b,MUG0080,,0,,28294108-9323-11e9-bf23-0242ac120006
2842ded6-4610-472a-aa92-a63b126b996c,None,2e8556d8-c881-4107-914a-20f925b3f28c,LAL4021,,0,,28294108-9323-11e9-bf23-0242ac120006
96800170-760e-4225-8a84-07d063df62fc,None,2e8556d8-c881-4107-914a-20f925b3f28c,LAL4021,,0,,28294108-9323-11e9-bf23-0242ac120006
fcccc452-8744-428c-8d85-19fb539b2b77,None,2e9e454e-e4fc-11e9-b125-0242ac130002,LAL0300,,0,,28294108-9323-11e9-bf23-0242ac120006
d6c94b85-82b8-4d1e-9e9a-bfb29ef6dc30,None,2fa110b8-e90a-11e9-8bc4-0242ac130002,LAL0940,,0,,28294108-9323-11e9-bf23-0242ac120006
18510ca8-f0de-4455-9d9f-027cacda5568,None,2fa561e9-6f62-4663-bae9-fdaeb0aee1a1,LAL4216,,0,,28294108-9323-11e9-bf23-0242ac120006
d4d75910-d30f-4396-a42b-58ffb03812a1,None,2fe39e54-d189-4403-a7cb-0835b63e4387,LAL2460,,0,,28294108-9323-11e9-bf23-0242ac120006
36b40318-7c96-4c20-a33d-9ea7941ea422,None,2fe39e54-d189-4403-a7cb-0835b63e4387,P-246,,0,,28294108-9323-11e9-bf23-0242ac120006
32fa7e31-3d9c-4b6c-8e13-896ab3774a88,None,2fea6eaa-1b5f-43ca-96fd-9baad7fce137,KIR0043,,0,,28294108-9323-11e9-bf23-0242ac120006
92b5f908-9468-4c83-94f2-d65689162403,None,304bed70-ec0d-11e9-b125-0242ac130002,LAL4162,,0,,28294108-9323-11e9-bf23-0242ac120006
c61794b1-b5a3-4e0e-a9c6-4b72c86237fd,None,306b0be4-434f-11ea-b44d-0242ac130006,SUN4220,,0,,28294108-9323-11e9-bf23-0242ac120006
1263afc2-2ba8-46c8-b206-c0d530ffa965,None,3082c42c-e76b-11e9-b125-0242ac130002,LAL2720,,0,,28294108-9323-11e9-bf23-0242ac120006
844fc691-fd19-4576-899b-120a4b0b6763,None,30972753-7928-4d07-b965-b0f91dca9b7d,KIR0049,,0,,28294108-9323-11e9-bf23-0242ac120006
736e4901-689b-48a6-9d4e-ed8678bf2b1e,None,309c85aa-e8ed-11e9-b125-0242ac130002,LAL1620,,0,,28294108-9323-11e9-bf23-0242ac120006
66140864-58e5-42ba-b6d0-9730a48da0b7,None,30a307d0-2282-11ea-b9b1-0242ac130002,BUN0022,,0,,28294108-9323-11e9-bf23-0242ac120006
f3ebcab1-2ea6-4aa2-90af-8465d6e32f89,None,30f7f2bd-65d8-4a37-a619-5d73cd66c4d5,KAT0980,,0,,28294108-9323-11e9-bf23-0242ac120006
1c0986bc-6686-44fb-ad11-41b301fd495c,None,3167408a-4c14-11ea-91df-0242ac130006,BUN4009,,0,,28294108-9323-11e9-bf23-0242ac120006
8e681810-0542-4346-911f-718327405ac0,None,321aa815-750d-4468-9903-b3ae79e07793,LAL2030,,0,,28294108-9323-11e9-bf23-0242ac120006
42c9d368-fa88-4eda-9d35-f31953aa5b60,None,3331db72-539f-11ea-b4c2-0242ac130006,LAL1801,,0,,28294108-9323-11e9-bf23-0242ac120006
07559726-0c13-4f1c-989d-6caf5c6bc099,None,33706bde-e4e7-11e9-b125-0242ac130002,LAL4206,,0,,28294108-9323-11e9-bf23-0242ac120006
7cfbebdb-9e30-4711-bd14-7edb90ddb711,None,33776afc-ea72-11e9-b125-0242ac130002,LAL4014,,0,,28294108-9323-11e9-bf23-0242ac120006
30fa7086-4d96-4749-947b-2f001c341fc1,None,337c6d44-c619-4816-b823-c10f18d802b4,BKT0050,,0,,28294108-9323-11e9-bf23-0242ac120006
70d062fc-6ccf-4354-b41c-29153bc81761,None,33d9ec0a-e733-11e9-8bc4-0242ac130002,LAL0950,,0,,28294108-9323-11e9-bf23-0242ac120006
44d433fc-01c6-43dc-8383-13601c4f1890,None,3440946e-e936-11e9-b125-0242ac130002,LAL1320,,0,,28294108-9323-11e9-bf23-0242ac120006
ab9e614d-6df0-4dbd-89c8-80a600509ab5,None,34d6f310-e5e3-11e9-8bc4-0242ac130002,LAL1190,,0,,28294108-9323-11e9-bf23-0242ac120006
2bfa6996-701f-4e33-ba9a-fb968d18107f,None,3570c001-88bd-42d7-aa26-47c6f09f5a6b,LAL4314,,0,,28294108-9323-11e9-bf23-0242ac120006
096d1d77-7a05-4125-bad4-a806de1c72c5,None,358d5c28-12c4-477a-b2a5-3be3164b7657,SOL0030,,0,,28294108-9323-11e9-bf23-0242ac120006
77b58135-4b11-4d0f-b3fb-7d13895fd048,None,362d533e-e8f0-11e9-b125-0242ac130002,LAL2090 ,,0,,28294108-9323-11e9-bf23-0242ac120006
8f2feb72-5b9e-4c9b-9fea-a014ca6e75ff,None,3655168d-4513-4bba-956d-69d76e83f0aa,LAL4316,,0,,28294108-9323-11e9-bf23-0242ac120006
3a077ec6-3274-4704-8657-66476541ca29,None,36638422-afa6-11ea-9766-0242ac130005,LAL4042,,0,,28294108-9323-11e9-bf23-0242ac120006
fec4ede3-76a9-4218-9094-15c7f0d1ed1e,None,3668d45a-f899-11e9-8649-0242ac130002,SUN0050,,0,,28294108-9323-11e9-bf23-0242ac120006
863e62f1-8308-495a-9b65-a76cf300eac9,None,37438b5c-d78a-11e9-beea-0242ac140006,LAL4107,DANAM,0,,28294108-9323-11e9-bf23-0242ac120006
a40c480d-efd7-4372-8af2-6660bb83d2b9,None,378c13d0-d632-11e9-a1bd-0242ac140006,LAL1230,,0,,28294108-9323-11e9-bf23-0242ac120006
2b10e2a6-7a7a-43e7-9666-db8ff3b110b9,None,380e2e0e-e8ef-11e9-8bc4-0242ac130002,LAL4149,,0,,28294108-9323-11e9-bf23-0242ac120006
65c6558d-15e8-4818-bf67-0bdbff4dec64,None,38e62b02-e759-11e9-8bc4-0242ac130002,LAL2050,,0,,28294108-9323-11e9-bf23-0242ac120006
a964d628-aabe-4aa0-8831-0877c22f4696,None,39bb2040-e9fd-11e9-8bc4-0242ac130002,LAL1260,,0,,28294108-9323-11e9-bf23-0242ac120006
6c89c0d9-aea7-4491-b544-4ce91a6f33f8,None,39beb848-fc76-43de-bdad-12ea8914001b,LAL1530,,0,,28294108-9323-11e9-bf23-0242ac120006
16aea890-9f4e-4be4-aac8-74cab2535e77,None,39beb848-fc76-43de-bdad-12ea8914001b,P-153,,0,,28294108-9323-11e9-bf23-0242ac120006
01294a85-7e37-45c1-b865-407d47238438,None,3a3599d5-5f94-476d-a80f-4f2d3bb9bf9c,BTD0020,,0,,28294108-9323-11e9-bf23-0242ac120006
9e442084-df70-4ad0-a013-6abbc9b74f2a,None,3a781560-86b0-11ea-86ac-0242ac130005,LAL4205,,0,,28294108-9323-11e9-bf23-0242ac120006
116d9355-a803-4d78-9c65-236379354ad0,None,3aa59732-e7ec-11e9-b125-0242ac130002,LAL0830,,0,,28294108-9323-11e9-bf23-0242ac120006
7d9b69ff-6238-48a8-a9c4-158ed4c9ca2a,None,3b68c5ca-e64a-11e9-b125-0242ac130002,LAL1380,,0,,28294108-9323-11e9-bf23-0242ac120006
c4a5d0b5-ce9f-4e8a-9720-4077401995a3,None,3b731959-de47-4cc6-84e4-e230598019f5,ll BAL0005 ll,,0,,28294108-9323-11e9-bf23-0242ac120006
85458b0a-3a05-4e6d-923b-be89492520b7,None,3b9b26f6-2b9a-11ea-b82d-0242ac130002,LAL4119,,0,,28294108-9323-11e9-bf23-0242ac120006
4085ebeb-8d5a-4fab-a911-2cc9ea13d325,None,3bcfd73f-1e8b-41d9-bbc6-148eb8ca7808,JUM0390,,0,,28294108-9323-11e9-bf23-0242ac120006
29aaa5d1-46cb-4196-afaa-8aa77160da0d,None,3c768352-d08e-11e9-8599-0242ac140006,LAL2670,DANAM,0,,28294108-9323-11e9-bf23-0242ac120006
d02f9f82-9d2b-4d21-a295-7852d3b39e90,None,3ceea016-9d6c-11ea-9766-0242ac130005,LAL4211,,0,,28294108-9323-11e9-bf23-0242ac120006
18b8f747-a491-442d-9c79-74bd3790c33c,None,3db42996-337a-11ea-b242-0242ac130002,LAL0279,,0,,28294108-9323-11e9-bf23-0242ac120006
5cc885bb-a584-48f0-92ad-07d532198273,None,3dbcf8b8-cf5c-44e4-8ac8-4460069bdbbf,DLK0020,,0,,28294108-9323-11e9-bf23-0242ac120006
844f8dd7-53d8-44e5-ac72-b34ab8127c8b,None,3e3f0fd3-fd74-4aab-a216-99cbfeca1bec,DLK0290,,0,,28294108-9323-11e9-bf23-0242ac120006
eedf0ce4-907a-4e47-9998-30783ad024a8,None,3e718754-6c00-4947-b32f-da8bb82139a7,LAL1850,,0,,28294108-9323-11e9-bf23-0242ac120006
f90f3e49-f7aa-41d5-b2da-f3cd9fddc0ee,None,3e7d7be6-ea61-11e9-b125-0242ac130002,LAL4153,,0,,28294108-9323-11e9-bf23-0242ac120006
be3da58a-30a1-401a-9848-3658f5758444,None,3e97265e-b2b4-4a68-862a-7c76dee0bacc,BKT0160,,0,,28294108-9323-11e9-bf23-0242ac120006
ab5bd668-ba44-4b1b-901e-edc0a6a18450,None,3ecd2d50-1b10-11ea-b74e-0242ac130002,SUN4225,,0,,28294108-9323-11e9-bf23-0242ac120006
6f6de02b-0c19-4bed-8f3e-5aaefa2976d3,None,3ed3eb32-4e39-4092-b6fd-f3fda0ca5c19,LAL0860,,0,,28294108-9323-11e9-bf23-0242ac120006
aff7acc3-9af8-428d-8b77-2a9dd23f20ab,None,3f87ad30-e5d0-11e9-8bc4-0242ac130002,LAL4151,,0,,28294108-9323-11e9-bf23-0242ac120006
f156f6d5-53a1-486b-b20b-68f201707581,None,3f88581e-e811-11e9-b125-0242ac130002,LAL4301,,0,,28294108-9323-11e9-bf23-0242ac120006
303e4ac9-be87-4dea-bdfe-fe764c2a25e6,None,3fe5a41a-f7d9-11e9-a3c8-0242ac130002,SUN0040,,0,,28294108-9323-11e9-bf23-0242ac120006
3d66bd61-f5df-499d-be8e-0a24708b6300,None,409cfb82-e6c3-11e9-b125-0242ac130002,LAL1372,,0,,28294108-9323-11e9-bf23-0242ac120006
e7196f90-4c25-4924-b4c3-7b3142a92c6c,None,40ee8e4c-e836-11e9-b125-0242ac130002,LAL0180,,0,,28294108-9323-11e9-bf23-0242ac120006
12bfd383-d5dd-4e33-a603-17bab61ed4ab,None,415635af-c1ba-4b28-ba37-3e3697ce2c98,LAL1440,,0,,28294108-9323-11e9-bf23-0242ac120006
b0e5c580-0dd5-4e31-a228-b285f00c3b0d,None,4165aff8-eb2f-11e9-b125-0242ac130002,LAL0770,,0,,28294108-9323-11e9-bf23-0242ac120006
8b429cd5-0dc6-49f7-983f-51319600ea46,None,43291104-1bbd-11ea-b9b1-0242ac130002,LAL4101,,0,,28294108-9323-11e9-bf23-0242ac120006
7d05b3df-2656-4ea4-80ef-6c8765c244ce,None,4353fc98-6838-406b-ba3a-4872c4d03bb0,LAL2800,,0,,28294108-9323-11e9-bf23-0242ac120006
2b04b585-a85e-464c-995c-7bd96580a8a8,None,43a6124a-0a4b-4f1c-a3b6-f68fcb0e4dc0,LAL1170 ,,0,,28294108-9323-11e9-bf23-0242ac120006
db5370b6-a333-471a-b866-abbc53baf858,None,4405bb30-4704-432a-9f61-2a7c8912321a,KIR0010,,0,,28294108-9323-11e9-bf23-0242ac120006
e255be6f-57be-4dbd-a04c-99c11a041303,None,440d970c-ea5d-11e9-b125-0242ac130002,LAL0220,,0,,28294108-9323-11e9-bf23-0242ac120006
76b86df9-db25-4c60-bf9b-aa42d35d9c7d,None,443544db-8f01-4d16-8f90-1de79f599e98,LAL2010,,0,,28294108-9323-11e9-bf23-0242ac120006
aa29aec1-fc80-4b5b-a4c3-c88d5a40eaae,None,44609e5a-ee3d-11e9-8649-0242ac130002,BUN0024,,0,,28294108-9323-11e9-bf23-0242ac120006
525f8b8b-07a0-4234-9d05-506d8c09f0e6,None,45394990-d06e-11e9-8599-0242ac140006,LAL1363,DANAM,0,,28294108-9323-11e9-bf23-0242ac120006
d91464f7-b131-4b19-b15b-4fed53b1a6ac,None,45b07460-1787-11ea-b9b1-0242ac130002,BUN0025,,0,,28294108-9323-11e9-bf23-0242ac120006
2cd577bf-14b4-49a3-87b9-3ca166019a2f,None,460bec90-ea60-11e9-b125-0242ac130002,LAL1970,,0,,28294108-9323-11e9-bf23-0242ac120006
25729688-3d82-4454-83b4-dc0ac8c912da,None,468fb683-8654-424a-9005-731f310bed0f,LAL1860,,0,,28294108-9323-11e9-bf23-0242ac120006
31f6aec9-889e-4cd7-9055-89c1a10079fe,None,479763c6-e90e-11e9-b125-0242ac130002,LAL4143,,0,,28294108-9323-11e9-bf23-0242ac120006
f4ec1954-b458-483e-9e3c-43494a93e189,None,489cc406-57c1-11ea-b4c2-0242ac130006,LAL0040,,0,,28294108-9323-11e9-bf23-0242ac120006
49facaa3-d22b-4c9d-bfcc-fc5d4ff4c8f7,None,48fbbcba-9da1-11ea-82af-0242ac130005,CHO0100,,0,,28294108-9323-11e9-bf23-0242ac120006
41bed40e-62d5-41ad-85a4-d8b3d6472306,None,493f8e80-fba9-11e9-a3c8-0242ac130002,LAL2440,,0,,28294108-9323-11e9-bf23-0242ac120006
4d9263a5-1194-49a8-b3f4-5fc01a5f5852,None,49e99160-f60d-11e9-8649-0242ac130002,LAL0157,,0,,28294108-9323-11e9-bf23-0242ac120006
bf5bb973-545b-487f-aee3-012caae7ceba,None,4a025a42-e6ea-11e9-b125-0242ac130002,LAL2300,,0,,28294108-9323-11e9-bf23-0242ac120006
07605b4f-7f56-4a16-91e1-9c744bb3fc24,None,4a028b6c-f954-11e9-8649-0242ac130002,LAL0450,,0,,28294108-9323-11e9-bf23-0242ac120006
588df866-5efb-43f6-b66a-aea28b1693b2,None,4a2c6259-e814-432e-a59c-99eb9d750007,KAT0200 ,,0,,28294108-9323-11e9-bf23-0242ac120006
e6c12d81-a7e7-46e5-9aa9-72b31a09e4fa,None,4a305bd6-5eb8-11ea-b4c2-0242ac130006,LAL4165,,0,,28294108-9323-11e9-bf23-0242ac120006
5275b7fc-77a2-484a-abec-1e2dcfd6a608,None,4a48d563-85d1-4e51-8f78-2254393f85e2,KIR0050,,0,,28294108-9323-11e9-bf23-0242ac120006
56979b22-22a3-4aa5-8b7d-eee4c13cf438,None,4a6c25be-af79-11ea-8ae7-0242ac130005,LAL0821,,0,,28294108-9323-11e9-bf23-0242ac120006
9d0fb1a7-95b5-48a8-bc6e-6c4edbd5f3e2,None,4abcfc57-87bc-46d0-9338-add4863dbf46,LAL4048,,0,,28294108-9323-11e9-bf23-0242ac120006
37ca9203-ab91-49d0-9623-86ffffe1d3c7,None,4b3adb40-7726-4977-b911-1710edbfa41f,LAL1830,,0,,28294108-9323-11e9-bf23-0242ac120006
d9c18398-e919-489c-900f-0afedb7f90f5,None,4b3adb40-7726-4977-b911-1710edbfa41f,P-183,,0,,28294108-9323-11e9-bf23-0242ac120006
b81864db-f294-4911-bbbf-af6991b89b28,None,4c31625e-ea78-11e9-8bc4-0242ac130002,LAL1220,,0,,28294108-9323-11e9-bf23-0242ac120006
d43f5176-9814-42c3-90a6-4576d93486e5,None,4db3bfb2-eefd-11e9-8bc4-0242ac130002,BUN4004,,0,,28294108-9323-11e9-bf23-0242ac120006
da38b2e4-0cf5-4e9a-974d-2d24149e030e,None,4db72ccc-e6c6-11e9-b125-0242ac130002,LAL1650,,0,,28294108-9323-11e9-bf23-0242ac120006
6ecc2c8f-5d57-48f3-9baf-f4283c6f9b52,None,4dc008cc-64c1-42da-9518-9646c65ab630,DLK0280,,0,,28294108-9323-11e9-bf23-0242ac120006
95be7cfb-d5b7-42f5-9a93-a331a5b266bb,None,4df05f74-e5e0-11e9-b125-0242ac130002,LAL4185,,0,,28294108-9323-11e9-bf23-0242ac120006
ed3a78b4-b24c-4de4-840c-72067354823f,None,4e0709f7-c313-4a8c-ae18-d3ca0d994713,MUG0150,,0,,28294108-9323-11e9-bf23-0242ac120006
39358b41-7460-4ac8-8395-e9e692f535ca,None,4e76f5c4-ebf4-11e9-8bc4-0242ac130002,LAL0960,,0,,28294108-9323-11e9-bf23-0242ac120006
eaccc590-e898-4a2e-8372-6eb56e34f6b8,None,4ea9bf18-4293-11ea-a19a-0242ac130006,BUN0010,,0,,28294108-9323-11e9-bf23-0242ac120006
eba4aa33-caa7-403f-a36e-ac2eef98515f,None,4ed2374c-e846-11e9-8bc4-0242ac130002,LAL1770,,0,,28294108-9323-11e9-bf23-0242ac120006
9d66b665-9269-4659-9723-d8f87baeb06d,None,4eeb757c-5fc4-11ea-8083-0242ac130006,LAL0170,,0,,28294108-9323-11e9-bf23-0242ac120006
3339d644-cd25-4c1e-8758-fe9809e2cd38,None,4f116514-0102-11ea-8f3c-0242ac130002,SUN0100,,0,,28294108-9323-11e9-bf23-0242ac120006
95a49c4c-5983-4d99-ada4-e6f009a9065f,None,4fbe0748-3653-4e38-a86d-1627db252297,DLK0310,,0,,28294108-9323-11e9-bf23-0242ac120006
59df7a6f-0b60-4ed2-95ba-4596217dbc46,None,503085f6-076f-11ea-8a1c-0242ac130002,SUN0250,,0,,28294108-9323-11e9-bf23-0242ac120006
8d14a9b8-4510-45a2-9177-deae3af5d3d8,None,50e6b167-1959-4ce9-a9d4-1800e7273a52,KIR0012,,0,,28294108-9323-11e9-bf23-0242ac120006
c7f08484-d5c8-4a95-a90e-d65bc86b8974,None,50e8eedc-eb42-11e9-8bc4-0242ac130002,LAL4093,,0,,28294108-9323-11e9-bf23-0242ac120006
725d56e9-0f3d-4af3-9f46-7df12e09aa1c,None,51d9d5da-4ceb-11ea-8083-0242ac130006,LAL0580,,0,,28294108-9323-11e9-bf23-0242ac120006
df56c7af-c8e8-491e-923a-e4c365004a4f,None,5277a9d6-2f86-11ea-b242-0242ac130002,BUN0005,,0,,28294108-9323-11e9-bf23-0242ac120006
9d7ce662-7cb3-45d0-86c8-1e516a3a8858,None,54346f5f-5ad8-4ab5-887c-c983ea617de2,LAL2130,,0,,28294108-9323-11e9-bf23-0242ac120006
65b47fe1-7390-4267-bab7-af85437980df,None,55133c56-e68d-11e9-b125-0242ac130002,LAL4224 ,,0,,28294108-9323-11e9-bf23-0242ac120006
8c01cfb5-bbc0-4ad5-ad1c-71e11b32edaf,None,553b9314-e687-11e9-8bc4-0242ac130002,LAL0750,,0,,28294108-9323-11e9-bf23-0242ac120006
0af6338f-51d2-4506-ad17-9ec3bd0a5e2c,None,55519f42-0202-11ea-a389-0242ac130002,SUN4050,,0,,28294108-9323-11e9-bf23-0242ac120006
27e2bef2-8c4c-4ec3-9a0e-3c4be577f975,None,5553af61-8bca-4f14-baa9-a077e67f701d,LAL1800,,0,,28294108-9323-11e9-bf23-0242ac120006
21ea8778-5597-4996-b5fb-6aa4467a22e3,None,5576adf8-9a84-11ea-9766-0242ac130005,LAL4040,,0,,28294108-9323-11e9-bf23-0242ac120006
b5e3f995-6d6a-4c74-b397-6f71d95f828e,None,557a604c-e6a7-11e9-8bc4-0242ac130002,LAL1680,,0,,28294108-9323-11e9-bf23-0242ac120006
7bd29fea-5026-4297-9f8d-33d0dad9380f,None,55be585c-411d-48dd-be74-5cd78f2723e1,KIR0067,,0,,28294108-9323-11e9-bf23-0242ac120006
68e4a997-69cf-41da-9b5c-851836d99b68,None,55bee51e-01f5-11ea-a389-0242ac130002,SUN4070,,0,,28294108-9323-11e9-bf23-0242ac120006
9b67a92e-73e9-4e0e-bf32-d674c2a19615,None,55ebd8ba-e343-11e9-8bc4-0242ac130002,LAL0360,,0,,28294108-9323-11e9-bf23-0242ac120006
b4a4db9e-3ecf-4174-aed2-87a133fca3f3,None,55ef0210-dfa6-11e9-81a8-0242ac140006,LAL4001,,0,,28294108-9323-11e9-bf23-0242ac120006
a4114104-058f-4e3f-a86a-211cc6ee225a,None,56588bbe-f0bc-11e9-a3c8-0242ac130002,SUN0102,,0,,28294108-9323-11e9-bf23-0242ac120006
36a31ee3-4936-4b4c-8285-73ddd15533f0,None,56a5632a-c2df-41f2-8fbb-2d82330d9c76,DLK0010,,0,,28294108-9323-11e9-bf23-0242ac120006
65e7648a-8886-4509-815c-cfe790397634,None,56fa3190-ea8a-11e9-8bc4-0242ac130002,LAL4157,,0,,28294108-9323-11e9-bf23-0242ac120006
d814daf9-e524-4cec-aa8a-9b02da1e4492,None,574c588e-e7ed-11e9-b125-0242ac130002,LAL2290,,0,,28294108-9323-11e9-bf23-0242ac120006
05c19ed0-d299-4e4c-9bb1-09febd63a3ea,None,57688e06-ca3c-11e9-b993-0242ac140002,LAL1990,DANAM,0,,28294108-9323-11e9-bf23-0242ac120006
10062add-0a19-4acb-a377-204453dc95e9,None,580324c0-5212-4b6e-83be-eab695af708f,KAT2570,,0,,28294108-9323-11e9-bf23-0242ac120006
b24d9b57-cc53-4785-a52b-75f04677c2a5,None,58201fa0-0b37-4744-af03-0c6aaac21835,BKT0082,,0,,28294108-9323-11e9-bf23-0242ac120006
14953214-d2df-456e-82e5-36f094a81453,None,5864a56c-7d5f-4174-ab70-9b73013c325f,DLK0016,,0,,28294108-9323-11e9-bf23-0242ac120006
77ad0a82-410c-4c7c-9480-a2961f16223c,None,59e912ca-06a7-412a-a9b1-60d5d0fc0a6a,KIR0063,,0,,28294108-9323-11e9-bf23-0242ac120006
cc3bcaca-8dcb-42df-ac03-e96f5b874fba,None,5a2b953a-01f9-11ea-8f3c-0242ac130002,SUN0200,,0,,28294108-9323-11e9-bf23-0242ac120006
2c6013c8-e927-4504-b5c6-66d0e1191275,None,5a3ab8f6-6344-11ea-b4c2-0242ac130006,LAL0730,,0,,28294108-9323-11e9-bf23-0242ac120006
687e7fb2-6cfc-46ed-82ce-758629517992,None,5a9d675d-4ea1-416c-9d12-fe75a690e587,KIR0061,,0,,28294108-9323-11e9-bf23-0242ac120006
27b9de20-11de-437e-afeb-49634e61a060,None,5b4fb39f-ba1c-4a7a-9218-98fba1910a5a,KAT2636,,0,,28294108-9323-11e9-bf23-0242ac120006
9bbf9157-2e50-4268-b4a8-bc1040000fb3,None,5bfb6d40-eb4c-11e9-b125-0242ac130002,KAT2590,,0,,28294108-9323-11e9-bf23-0242ac120006
944ca5a4-3272-428a-bf35-67a13b52951c,None,5c063668-e5f6-11e9-b125-0242ac130002,LAL4125,,0,,28294108-9323-11e9-bf23-0242ac120006
2c092e5e-82d5-43f2-9de0-bacc739fec45,None,5c766eac-e5d2-11e9-b125-0242ac130002,LAL1590,,0,,28294108-9323-11e9-bf23-0242ac120006
c989a62c-93c4-4225-877d-365cf23b5ac0,None,5c944401-65d2-49ed-b361-dbf4e3358629,KAT1181,,0,,28294108-9323-11e9-bf23-0242ac120006
6fb3f0de-9553-4774-a5b0-4264554b8a47,None,5cb98dcd-6658-4b9c-8990-8c2299397aca,LAL2000,,0,,28294108-9323-11e9-bf23-0242ac120006
d084b6e1-c9c8-4354-8f5a-3f530f3384ee,None,5d44f5b8-70f8-11ea-966a-0242ac130006,LAL0841,,0,,28294108-9323-11e9-bf23-0242ac120006
e7a30efa-2745-4c48-8455-f9b15e9adcde,None,5d9c1eae-e1c7-43bc-905a-a0816724b854,LAL1050,,0,,28294108-9323-11e9-bf23-0242ac120006
deec52da-04c2-4fb9-8808-4ac61eb24ba1,None,5dfe48f0-eb2d-465c-a5d0-67bb1ae1277a,BAL0007,,0,,28294108-9323-11e9-bf23-0242ac120006
0ac5cb28-e347-4401-bf65-8bcd4df8d0b9,None,5e259143-1a43-49f4-94fd-068766f80876,KIR0021,,0,,28294108-9323-11e9-bf23-0242ac120006
99cb5dbd-51fe-4048-8356-f9b755fd80c1,None,5e94853e-0756-11ea-b2c1-0242ac130002,SUN4010,,0,,28294108-9323-11e9-bf23-0242ac120006
c3bbfda7-222f-4572-bbd1-86de0b372f8a,None,5e9af02d-96f4-42a8-8c91-57d31cd5027b,LAL2410,,0,,28294108-9323-11e9-bf23-0242ac120006
63b874e7-06e2-4d69-b952-5c2e52f4d47a,None,5e9af02d-96f4-42a8-8c91-57d31cd5027b,P-241,,0,,28294108-9323-11e9-bf23-0242ac120006
89deab32-e4bc-4a0f-a326-ab9e0920210a,None,5f0eb57e-e8d0-11e9-8bc4-0242ac130002,LAL0191,,0,,28294108-9323-11e9-bf23-0242ac120006
d1fa28cd-8114-4240-b1e1-6378df89acc8,None,5f10573c-c317-4fef-92ed-b0354eeae8e0,P-270,,0,,28294108-9323-11e9-bf23-0242ac120006
ad4974d1-804b-4af8-b36b-c0babc37e64f,None,5f10573c-c317-4fef-92ed-b0354eeae8e0,LAL2700,,0,,28294108-9323-11e9-bf23-0242ac120006
82ddfce2-9d88-4069-8e3f-86b832faade6,None,5f218d0a-4412-11ea-a19a-0242ac130006,BUN0002,,0,,28294108-9323-11e9-bf23-0242ac120006
8f972490-ec9e-4098-85c4-054ef6b75a96,None,5f27520c-348e-43da-8160-a2e2729a37c7,LAL0842,,0,,28294108-9323-11e9-bf23-0242ac120006
af1d67e9-ff04-4328-82b4-6103d7dabb2a,None,5fa893c6-fbc5-11e9-8649-0242ac130002,LAL4046,,0,,28294108-9323-11e9-bf23-0242ac120006
04356e05-1280-443f-a58b-7beed94b8756,None,5fadd6dc-06b1-11ea-8a1c-0242ac130002,SUN0240,,0,,28294108-9323-11e9-bf23-0242ac120006
bf8034d4-2538-49db-b23d-5773cdf21875,None,5fcb8c96-4297-11ea-a19a-0242ac130006,BUN0012,,0,,28294108-9323-11e9-bf23-0242ac120006
70e443a0-d21d-4bcc-b240-a38a11186794,None,5fd9092c-0569-11ea-b2c1-0242ac130002,BUN0027,,0,,28294108-9323-11e9-bf23-0242ac120006
7fbf659d-f582-43b6-8a77-d5f6ba990ace,None,5ffc298d-bf45-4996-a8c8-4023014d9152,KAT3180,,0,,28294108-9323-11e9-bf23-0242ac120006
a7910905-2fd4-490e-b92a-0764f98eb691,None,600ba6fa-8f77-11ea-bd59-0242ac130005,CHO4100,,0,,28294108-9323-11e9-bf23-0242ac120006
9994b8a8-7452-44f6-b186-ce1630879512,None,60a8a8e0-e4e8-11e9-b125-0242ac130002,LAL4250,,0,,28294108-9323-11e9-bf23-0242ac120006
cf1404d4-76bb-43a1-beb7-fd6d5cc1989b,None,60aa32b2-ea3f-11e9-8bc4-0242ac130002,LAL1960,,0,,28294108-9323-11e9-bf23-0242ac120006
8797ec1e-ee3c-441a-a8cf-a03b37f39ccb,None,618c600d-e494-4d74-b277-e81f773a21f4,KIR0040,,0,,28294108-9323-11e9-bf23-0242ac120006
74b4e745-7c47-47c5-ba07-e40e3ef6d2e1,None,619ad1be-7cb3-4973-a2ce-13e5c7832083,KAT2572,,0,,28294108-9323-11e9-bf23-0242ac120006
fc930b70-ff1f-4c6a-9ce6-83762d2631ff,None,6206f79c-e5dc-11e9-8bc4-0242ac130002,LAL4126,,0,,28294108-9323-11e9-bf23-0242ac120006
e073997d-bbfd-4254-9207-96088a5c8975,None,62332e5e-8c90-484f-8c98-82e018442939,LAL4242,,0,,28294108-9323-11e9-bf23-0242ac120006
fd316012-0774-4ae3-860a-35ca77b81ab6,None,62af421e-8c58-49de-856d-89cf1184ae5f,BKT0009,,0,,28294108-9323-11e9-bf23-0242ac120006
5fe702ca-bbe5-44cc-af0f-562d3255027a,None,63987fea-cd6d-11e9-92b4-0242ac140002,LAL2780,DANAM,0,,28294108-9323-11e9-bf23-0242ac120006
0d5d3da9-64e1-460a-8db0-6881230a32bf,None,6399088a-e68a-11e9-b125-0242ac130002,LAL0932,,0,,28294108-9323-11e9-bf23-0242ac120006
dafd5de8-29be-457d-9809-34542c9aad09,None,63cd4a6e-4a3a-4241-86ff-428121b2a15c,DLK0013,,0,,28294108-9323-11e9-bf23-0242ac120006
071f41cf-3ef5-4f47-81dd-096b11c334d9,None,63d66002-8bc5-48b3-af42-cf40b44b38d1,LAL2680,,0,,28294108-9323-11e9-bf23-0242ac120006
6b1c559e-46cf-46f4-9e38-0813828f6f2a,None,63d69d53-665f-496d-ba83-9b322a3268bc,KAT2240,,0,,28294108-9323-11e9-bf23-0242ac120006
f2352ece-d557-466d-8d9a-5573cb4de279,None,63ee2cfd-8c43-457b-970c-a837cc8f7f11,KIR0059,,0,,28294108-9323-11e9-bf23-0242ac120006
dd1e5f93-1156-4c45-8096-9f6a384b8029,None,6594f9ac-fb26-4e95-8c0e-4957e705df7c,LAL4310,,0,,28294108-9323-11e9-bf23-0242ac120006
61d20fbb-fc39-41c5-9ad7-4c044fd410db,None,65ef3af4-9d6a-11ea-82af-0242ac130005,LAL4209,,0,,28294108-9323-11e9-bf23-0242ac120006
9f66125d-7c5c-48ee-8e22-0fc0295d8d2a,None,6700e6dc-ad31-11ea-8ae7-0242ac130005,LAL0820,,0,,28294108-9323-11e9-bf23-0242ac120006
49f5ef96-5ff5-4ef3-97e9-9f65ba24f148,None,67282390-14e0-4896-92cb-d79b96080f2e,KIR0017,,0,,28294108-9323-11e9-bf23-0242ac120006
4f2951df-3f39-4006-849f-1afabf519d7d,None,673afbfc-e6f2-11e9-8bc4-0242ac130002,LAL4139,,0,,28294108-9323-11e9-bf23-0242ac120006
5740e466-19b6-48ba-8d52-5a6cc74b5a18,None,678eb152-5957-11ea-8083-0242ac130006,LAL0670,,0,,28294108-9323-11e9-bf23-0242ac120006
69c70ac2-4228-4fc8-9801-662c4d903c13,None,67c377c8-fa2d-4d66-8051-e899b0e3e60a,SRK0040,,0,,28294108-9323-11e9-bf23-0242ac120006
ce5bc161-cc51-47b0-b7fd-e5c70f013c7a,None,67f1cda0-9f96-4673-8502-6b706e34c465,JUM0420,,0,,28294108-9323-11e9-bf23-0242ac120006
2163834f-652c-4e70-85e3-e98811c97640,None,67f7ff3b-da0a-4064-969e-53333412edd9,MUG0030,,0,,28294108-9323-11e9-bf23-0242ac120006
acef10cd-9d15-4013-ab0b-4716624dcf20,None,69280807-eee5-40af-a285-7fc9cb500ad6,BTD0050,,0,,28294108-9323-11e9-bf23-0242ac120006
e6fd9afb-ac3d-4208-a469-cd62ae6fb538,None,69370820-1ef5-11ea-b74e-0242ac130002,LAL4198,,0,,28294108-9323-11e9-bf23-0242ac120006
1ec1b7d0-346a-4258-912d-02f7e873093d,None,69d578b5-0f06-47ad-9080-9fe3e1adb07f,KAT0960,,0,,28294108-9323-11e9-bf23-0242ac120006
9ded5e27-63cb-4bc6-9b73-ceb29a5b3dbe,None,69d578b5-0f06-47ad-9080-9fe3e1adb07f,P-96,,0,,28294108-9323-11e9-bf23-0242ac120006
40839092-c5f4-4116-8b1e-c86b9281df69,None,6a263bd4-6022-48bd-ba52-b730dd67710c,KIR4002,,0,,28294108-9323-11e9-bf23-0242ac120006
309173f6-ab4d-4777-bcb5-170be6f82e84,None,6a2ca05c-3aaa-11ea-b44d-0242ac130006,LAL0060,,0,,28294108-9323-11e9-bf23-0242ac120006
d751aad2-09b8-438b-b4a8-60b5d84c4274,None,6a68a4bf-4153-4db9-9aa4-c5f78331a414,KIR4076,,0,,28294108-9323-11e9-bf23-0242ac120006
369c846e-b341-4a90-927f-7865b9f3e2e6,None,6a68f8a4-ad2d-4c82-97df-70095bf3dd7c,DDL0010,,0,,28294108-9323-11e9-bf23-0242ac120006
c910a9f2-6579-45f6-a6bf-e7ffb767f993,None,6a82831d-1e4f-4570-9030-319e6b8a1480,THK0021,,0,,28294108-9323-11e9-bf23-0242ac120006
94cc7d83-0068-4b99-8879-fc8b0f0bcc85,None,6b267ae4-4c53-4516-a1d0-5fc7366596c4,KIR0074,,0,,28294108-9323-11e9-bf23-0242ac120006
3fa895f0-0ef2-455f-bdd9-8fcb0e6bbabc,None,6bb91e99-b953-4be7-855b-70a870f1c1b4,DDL0040,,0,,28294108-9323-11e9-bf23-0242ac120006
861f46c2-3033-43e9-b827-80e3de2ff823,None,6bb91e99-b953-4be7-855b-70a870f1c1b4,DDL0040,,0,,28294108-9323-11e9-bf23-0242ac120006
304df82b-0535-4da3-9a52-45c62233f8ba,None,6cdaf736-d3f8-4b5f-9b6d-384f21c8d902,LAL4196,,0,,28294108-9323-11e9-bf23-0242ac120006
8b641946-e9b6-4270-885a-c3b1afd61683,None,6cef8522-e33c-11e9-b125-0242ac130002,LAL0560,,0,,28294108-9323-11e9-bf23-0242ac120006
46c3a953-6864-4bfc-af04-292d406f4f6e,None,6d478768-e8f5-11e9-b125-0242ac130002,LAL1130,,0,,28294108-9323-11e9-bf23-0242ac120006
95b1b88a-781c-4a6e-ad79-bdcb0b7e4f57,None,6da9c621-521e-41d0-97b4-a3a8c2a9c960,BKT0070,,0,,28294108-9323-11e9-bf23-0242ac120006
c9a725b1-25b6-4930-b994-a4129d7dfcce,None,6e03bbf6-0522-11ea-8f3c-0242ac130002,SUN0230,,0,,28294108-9323-11e9-bf23-0242ac120006
89ec5515-d8df-45bd-a95e-d8c6ddd30ace,None,6fac8c1c-e768-11e9-8bc4-0242ac130002,LAL0171,,0,,28294108-9323-11e9-bf23-0242ac120006
99e53cf2-bb0f-4b94-a86d-0772b56420e5,None,711b19a4-ec10-11e9-b125-0242ac130002,LAL2060,,0,,28294108-9323-11e9-bf23-0242ac120006
1882dcf3-ed6a-4657-8d98-71d03bd9bf3d,None,7171bc5b-58ee-4d5d-9808-c118c20022de,KAT1150,,0,,28294108-9323-11e9-bf23-0242ac120006
ced41ebb-7723-43ef-9288-d1cb601de372,None,7195ddad-7b38-423b-b1a2-479a4ad0292c,KIR0009,,0,,28294108-9323-11e9-bf23-0242ac120006
bb36fb37-2c59-455c-92f5-feb4259a17d2,None,71a0ee45-c6f0-4598-a938-d160e0fc7ebf,BTD0010,,0,,28294108-9323-11e9-bf23-0242ac120006
6bd65be8-c84b-42bf-bbb8-1993ea2d02dd,None,7212764c-e691-11e9-8bc4-0242ac130002,LAL1250,,0,,28294108-9323-11e9-bf23-0242ac120006
14bdd7ef-fb7c-4537-b586-afc4577d1289,None,7286700f-4313-42ba-be54-d79933e086a4,LAL1360,,0,,28294108-9323-11e9-bf23-0242ac120006
7cab1d98-5824-4173-8d8d-3c598adbbe7a,None,72b92b8f-e331-4878-85d4-5aa407f60047,KLK0250,,0,,28294108-9323-11e9-bf23-0242ac120006
adf2bfad-b0ba-4de4-9f87-551bf1bc0d5a,None,731bd8c6-5877-4951-bf17-efc7b7c68933,KIR0075,,0,,28294108-9323-11e9-bf23-0242ac120006
91129239-c170-4403-ae6f-407c54075e9d,None,737cb161-8db7-4e7d-a315-4f6fdf29d047,LAL4244,,0,,28294108-9323-11e9-bf23-0242ac120006
ad95be3c-b348-4953-8422-c406bd450abe,None,73f86971-d72b-42bc-8776-14acf48bfaca,LAL2160,,0,,28294108-9323-11e9-bf23-0242ac120006
8d32dfa8-1d7e-4166-bcf7-d4b6207154b3,None,74ae042c-e6a8-11e9-b125-0242ac130002,LAL1240,,0,,28294108-9323-11e9-bf23-0242ac120006
8bb512a7-a03b-4513-9860-79cc8e60f9e4,None,75171568-d049-4c63-9fce-ddf40dc4e157,BKT0100,,0,,28294108-9323-11e9-bf23-0242ac120006
22b291f0-bf61-492d-b3f9-1ab5fddbb579,None,755714a7-16e4-4926-b93c-a906820ce3bf,MUG0070,,0,,28294108-9323-11e9-bf23-0242ac120006
b38dc7e2-a700-4e4e-a2bf-ab3430c3acbc,None,7559d8ea-32ef-11ea-a67f-0242ac130002,LAL0540,,0,,28294108-9323-11e9-bf23-0242ac120006
15b4d9d2-3dfa-4a36-9aba-c0d1555988ff,None,75d880e6-e74f-11e9-8bc4-0242ac130002,LAL0850,,0,,28294108-9323-11e9-bf23-0242ac120006
4f9b2ab5-5927-40d4-b032-ff73aecc921e,None,7605825a-b679-4eb0-a1c0-8365e6493bfa,MUG0110,,0,,28294108-9323-11e9-bf23-0242ac120006
74baba41-fdc2-4769-a5e9-09ddde99c2da,None,76ab9a02-0244-11ea-8f3c-0242ac130002,SUN0210,,0,,28294108-9323-11e9-bf23-0242ac120006
10855dbe-52a0-46c4-b732-21b89ed28d70,None,776a4b78-3709-406d-bdb5-7f65590d125d,KIR0057,,0,,28294108-9323-11e9-bf23-0242ac120006
c1a124f8-df44-4519-b4f5-9d8b17db2174,None,77e6fd7a-5e11-11ea-b4c2-0242ac130006,LAL0030,,0,,28294108-9323-11e9-bf23-0242ac120006
f6f8eb52-63c0-43f4-a834-e83e13a0e1a5,None,781d9148-efea-47f6-bfee-3aa004bf0e43,LAL2140 ,,0,,28294108-9323-11e9-bf23-0242ac120006
5988e473-6ea5-409d-93a1-ceaa04d22d33,None,781f49c2-723f-11ea-b99f-0242ac130006,LAL4199,,0,,28294108-9323-11e9-bf23-0242ac120006
b520dad5-b51e-4dcd-8869-bec97ccd6e01,None,78211803-598c-46df-834e-4d97356acd0c,BKT0060,,0,,28294108-9323-11e9-bf23-0242ac120006
430e80a5-f61e-48a5-95fb-ed8cf911612a,None,786375ae-ec2d-11e9-8bc4-0242ac130002,LAL0891,,0,,28294108-9323-11e9-bf23-0242ac120006
e0f3881f-675b-47f8-b0b8-8c911bbf2f90,None,786fe3c9-b65a-4bee-9432-867ae7d7be39,LAL4232,,0,,28294108-9323-11e9-bf23-0242ac120006
c74d63c3-9404-445a-845e-773c5434d6c7,None,788cd320-e6a8-11e9-8bc4-0242ac130002,LAL2730,,0,,28294108-9323-11e9-bf23-0242ac120006
82cab984-3424-423f-b456-51bc10f899b0,None,790c0a2a-5e10-11ea-8083-0242ac130006,LAL0010,,0,,28294108-9323-11e9-bf23-0242ac120006
2c5f65ee-26ea-4be2-bfb4-293095283981,None,794a1040-e665-11e9-8bc4-0242ac130002,LAL2360,,0,,28294108-9323-11e9-bf23-0242ac120006
f8d40ebb-ef4c-422b-8c65-7cb41c60a85f,None,7a98de01-7e10-4dff-a67f-30e3687f11a7,KAT2571,,0,,28294108-9323-11e9-bf23-0242ac120006
ab3b5fde-e050-4383-b4e4-7fc741a419ba,None,7e809e00-cdbe-40f2-b1a8-5074e3cd0da3,DLK0120,,0,,28294108-9323-11e9-bf23-0242ac120006
768c5c9c-7174-4aba-8abd-d8cc84f06956,None,7eb10e0c-df75-4816-b1d3-5a541d6c7d19,DLK0320,,0,,28294108-9323-11e9-bf23-0242ac120006
3737a56c-e011-411f-8777-2f65ce30384f,None,7ebfcc36-6e7b-4afe-b4ca-a6b4ec2729da,KAT2639 ,,0,,28294108-9323-11e9-bf23-0242ac120006
4cef7b3f-7aaa-4f58-aad7-d4dc950994ed,None,7f398f5a-a97b-4bb8-9261-b8a0cd448ae7,LAL1070,,0,,28294108-9323-11e9-bf23-0242ac120006
88906f30-a9b2-4edc-85cf-cc2160861df2,None,7f398f5a-a97b-4bb8-9261-b8a0cd448ae7,P-107,,0,,28294108-9323-11e9-bf23-0242ac120006
add083c0-5a28-4576-b5fb-f11bea985746,None,809bbb06-e6af-11e9-b125-0242ac130002,LAL1430,,0,,28294108-9323-11e9-bf23-0242ac120006
c308c91a-9455-4f7f-b2c4-ec0b3295eba5,None,80cdc8b9-422f-4a81-b2f7-3046a922e3e3,MUG0130,,0,,28294108-9323-11e9-bf23-0242ac120006
9815bdab-8f76-4672-9d1d-f48cd124cce2,None,81196e13-6df7-43aa-8a21-8f6200b14b65,KAT2638,,0,,28294108-9323-11e9-bf23-0242ac120006
01062583-8a5d-49b7-9437-491867bb3446,None,81e0d744-ea9c-11e9-b125-0242ac130002,LAL4094,,0,,28294108-9323-11e9-bf23-0242ac120006
43da1e1b-817c-4196-874f-20d22bf8832c,None,81f57520-f0b7-11e9-a3c8-0242ac130002,SUN4210,,0,,28294108-9323-11e9-bf23-0242ac120006
488a267f-1039-4658-b25c-e992b2ae304b,None,8206aa54-e8ea-11e9-b125-0242ac130002,LAL1291,,0,,28294108-9323-11e9-bf23-0242ac120006
df537774-2adf-48c6-8efd-f2bf7456a390,None,82776660-bee0-4f35-bb18-a88f7276afeb,JUM0100,,0,,28294108-9323-11e9-bf23-0242ac120006
d81083ea-7148-47e2-aea1-a96a44a77d47,None,828826c8-56cd-11ea-8083-0242ac130006,BUN4003,,0,,28294108-9323-11e9-bf23-0242ac120006
8008dc96-310a-4dd3-a82e-bfb398c84c86,None,8319446f-2ea3-4d3b-8848-80f325a69132,DLK0050,,0,,28294108-9323-11e9-bf23-0242ac120006
ac0a97c5-e604-44d0-88b5-a164152bb21e,None,834f87e7-78a7-4012-a388-cfe5bb6f51c7,KAT0010,,0,,28294108-9323-11e9-bf23-0242ac120006
e1259fa0-d6bf-4f8d-8844-309b255784b2,None,83b26802-2953-4afc-baf7-e9ea63fd5fd6,KIR0001,,0,,28294108-9323-11e9-bf23-0242ac120006
838ed718-6089-4929-868e-ef28918f96a4,None,83e736d7-89d3-4b2f-93da-fa2dc6744480,BKT0153,,0,,28294108-9323-11e9-bf23-0242ac120006
c48729f8-8508-4e3b-8dd1-292f88dae32b,None,85784d90-e904-11e9-8bc4-0242ac130002,LAL0933,,0,,28294108-9323-11e9-bf23-0242ac120006
2936a4fa-c609-4df5-8bf9-e74889831498,None,85caf911-91c6-4848-84fa-0e09aef3e05d,LAL4082,,0,,28294108-9323-11e9-bf23-0242ac120006
e1df82f5-5009-4392-9cb9-2eef9d038e6c,None,8657bd6a-9d6b-11ea-9766-0242ac130005,LAL4210,,0,,28294108-9323-11e9-bf23-0242ac120006
8dbc8463-34a7-4577-8f44-27d5b5eeca3d,None,8668778f-085d-4d1c-bf8a-ed3e0e5c96e3,THK0020,,0,,28294108-9323-11e9-bf23-0242ac120006
b35e03de-b6e4-424c-92f7-681874836a18,None,86c994be-020a-11ea-a389-0242ac130002,SUN4200,,0,,28294108-9323-11e9-bf23-0242ac120006
e91058c0-3117-4553-8db1-f3a5a4cc54b4,None,86caa94a-dc3f-46fb-95e1-202a709cefac,LAL2150,,0,,28294108-9323-11e9-bf23-0242ac120006
9b167c72-008b-49c5-839d-4bc4dcdfcb24,None,870f3118-e67b-11e9-8bc4-0242ac130002,LAL1980,,0,,28294108-9323-11e9-bf23-0242ac120006
3ad45800-a1b5-4a2c-95e5-58f5ddeb282f,None,8720230c-b399-41b7-a0db-08f7116f4612,KAT3261,,0,,28294108-9323-11e9-bf23-0242ac120006
b7eb3184-3eb0-4519-933a-b71455d4936d,None,872e0e8c-f0ba-11e9-a3c8-0242ac130002,SUN0010,,0,,28294108-9323-11e9-bf23-0242ac120006
a5b40036-1e4f-4fb0-8e8b-205c87e883c6,None,87486c5c-cf5a-44bc-937b-8ccff40fd44b,LAL0995,,0,,28294108-9323-11e9-bf23-0242ac120006
9c9fb61a-cad7-4268-980e-d721eefbc452,None,8781be4e-af8f-11ea-9766-0242ac130005,LAL0822,,0,,28294108-9323-11e9-bf23-0242ac120006
e2bd02fe-0e60-43a9-b1f2-e9b00bba0b93,None,87c885ca-8c0a-4bad-9c69-682de1e22b2e,BKT0280,,0,,28294108-9323-11e9-bf23-0242ac120006
6e169368-c78c-4107-b554-5efef78effe5,None,87e25c28-82d3-4774-bfb4-808e6eb07ace,LAL2230,,0,,28294108-9323-11e9-bf23-0242ac120006
a53b6433-c442-40de-b236-74c91bc6dce3,None,88628b43-2a88-45c3-8a99-07f0d5b84cec,LAL2560,,0,,28294108-9323-11e9-bf23-0242ac120006
1a6b4d29-c8f9-437b-90ce-2df1065a5fdc,None,88b72ab0-e6b3-11e9-8bc4-0242ac130002,LAL1290,,0,,28294108-9323-11e9-bf23-0242ac120006
14e818a6-ba41-4072-905d-2fcbeb1ada74,None,89ddbf0d-5d6b-4ce4-9bee-5c4403136528,KAT0310,,0,,28294108-9323-11e9-bf23-0242ac120006
cd4ec02d-eb5f-407e-9c65-ad270ae5c3b2,None,8ad6f527-a10b-4452-95dc-9d3ed9f9912d,CHO4030,,0,,28294108-9323-11e9-bf23-0242ac120006
a848256f-3283-4369-96aa-cb3e3a161ae1,None,8bd0dd8f-8bee-4b91-a977-d2b40db4a23c,LAL1060,,0,,28294108-9323-11e9-bf23-0242ac120006
6c455f25-f067-4b59-8f91-5f6003fa3dcd,None,8bf6cc7e-e8fe-11e9-8bc4-0242ac130002,LAL4142,,0,,28294108-9323-11e9-bf23-0242ac120006
2853d05b-9c09-4336-a5a0-de8f019e461b,None,8c223fa8-fa3d-11e9-8649-0242ac130002,SUN0030,,0,,28294108-9323-11e9-bf23-0242ac120006
b7e02b70-60f9-4cec-8ece-eb45c550178a,None,8c376304-6852-48b8-a840-20e3764916b3,TEST1234,,0,,28294108-9323-11e9-bf23-0242ac120006
4fb24ea4-54e6-4022-b83c-f696f8110ffe,None,8c5e73b9-f669-4839-b375-093e33198b93,LAL2220,,0,,28294108-9323-11e9-bf23-0242ac120006
f933701f-76e0-415c-a9b1-89697b19e472,None,8d7016d6-5470-11ea-b4c2-0242ac130006,LAL0970,,0,,28294108-9323-11e9-bf23-0242ac120006
649e90ef-9edf-4326-9285-51878c2d95a7,None,8e375f65-fefc-48a6-af75-a116aefdf746,KLK0350,,0,,28294108-9323-11e9-bf23-0242ac120006
35c6185e-89a1-49b7-b07f-3e92a136252e,None,8e38f1ef-d6ec-4d1f-ae8f-e94e5d425013,LAL2590 ,,0,,28294108-9323-11e9-bf23-0242ac120006
3b70a798-3f08-4c42-9ad5-35c41190e912,None,8e38f1ef-d6ec-4d1f-ae8f-e94e5d425013,P-259,,0,,28294108-9323-11e9-bf23-0242ac120006
91002eee-7555-46c1-8a12-6e87c4701450,None,8eca193e-f410-11e9-8649-0242ac130002,LAL4074,,0,,28294108-9323-11e9-bf23-0242ac120006
10b8b9b3-8f79-4f8a-9975-4c497f1f76ff,None,8eeabc38-6103-11ea-8083-0242ac130006,LAL0870,,0,,28294108-9323-11e9-bf23-0242ac120006
9eee1255-e135-4cf3-b176-78e7dcfe6f7f,None,8ef7a2bb-be68-438f-9902-2914c6ebc9f1,KIR0058,,0,,28294108-9323-11e9-bf23-0242ac120006
0f423c2f-f22c-4218-9209-d46c7ec81680,None,8f1db6ee-e77b-11e9-8bc4-0242ac130002,LAL4182,,0,,28294108-9323-11e9-bf23-0242ac120006
5d79dbd5-e44c-43ab-ab93-98fb139ecfb6,None,8f55831e-9d6d-11ea-9766-0242ac130005,LAL4212,,0,,28294108-9323-11e9-bf23-0242ac120006
3c1e8257-fe1d-493e-beb2-9101ea047227,None,8f604b7b-bd43-493f-87e8-e36d69990ad9,P-147,,0,,28294108-9323-11e9-bf23-0242ac120006
ab19a555-13de-4cf5-a845-0c225649c26a,None,8f604b7b-bd43-493f-87e8-e36d69990ad9,LAL1470,,0,,28294108-9323-11e9-bf23-0242ac120006
22d3ba3b-6c5a-41f8-9b7e-6ae6b480defd,None,8f639858-8eec-11ea-8e56-0242ac130005,LAL0101,,0,,28294108-9323-11e9-bf23-0242ac120006
e5174281-fd3e-4bf9-a136-2a7730d8cb11,None,8f639858-8eec-11ea-8e56-0242ac130005,Pruscha P-101,,0,,28294108-9323-11e9-bf23-0242ac120006
4a875cbf-66ee-4317-aa5c-13f4a6dff598,None,8f7a0db3-8133-4eb5-97b0-8b0c8703aa82,KIR0002,,0,,28294108-9323-11e9-bf23-0242ac120006
b86f7943-ffca-4d22-b2aa-3c6071e46866,None,8fa97d24-02ff-11ea-a389-0242ac130002,LAL4219,,0,,28294108-9323-11e9-bf23-0242ac120006
2bada4ad-d29a-4788-bfdb-fbd5a43dfcd2,None,8fe3c368-1cbc-11ea-b74e-0242ac130002,BUN0003,,0,,28294108-9323-11e9-bf23-0242ac120006
9f234921-c3ef-4343-92ac-13add1739484,None,8ffce5d6-df78-11e9-81a8-0242ac140006,LAL4110,,0,,28294108-9323-11e9-bf23-0242ac120006
92ca6db7-8595-412c-be87-4b0a457424ea,None,900a45b8-7fde-496b-b6c8-2bb60128983a,KAT2631,,0,,28294108-9323-11e9-bf23-0242ac120006
f9760bdb-fb28-49b2-8a2c-054dd5a4df73,None,902da6e4-6f82-42e7-95e9-8e2fc2d454fd,LAL1831,,0,,28294108-9323-11e9-bf23-0242ac120006
f4e1eb4e-2f33-427f-8b50-653c7cfe705b,None,906628ca-19ff-4a2b-bc04-db34fdeec3f8,LAL4315,,0,,28294108-9323-11e9-bf23-0242ac120006
8144eb2a-ffe9-4e12-9671-dfee201d5ac5,None,908fcace-b19e-4829-b2a1-db91bb11bde6,KIR4004,,0,,28294108-9323-11e9-bf23-0242ac120006
009fc8b0-1fbc-4651-8434-273101f3cb77,None,90a5b5ca-e613-11e9-b125-0242ac130002,LAL2270,,0,,28294108-9323-11e9-bf23-0242ac120006
c88badf8-eec9-4096-914f-8fd89c49d77b,None,90aa98a2-539a-11ea-b4c2-0242ac130006,LAL0620,,0,,28294108-9323-11e9-bf23-0242ac120006
abf90a50-4749-43c6-b73b-8053fed86a45,None,90dafade-e8d7-11e9-b125-0242ac130002,LAL0430,,0,,28294108-9323-11e9-bf23-0242ac120006
7e7ea102-2c52-44d7-80d3-6a88c27b202b,None,91b124d2-3aa9-11ea-b44d-0242ac130006,LAL0550,,0,,28294108-9323-11e9-bf23-0242ac120006
bd14c112-00a1-4002-b888-7c285f2e698c,None,922539d2-e746-11e9-8bc4-0242ac130002,LAL0190,,0,,28294108-9323-11e9-bf23-0242ac120006
1f50ba7e-2f51-4465-84a1-d27b84b49e4a,None,92ec797a-e91c-11e9-b125-0242ac130002,LAL2610,,0,,28294108-9323-11e9-bf23-0242ac120006
4d0f99cc-53a2-4cd7-a3c7-eb7437dc8d00,None,930f4862-eb68-11e9-8bc4-0242ac130002,LAL4009,,0,,28294108-9323-11e9-bf23-0242ac120006
0f7f4a57-abe0-4fe6-a483-5c7044a59ad9,None,938935b2-b933-41bd-8fcb-d65d713daaf7,KAT2606,,0,,28294108-9323-11e9-bf23-0242ac120006
283725ac-219a-4c83-947c-854f86b50618,None,939ac030-e812-11e9-b125-0242ac130002,LAL0780,,0,,28294108-9323-11e9-bf23-0242ac120006
42170898-00b4-47b8-bde4-94cfc25de877,None,93b01588-d2f1-11e9-8411-0242ac140006,P-277,Pruscha,0,,28294108-9323-11e9-bf23-0242ac120006
ee6778d8-5693-43f5-b06e-4e71a49881fd,None,93b01588-d2f1-11e9-8411-0242ac140006,LAL2770,DANAM,0,,28294108-9323-11e9-bf23-0242ac120006
42b98194-cf59-4697-a6ba-bce497304abd,None,94153c04-e432-11e9-b125-0242ac130002,LAL0380,,0,,28294108-9323-11e9-bf23-0242ac120006
629220fd-b4d6-4a8f-8830-2854eaae3362,None,949507c0-48a2-41d0-a136-eced941d72c3,LAL1501,,0,,28294108-9323-11e9-bf23-0242ac120006
8ce917e8-0d8b-4f11-bcbd-2a0dd1c6cc57,None,94adf614-f3d8-11e9-a3c8-0242ac130002,LAL1214,,0,,28294108-9323-11e9-bf23-0242ac120006
b684110b-1be0-4283-be7d-d68c68ee3085,None,94df40ea-74d2-11ea-b4b6-0242ac130006,LAL4202,,0,,28294108-9323-11e9-bf23-0242ac120006
2b5745f5-29b4-49db-9984-c1ef21750fdc,None,95211cfa-694d-4f3b-8f94-fe9191041187,KAT0020,,0,,28294108-9323-11e9-bf23-0242ac120006
e0db59de-a5a4-439a-9b38-c034519f664f,None,95846732-e5e4-11e9-b125-0242ac130002,LAL2110,,0,,28294108-9323-11e9-bf23-0242ac120006
afc9a5a4-96cb-4f72-8c1a-99b1fc93c293,None,958fbc2c-e837-11e9-8bc4-0242ac130002,LAL4221,,0,,28294108-9323-11e9-bf23-0242ac120006
33d21b78-f57a-4e63-b2d2-b70119d45839,None,95b952e2-e8c5-11e9-8bc4-0242ac130002,LAL4140,,0,,28294108-9323-11e9-bf23-0242ac120006
bf32f7e5-f19a-4736-9827-82bfd8c0bc05,None,95de5b2e-4292-11ea-b44d-0242ac130006,BUN0009,,0,,28294108-9323-11e9-bf23-0242ac120006
c1d5a582-a48d-4078-990f-e1e8dcd9853b,None,96d763ae-020a-11ea-a389-0242ac130002,SUN4012,,0,,28294108-9323-11e9-bf23-0242ac120006
de29a594-2b24-4462-bc8a-f026ad4a1663,None,97945f3f-64f5-4560-b611-1bc997a00710,KAT2637,,0,,28294108-9323-11e9-bf23-0242ac120006
3bf5a73b-00e5-4a36-92ee-020b5b2c90e2,None,97c8d066-f0e6-11e9-a3c8-0242ac130002,LAL1810,,0,,28294108-9323-11e9-bf23-0242ac120006
8c96981e-0e52-42cc-a7ca-02643db113a3,None,97f7c7ff-da96-44f3-9841-9e708675d5b4,LAL2120,,0,,28294108-9323-11e9-bf23-0242ac120006
5b66904f-aa32-4355-a5f3-092be8ae8a2f,None,984b11da-5419-43a3-ad9c-7561a204970f,BAL0003,,0,,28294108-9323-11e9-bf23-0242ac120006
e000b2b7-3807-47b5-a719-89e74124c6cd,None,984b11da-5419-43a3-ad9c-7561a204970f,Pruscha ID: C/BI-2,,0,,28294108-9323-11e9-bf23-0242ac120006
49faeda9-56d9-4578-88e4-901e5fb5e0df,None,9884d7b8-e92d-11e9-8bc4-0242ac130002,LAL1490,,0,,28294108-9323-11e9-bf23-0242ac120006
2e6dde0f-2c53-4b57-bff4-2fc239105cb4,None,989f4dde-8eee-11ea-8e56-0242ac130005,Pruscha P-104,,0,,28294108-9323-11e9-bf23-0242ac120006
bfa62951-2faa-4c46-ac5c-1d62afb58c36,None,989f4dde-8eee-11ea-8e56-0242ac130005,LAL0104,,0,,28294108-9323-11e9-bf23-0242ac120006
f9bc0243-dc33-4ed5-8d42-727d36a9fd3d,None,98b92c2f-f4d6-439b-8f42-b34bab291ad4,LAL2910,,0,,28294108-9323-11e9-bf23-0242ac120006
16097509-7591-402c-9bf8-82523fd1fad1,None,98c7b75a-e729-11e9-8bc4-0242ac130002,LAL4144,,0,,28294108-9323-11e9-bf23-0242ac120006
3e0d9805-0482-4bbf-9edd-0c073600956c,None,990ceb20-1c32-11ea-b9b1-0242ac130002,BUN0023,,0,,28294108-9323-11e9-bf23-0242ac120006
312d23ae-660e-44c8-ba90-072689dbb173,None,99462054-e675-11e9-8bc4-0242ac130002,LAL2310,,0,,28294108-9323-11e9-bf23-0242ac120006
15bdfd60-460c-4ab3-925f-0f967dec949e,None,99847ffe-f320-11e9-8649-0242ac130002,LAL4154,,0,,28294108-9323-11e9-bf23-0242ac120006
f087824b-c77f-4df3-a46c-c60bb380faae,None,99a444d4-6d05-42b3-8d29-d17839072d01,LAL1802,,0,,28294108-9323-11e9-bf23-0242ac120006
0f8cf49c-754a-4f44-bc41-e6498bf23f3d,None,9c4ca4e2-c676-4da1-9a0c-f1abf393123e,DLK0015,,0,,28294108-9323-11e9-bf23-0242ac120006
726a87f0-3f64-477d-8f69-245bef1db0cd,None,9d4436ef-a0b8-44e1-9090-2ebc3e2a8bf0,KAT3262,,0,,28294108-9323-11e9-bf23-0242ac120006
3a2ddc9f-8d52-4920-aec6-a0e5513d861d,None,9d5039d0-e979-11e9-8bc4-0242ac130002,LAL2340,,0,,28294108-9323-11e9-bf23-0242ac120006
cb8d17f7-c5e0-4243-a494-d5e1c318d792,None,9d50c831-722c-47b1-841d-464f04149299,LAL1000,,0,,28294108-9323-11e9-bf23-0242ac120006
cda258c0-391c-4259-a4c7-964a1d5117cb,None,9d50c831-722c-47b1-841d-464f04149299,P-100,,0,,28294108-9323-11e9-bf23-0242ac120006
e434188d-32a5-4870-b72e-701bfcc6eb2c,None,9df40600-ef45-4e96-a503-e51e961d4182,BKT0170,,0,,28294108-9323-11e9-bf23-0242ac120006
ce2e725f-1636-4d48-826c-040ffed63357,None,9e929afa-0e37-4e57-9228-d7d244a486bc,Lal1910,,0,,28294108-9323-11e9-bf23-0242ac120006
9e9f931e-5050-436a-9301-66161f1616d3,None,9f08a9e4-f561-11e9-a3c8-0242ac130002,LAL1410,,0,,28294108-9323-11e9-bf23-0242ac120006
e6082d74-7556-4bb0-ac35-f434c175826c,None,9f7d86ba-e6c5-11e9-b125-0242ac130002,LAL4155,,0,,28294108-9323-11e9-bf23-0242ac120006
36d3accc-d461-43f3-a5e9-1339e7d94ddd,None,9fce2e86-16a8-11ea-b9b1-0242ac130002,BUN0026,,0,,28294108-9323-11e9-bf23-0242ac120006
09aabc2c-66cf-4aff-9f70-4e987ed9d996,None,9ff7fad8-e68b-11e9-8bc4-0242ac130002,LAL2070 ,,0,,28294108-9323-11e9-bf23-0242ac120006
f9251571-f132-4c9b-a4c8-467739567eda,None,a0067903-e67a-4795-97b3-1e943372ca47,KIR4072,,0,,28294108-9323-11e9-bf23-0242ac120006
38cd005e-b253-4ecf-bc11-11b9ee4bf821,None,a03c60ca-ebe9-11e9-b125-0242ac130002,DANAM    LAL0230,,0,,28294108-9323-11e9-bf23-0242ac120006
557e6e65-c51c-424a-af24-742e55d3e7fe,None,a0771bce-eb36-11e9-8bc4-0242ac130002,KAT2600,,0,,28294108-9323-11e9-bf23-0242ac120006
41449eb8-596e-4a05-8518-fce72dfba290,None,a07b81ab-63f4-42de-bc49-adcfcbf04639,KAT1051,,0,,28294108-9323-11e9-bf23-0242ac120006
58f3ea3b-0779-43ff-9c26-a5ca0e9da6c3,None,a0a959a5-3d62-4bf3-bca7-baf976e2cc2f,KIR0008,,0,,28294108-9323-11e9-bf23-0242ac120006
687882e6-a915-4dc0-a036-2c203411c3c4,None,a10c10ff-f2fb-459c-9768-9139e26a1951, KAT2580 ,,0,,28294108-9323-11e9-bf23-0242ac120006
a9ae8971-5f05-4060-b618-f20f93b46477,None,a12441fe-e7f9-11e9-b125-0242ac130002,LAL4145,,0,,28294108-9323-11e9-bf23-0242ac120006
7f6af829-eddb-4c33-b830-e94aba8f6ac2,None,a1557804-f13d-4f7e-ada1-29305e9296f9,P-264,,0,,28294108-9323-11e9-bf23-0242ac120006
617234c7-18e3-4c84-90e5-85398331076b,None,a1557804-f13d-4f7e-ada1-29305e9296f9,LAL2640,,0,,28294108-9323-11e9-bf23-0242ac120006
474bfd77-0b69-46c0-938b-0d40bafa0cd2,None,a16942b4-e65e-11e9-8bc4-0242ac130002,LAL1560,,0,,28294108-9323-11e9-bf23-0242ac120006
bb108ff1-88c8-466b-bd31-14c65a001c24,None,a1c1839d-cf8f-4018-b603-379f40d87ee8, KLK0160 ,,0,,28294108-9323-11e9-bf23-0242ac120006
6617835e-d596-46ed-87a7-0956b514349c,None,a1c7421f-fcb4-4730-939f-f15fc0875903,KAT3260,,0,,28294108-9323-11e9-bf23-0242ac120006
101abeca-6f73-4136-a2fe-b95f2d2dcb29,None,a2b60b1a-1760-11ea-b9b1-0242ac130002,LAL4164,,0,,28294108-9323-11e9-bf23-0242ac120006
088133bf-2ce2-490c-ae51-8356ea39a316,None,a3bae3af-9264-4671-9d80-011fa72505d9,KIR0062,,0,,28294108-9323-11e9-bf23-0242ac120006
ebc88d78-d7bd-4918-b37a-ba128a71055d,None,a423a365-f6bf-4745-9a4a-f8747e978f73,BTD0030,,0,,28294108-9323-11e9-bf23-0242ac120006
3c556bf8-4b9d-43be-95e9-cfb52c8a03aa,None,a45fa664-3093-49ce-994b-1ab74ee2ba95,LAL1140,,0,,28294108-9323-11e9-bf23-0242ac120006
57408541-cd81-480e-8e66-d3235ddd2189,None,a467140c-6285-423d-9cd7-a1265c959907,P-158,,0,,28294108-9323-11e9-bf23-0242ac120006
416259a0-e84c-47b7-b3bb-4cf5cbf5516e,None,a467140c-6285-423d-9cd7-a1265c959907,LAL1580,,0,,28294108-9323-11e9-bf23-0242ac120006
8e2335a2-df92-4505-a841-e4a02e0354e5,None,a4df4e50-f6f0-11e9-a3c8-0242ac130002,LAL4026,,0,,28294108-9323-11e9-bf23-0242ac120006
bcea6ccc-a0b1-4291-b543-b9b26c25ee66,None,a4f64b3a-176d-11ea-b9b1-0242ac130002,BUN0004,,0,,28294108-9323-11e9-bf23-0242ac120006
7d809cc3-669c-483d-b05d-a3e187fa3100,None,a51a820a-e916-11e9-b125-0242ac130002,LAL0920,,0,,28294108-9323-11e9-bf23-0242ac120006
53b090af-53f7-4f69-ac2c-b71bfdeec177,None,a5df6af2-eb05-11e9-b125-0242ac130002,LAL1780,,0,,28294108-9323-11e9-bf23-0242ac120006
e1b32c91-6d9f-4f48-a974-0597d545dca1,None,a6a95118-e723-11e9-8bc4-0242ac130002,LAL1690,,0,,28294108-9323-11e9-bf23-0242ac120006
045f6437-3879-48c3-a738-cc146dcd0808,None,a792be02-0ac6-42d1-876d-07285e738424,SRK0060,,0,,28294108-9323-11e9-bf23-0242ac120006
f2ee8a91-f8fb-43a2-b68d-00fda13bb82e,None,a79cdd22-e806-11e9-b125-0242ac130002,LAL1820,,0,,28294108-9323-11e9-bf23-0242ac120006
c6538cdc-4a9a-40c2-9a4e-dc106a71c58a,None,a7d6372d-28cc-4130-b01d-060b1a6800e1,KAT3210,,0,,28294108-9323-11e9-bf23-0242ac120006
b9bdcc9a-3997-4f21-bdce-a2bd5a39164b,None,a867501c-b232-4830-aa77-ee21f742ba92,LAL4103,,0,,28294108-9323-11e9-bf23-0242ac120006
7a1d578d-490c-4160-b96f-4ba4fc6846ce,None,a89893f8-eb06-11e9-8bc4-0242ac130002,LAL0150,,0,,28294108-9323-11e9-bf23-0242ac120006
3b5a502d-9733-48ea-9ea6-164fad4fdcd6,None,a8bb767e-f54d-11e9-8649-0242ac130002,LAL1340,,0,,28294108-9323-11e9-bf23-0242ac120006
bc7b5f70-7e7b-46d3-a47e-a48835d78849,None,a910d68c-e9bd-11e9-8bc4-0242ac130002,LAL1370,,0,,28294108-9323-11e9-bf23-0242ac120006
908abba3-b694-4128-bcba-2953a5ef0a48,None,a91155c6-e751-11e9-8bc4-0242ac130002,LAL4302,,0,,28294108-9323-11e9-bf23-0242ac120006
f4a2c226-c842-447f-9c85-720c48134260,None,a919257e-3389-11ea-b242-0242ac130002,LAL0470,,0,,28294108-9323-11e9-bf23-0242ac120006
51b0021d-aea0-4864-acc2-6bdaba9994d6,None,aa24912f-0974-453a-9009-d9b984934280,DDL0020,,0,,28294108-9323-11e9-bf23-0242ac120006
3125e913-2bc5-4d1a-8dd0-15f04eb581b9,None,aa4c7ab7-28db-4857-adc4-00c80287b220,CHO4010,,0,,28294108-9323-11e9-bf23-0242ac120006
d9cd9342-3f4d-4f97-872a-10b5fbd7f305,None,ab83bc5c-ec0d-11e9-b125-0242ac130002,LAL4303,,0,,28294108-9323-11e9-bf23-0242ac120006
b3411777-b3d9-4e6a-8715-8c2aa3418749,None,abf85117-e75e-4438-82da-aa6b6e15d0f3,CHO4040,,0,,28294108-9323-11e9-bf23-0242ac120006
9b3c48c1-8a4d-4c57-82ad-2648bfb6878f,None,abf85117-e75e-4438-82da-aa6b6e15d0f3,CHO4040,,0,,28294108-9323-11e9-bf23-0242ac120006
aee7f12d-70e6-403d-baf3-cfbf09a7f5b3,None,ac2862e2-1666-11ea-bc0e-0242ac130002,BUN0021,,0,,28294108-9323-11e9-bf23-0242ac120006
f1396967-08eb-49d7-b2d0-7c1ea4d73645,None,ac64e224-ea6c-11e9-b125-0242ac130002,LAL4304,,0,,28294108-9323-11e9-bf23-0242ac120006
a2ff4797-682b-4d82-9ba2-96b3b8062631,None,ad0003ea-3ad5-49e6-a40a-e6ed4fec1983,KLK0002,,0,,28294108-9323-11e9-bf23-0242ac120006
46ce3f3f-c3ee-4b5f-91d0-5e1d10ac2b02,None,ad88fd32-e752-475c-8eeb-b93267e0c168,KLK0110,,0,,28294108-9323-11e9-bf23-0242ac120006
bef1722a-2169-4e01-92a0-430eee6586dc,None,adc2f4ee-e99a-11e9-b125-0242ac130002,LAL4204,,0,,28294108-9323-11e9-bf23-0242ac120006
7055695b-8a8c-4a80-8939-e6220d7d0ab6,None,adfd2472-e808-11e9-8bc4-0242ac130002,LAL4032,,0,,28294108-9323-11e9-bf23-0242ac120006
0ed3f62e-a8a0-442e-a353-85e3c407ee3e,None,ae58c406-0473-4bad-86cc-722a48513358,LAL2530,,0,,28294108-9323-11e9-bf23-0242ac120006
08d303ad-10e7-4e2d-9606-f0b488e96140,None,aedf5947-88c8-45f9-8226-c260ec8e73ec,BKT0051,,0,,28294108-9323-11e9-bf23-0242ac120006
476a5f74-30b3-47f6-ae11-1904693190b0,None,aefd4c30-f410-11e9-a3c8-0242ac130002,LAL0310,,0,,28294108-9323-11e9-bf23-0242ac120006
cdc9ee7c-09ce-4654-98b1-8c76d9388ddc,None,afa386ca-8eea-11ea-bd59-0242ac130005,P-99,,0,,28294108-9323-11e9-bf23-0242ac120006
07f58b16-8105-4ace-b3ea-232acfea1818,None,afa386ca-8eea-11ea-bd59-0242ac130005,LAL0990,,0,,28294108-9323-11e9-bf23-0242ac120006
bbcdca41-84c3-4e7d-a2fd-6a7ac583c19a,None,afda32ed-6743-46ce-9ba6-bf127276619c,LAL4307,,0,,28294108-9323-11e9-bf23-0242ac120006
f9271d7d-55bd-4807-be15-78b3ac8cbb24,None,afda32ed-6743-46ce-9ba6-bf127276619c,LAL4307,,0,,28294108-9323-11e9-bf23-0242ac120006
43625f77-1424-4e71-be35-029e86a20a9f,None,b01f2744-ea8f-11e9-8bc4-0242ac130002,LAL4183,,0,,28294108-9323-11e9-bf23-0242ac120006
b92561bd-91ad-464f-a9d7-10d334f39ee7,None,b07cb7d9-5bd4-4436-bb64-6c83b8a3eda6,DLK0060,,0,,28294108-9323-11e9-bf23-0242ac120006
4f4db4c0-6d81-4b36-a505-9a3b5344e0eb,None,b088faf0-5abf-4b86-be5c-8386de2d9fda,LAL4066,,0,,28294108-9323-11e9-bf23-0242ac120006
cc4d4c01-47f2-4a8e-bbfc-975b7c3f7d5f,None,b0c83c96-e4ed-11e9-8bc4-0242ac130002,LAL0420,,0,,28294108-9323-11e9-bf23-0242ac120006
fc297c48-f426-4bb3-8d69-fe06180cf867,None,b0d6e090-8be2-4dac-91c6-9931976a73d8,KAT2190,,0,,28294108-9323-11e9-bf23-0242ac120006
4b6386c9-29c2-4b0a-8c29-67eb9addd199,None,b0d6e090-8be2-4dac-91c6-9931976a73d8,K-219,,0,,28294108-9323-11e9-bf23-0242ac120006
f959524f-87ae-49b0-8093-3bb9b6e32c35,None,b1226710-e61f-11e9-8bc4-0242ac130002,LAL2080,,0,,28294108-9323-11e9-bf23-0242ac120006
c7ecf806-c0b6-4e10-bf0f-b1c51c02e1a9,None,b158dddc-a46e-11ea-9766-0242ac130005,KAT3221,,0,,28294108-9323-11e9-bf23-0242ac120006
721dc0a2-72cb-4b85-bac3-71f8da8eaa09,None,b171c89c-f3de-11e9-8649-0242ac130002,LAL1310,,0,,28294108-9323-11e9-bf23-0242ac120006
c0128ad9-0776-4a2d-ab06-c7b8b9827bd1,None,b19203da-3b84-11ea-a19a-0242ac130006,LAL0490,,0,,28294108-9323-11e9-bf23-0242ac120006
a46d94be-6147-4176-8479-dde9c3eb98a4,None,b1a676be-eb4b-11e9-8bc4-0242ac130002,LAL0110,,0,,28294108-9323-11e9-bf23-0242ac120006
5e57fa7a-e176-468c-8350-f4cf2f8e4b90,None,b21b09ef-1998-4f1f-8e8b-ffe6b99f9116,LAL4013,,0,,28294108-9323-11e9-bf23-0242ac120006
01dae1fd-7625-46ef-b052-c34207655576,None,b23905f8-e7f2-11e9-8bc4-0242ac130002,LAL4160,,0,,28294108-9323-11e9-bf23-0242ac120006
db5f1a6a-c4fe-4147-9fb8-63aad52b3b3d,None,b2fd35c0-aa7b-40d1-98e3-9d268cbd6e90,LAL1950,,0,,28294108-9323-11e9-bf23-0242ac120006
3f972d3e-8789-4288-8684-ade54f4c5a72,None,b3247856-e619-11e9-b125-0242ac130002,LAL2740,,0,,28294108-9323-11e9-bf23-0242ac120006
9d6ca053-92bc-4a08-8b51-df0cc8896d13,None,b345df3c-e71d-11e9-b125-0242ac130002,LAL4108,,0,,28294108-9323-11e9-bf23-0242ac120006
dfea820a-2623-4ace-80af-0241db0417ec,None,b53e45b8-ebf5-11e9-b125-0242ac130002,LAL0760,,0,,28294108-9323-11e9-bf23-0242ac120006
ff8bafec-999a-4848-86bb-aba87ca03060,None,b573cb9c-9644-4567-841d-83fc0c61403b,BTD0040,,0,,28294108-9323-11e9-bf23-0242ac120006
aa0d21e4-4306-48a4-81bd-246f8634a850,None,b5f8d23a-166a-11ea-a10c-0242ac130002,SUN4230,,0,,28294108-9323-11e9-bf23-0242ac120006
bbc0fc50-6dcf-46ac-aa67-1ebf8cd6b295,None,b66fa304-e68d-11e9-b125-0242ac130002,LAL0250,,0,,28294108-9323-11e9-bf23-0242ac120006
4a418f76-de0d-4a7e-b36b-4e1304066d9c,None,b690f84e-94ec-4f89-b376-e7e3fbd55ddd,LAL4236,,0,,28294108-9323-11e9-bf23-0242ac120006
161c474c-83e4-4a53-9fc0-800b03ee98a9,None,b6c2586a-e77d-11e9-8bc4-0242ac130002,LAL1710,,0,,28294108-9323-11e9-bf23-0242ac120006
2aa79091-9e93-43d4-8ded-1d5758d676e2,None,b6c6ae2c-b5f6-11ea-9e0d-0242ac130005,LAL4189,,0,,28294108-9323-11e9-bf23-0242ac120006
e572695a-6c9e-43ff-9b1d-c86fb2985bb8,None,b717f92c-5e11-11ea-8083-0242ac130006,LAL0800,,0,,28294108-9323-11e9-bf23-0242ac120006
f7eea148-e1e8-4bcd-9ae8-6ce1feff08ed,None,b7910d9c-e915-11e9-b125-0242ac130002,LAL4152,,0,,28294108-9323-11e9-bf23-0242ac120006
df75cd2b-2f63-4c8e-882f-7c5cf063a6e4,None,b7a28a89-94d9-4b40-9e51-e5afdfc4e759,SRK0071,,0,,28294108-9323-11e9-bf23-0242ac120006
9fcd1109-01af-4e90-af69-b0b4f2cda485,None,b7adbd29-8528-4609-9ec5-fb8db9579d4d,KAT0941,,0,,28294108-9323-11e9-bf23-0242ac120006
d4beff60-1690-4a1b-9813-7854e0c853ca,None,b838d133-9b23-4208-a191-91b883182755,MUG0040,,0,,28294108-9323-11e9-bf23-0242ac120006
fff93280-d735-4476-9d63-fab936b72893,None,b83ff19b-0e10-4281-8bbc-92cff905383f,KIR0055,,0,,28294108-9323-11e9-bf23-0242ac120006
9aa86e6f-e786-4f91-8054-feb3ed1eba8b,None,b8985e38-e68c-11e9-8bc4-0242ac130002,LAL1341,,0,,28294108-9323-11e9-bf23-0242ac120006
33da93bc-dc15-4380-8c7e-5c1768dc12ca,None,b8b26a0c-02a8-11ea-a389-0242ac130002,LAL4130,,0,,28294108-9323-11e9-bf23-0242ac120006
24a03c3f-e42b-44f3-bf04-ea9d55a6f0a2,None,b90d17aa-ebff-11e9-8bc4-0242ac130002,LAL1400,,0,,28294108-9323-11e9-bf23-0242ac120006
c202fd13-1f08-4bfb-92cf-3476883be0a1,None,b92b7a0f-0268-43e8-bbe2-d83d39d6e54b,KAT0160,,0,,28294108-9323-11e9-bf23-0242ac120006
c4eb8780-b492-421b-ad92-6e866cd51205,None,b9ae5311-886f-4c4e-a207-1d16593c3d1b,LAL2431,,0,,28294108-9323-11e9-bf23-0242ac120006
c90ec684-d56f-4291-a011-e10d0f5e8087,None,b9c7d774-e82c-11e9-b125-0242ac130002,LAL2350,,0,,28294108-9323-11e9-bf23-0242ac120006
e7eb754d-ba5f-433e-8c96-8bf1492349ec,None,b9e834fe-e680-11e9-b125-0242ac130002,LAL2250,,0,,28294108-9323-11e9-bf23-0242ac120006
eecff438-64ee-4552-aaf3-0a6b84d6ebd6,None,b9e8a7f4-65d8-11ea-b4c2-0242ac130006,LAL0720,,0,,28294108-9323-11e9-bf23-0242ac120006
6badbed6-6648-4de9-8ca6-192449c6b98f,None,b9ea1eba-e8c2-11e9-b125-0242ac130002,LAL0120,,0,,28294108-9323-11e9-bf23-0242ac120006
159f6a72-5090-4f55-af7b-7dc1baadfe74,None,ba289280-9a88-11ea-82af-0242ac130005,LAL4041,,0,,28294108-9323-11e9-bf23-0242ac120006
1957f538-d898-4e20-b360-130bf59b5b71,None,ba391e8f-b8ce-4cdb-9e24-8c254e2b24c6,DLK0070,,0,,28294108-9323-11e9-bf23-0242ac120006
b36adb88-8168-4506-a8b7-2640cf4a1e95,None,baf9c7ea-0782-11ea-b2c1-0242ac130002,SUN4060,,0,,28294108-9323-11e9-bf23-0242ac120006
e5afe03e-ba7a-4d47-adcc-543f2a68a22c,None,bb58b263-f53c-45f6-9e1c-d9a3e5a68856,CHO4020,,0,,28294108-9323-11e9-bf23-0242ac120006
26b20547-5731-4d6a-9847-c5655a021215,None,bb6b3f3e-e832-11e9-8bc4-0242ac130002,LAL0090,,0,,28294108-9323-11e9-bf23-0242ac120006
c4ccbf1c-67f2-4447-8242-82d90f51522c,None,bb7c0f44-35d0-11ea-a67f-0242ac130002,LAL0108,,0,,28294108-9323-11e9-bf23-0242ac120006
d94567c3-c695-4acb-8bd2-859475bb7ca7,None,bbb0b3d2-e681-11e9-8bc4-0242ac130002,LAL1670,,0,,28294108-9323-11e9-bf23-0242ac120006
54c599d3-555d-4997-8351-8c6436a35fc7,None,bbe0fc5e-d632-11e9-a1bd-0242ac140006,LAL1330,,0,,28294108-9323-11e9-bf23-0242ac120006
c9b25e04-3fdc-414c-9c11-dac93b8ae650,None,bbf0265a-2f5e-46cf-a7b1-321c77b3d84b,LAL4087,,0,,28294108-9323-11e9-bf23-0242ac120006
f1ac2706-e828-4115-a597-30a71cf143c0,None,bc3c1b44-e60d-11e9-8bc4-0242ac130002,LAL4007,,0,,28294108-9323-11e9-bf23-0242ac120006
f1c4450c-8a29-4afa-bfdd-5ef6b1c38552,None,bc7fbe06-eec3-4f9d-8bf0-e72186e51e0b,KAT1040,,0,,28294108-9323-11e9-bf23-0242ac120006
a146c95e-79be-4562-b02e-84d23d09e400,None,bd721439-4d10-41da-b917-532f375c7d40,LAL2810 ,,0,,28294108-9323-11e9-bf23-0242ac120006
b1dd7e85-0eed-40a0-8853-b17a649dff51,None,bd721439-4d10-41da-b917-532f375c7d40,P-281,,0,,28294108-9323-11e9-bf23-0242ac120006
7c4a0aa8-3f65-4d87-85dd-765cc8b130fa,None,bd790583-27ca-4af9-8c0f-19a8ef459c91,MUG0060,,0,,28294108-9323-11e9-bf23-0242ac120006
c92cbfb2-dc7b-4124-b325-546086516c8d,None,bdca6826-e8d3-11e9-b125-0242ac130002,LAL1120,,0,,28294108-9323-11e9-bf23-0242ac120006
44117a3c-e0ff-4581-b2df-fb4accf7afec,None,bdd6cf60-bf76-4b4c-b840-05df41a35429,MUG0160,,0,,28294108-9323-11e9-bf23-0242ac120006
e307d5ff-d327-43ae-8776-ffd6a991fab6,None,bde08b8a-e5ed-11e9-b125-0242ac130002,LAL4156,,0,,28294108-9323-11e9-bf23-0242ac120006
597ba21c-54bb-4153-b19b-04a3eac9d41d,None,be9d31f0-2cb2-40d0-8af9-3df0fcbb0040,SOL0010,,0,,28294108-9323-11e9-bf23-0242ac120006
e584cda2-7b37-412c-bb17-3db6a9cfda9e,None,bee5d202-74c6-11ea-a71c-0242ac130006,LAL4200,,0,,28294108-9323-11e9-bf23-0242ac120006
8725c1e6-918f-42a3-807d-d692990f7763,None,c0655dd4-e671-11e9-8bc4-0242ac130002,LAL4158,,0,,28294108-9323-11e9-bf23-0242ac120006
082f6466-bb1b-4a97-a7f5-45490f99f035,None,c07ed9a8-8a2b-4453-9478-803722743140,LAL0145,,0,,28294108-9323-11e9-bf23-0242ac120006
130bc580-c46a-4ae6-8eff-e0185e48d26c,None,c07ed9a8-8a2b-4453-9478-803722743140,Pruscha P-145,,0,,28294108-9323-11e9-bf23-0242ac120006
36514270-d2ca-4d3b-bf74-3c1ad464daaf,None,c0e068c4-3861-4dda-b854-bf9090b1943b,LAL4190,,0,,28294108-9323-11e9-bf23-0242ac120006
3c2b8947-8574-41fa-a887-cfdec62da4fd,None,c14d067e-43e0-40e2-9285-b46e67f7512e,P-102,,0,,28294108-9323-11e9-bf23-0242ac120006
cf55cc45-c303-46fb-8c08-74f01d587bf2,None,c14d067e-43e0-40e2-9285-b46e67f7512e,LAL1020,,0,,28294108-9323-11e9-bf23-0242ac120006
30a2eb19-030d-4a7b-8d9f-bb74ff58abc6,None,c1999448-f401-11e9-8649-0242ac130002,LAL2370,,0,,28294108-9323-11e9-bf23-0242ac120006
5396e119-c183-4d72-b9c1-23d23a01b1ca,None,c1c37f40-b4fa-4cc7-89ab-ab47dd29262e,LAL4010,,0,,28294108-9323-11e9-bf23-0242ac120006
1eada531-a2a8-483e-ae3d-f82d7677b180,None,c232bdac-f1a0-11e9-8649-0242ac130002,LAL0400,,0,,28294108-9323-11e9-bf23-0242ac120006
1c12aa92-cca5-4310-bc04-f847ea5374bd,None,c264266c-a68e-4301-a3d2-4dec489ccb0f,P-260,,0,,28294108-9323-11e9-bf23-0242ac120006
9b26f6ad-6313-4761-937a-d2eb0195bbba,None,c264266c-a68e-4301-a3d2-4dec489ccb0f,LAL2600,,0,,28294108-9323-11e9-bf23-0242ac120006
ac02e36c-74aa-4323-a06a-3bb3fa34a5e0,None,c424b153-f094-485f-9869-38b571398549,KAT1210,,0,,28294108-9323-11e9-bf23-0242ac120006
184d09c9-7843-471c-81de-074ffef614df,None,c473d060-68b2-4ac2-9625-d83b71151062,LAL0996,,0,,28294108-9323-11e9-bf23-0242ac120006
a44075ae-967c-4868-afcb-8ad80eaa81c9,None,c50fc4bd-3c46-48be-87b7-d9a01da0a631,LAL4243,,0,,28294108-9323-11e9-bf23-0242ac120006
be1014fb-89ad-4ba1-ab87-00e529dbc1ee,None,c5248a52-966b-43c2-bc90-4d30d6ba824a,DLK0210,,0,,28294108-9323-11e9-bf23-0242ac120006
14f31ba7-97f7-40a9-ad7a-f1ba8eb338fd,None,c566021c-f3ef-11e9-8649-0242ac130002,LAL0270,,0,,28294108-9323-11e9-bf23-0242ac120006
ca14e5b8-a813-4244-9d96-228cf436fca3,None,c5b0b399-6128-4f61-8c17-3299d977626a,KIR0064,,0,,28294108-9323-11e9-bf23-0242ac120006
c0dcd939-1e81-4925-9a39-153a37007d72,None,c65d730c-e80b-11e9-b125-0242ac130002,LAL1480,,0,,28294108-9323-11e9-bf23-0242ac120006
8164b9b4-845d-4fe5-814e-4fdb9131a21d,None,c6c9638b-35f0-4420-be0b-f53c95df6449,SOL0110,,0,,28294108-9323-11e9-bf23-0242ac120006
427971ea-4474-432a-b28d-59bf33b3053d,None,c71c03f4-1149-454a-8e88-3e1a9e8d9ec5,KAT0950,,0,,28294108-9323-11e9-bf23-0242ac120006
74363150-56d1-4681-b36c-14b9eae5aa00,None,c72a8936-6822-11ea-8083-0242ac130006,LAL4163,,0,,28294108-9323-11e9-bf23-0242ac120006
90d9915a-d07e-41fd-bf3f-b4d3882711d7,None,c79cc000-e8f2-11e9-8bc4-0242ac130002,LAL1350,,0,,28294108-9323-11e9-bf23-0242ac120006
83122f1a-2c48-4873-8e1c-44e5fdf9575a,None,c7d1edc3-a3ae-4dea-a8f7-a1642645fd06,KAT0930,,0,,28294108-9323-11e9-bf23-0242ac120006
50a6b8f9-8d8e-444e-af2c-309de56f067e,None,c7d9c086-2284-4081-82de-322f2c723d31,KAT2630,,0,,28294108-9323-11e9-bf23-0242ac120006
67ff86cb-fa4a-4cb6-9f27-aaa82c16f407,None,c82a4429-3f99-488c-9126-08e90a83a573,KLK0210,,0,,28294108-9323-11e9-bf23-0242ac120006
cbb523c0-abc4-40cb-86da-e8fb69183101,None,c8834722-30f6-11ea-a67f-0242ac130002,LAL4246,,0,,28294108-9323-11e9-bf23-0242ac120006
4e32b81e-488a-4213-9819-31d65c2d2fea,None,c8a590ea-78b0-437c-b392-20614ceb58e5,KLK0080,,0,,28294108-9323-11e9-bf23-0242ac120006
548dd705-c8e4-4f36-ad7c-b401eaecd767,None,c8b1d0f0-4fa7-47f0-b318-f57249bab295,KIR0060,,0,,28294108-9323-11e9-bf23-0242ac120006
b8fe65f0-8ee6-43a2-b542-1dadfa085899,None,c9073acf-a4d3-42a6-b3e0-64bba8d596e3,P-263,,0,,28294108-9323-11e9-bf23-0242ac120006
084786a3-9fb8-44d4-a884-759ce971431f,None,c9073acf-a4d3-42a6-b3e0-64bba8d596e3,LAL2630,,0,,28294108-9323-11e9-bf23-0242ac120006
afb8f952-9255-4645-a031-74feb0c9aa9e,None,c955a75b-f223-473f-a256-82f8a1d068f5,LAL4311,,0,,28294108-9323-11e9-bf23-0242ac120006
eb7b382e-ac84-4531-b598-fc80a25c8902,None,c977c8df-04ac-46d1-a6da-b0b268b33baa,SIJ0170,,0,,28294108-9323-11e9-bf23-0242ac120006
ae18f07e-9117-4c87-9c2e-24cd08ed6779,None,c97c089e-8eed-11ea-8e56-0242ac130005,LAL0103,,0,,28294108-9323-11e9-bf23-0242ac120006
0a16bde2-b1bc-4bd2-b082-ce3dc29dddb4,None,c97c089e-8eed-11ea-8e56-0242ac130005,Pruscha P-103,,0,,28294108-9323-11e9-bf23-0242ac120006
df80dfd6-2af5-4d76-a37f-b7f2e6d5649a,None,c98dc194-e676-11e9-8bc4-0242ac130002,LAL1362,,0,,28294108-9323-11e9-bf23-0242ac120006
f2a0225a-090f-4103-aaec-e7ea284a1653,None,c9bc2916-eb40-11e9-8bc4-0242ac130002,LAL1390,,0,,28294108-9323-11e9-bf23-0242ac120006
c193b6dd-9bfa-4018-913e-87beae2943ac,None,c9fb4246-b740-47fb-b2a3-c5776039167f,LAL0410,,0,,28294108-9323-11e9-bf23-0242ac120006
644a9472-abdc-46c7-97fe-fdcadb2f7cb4,None,c9fb4246-b740-47fb-b2a3-c5776039167f,P-41,,0,,28294108-9323-11e9-bf23-0242ac120006
b3ce98ed-5370-48ef-a71a-dd6873c93dc0,None,ca03a00c-e96a-4eef-bd2e-13f7942459a5,DLK0012,,0,,28294108-9323-11e9-bf23-0242ac120006
238dae7f-32e6-4cf7-bbc0-4057247b290d,None,ca193ec5-9ef4-48dd-b4ba-3158b6996350,KIR4022,,0,,28294108-9323-11e9-bf23-0242ac120006
781452d5-f327-48cc-b10a-b8477c61ea74,None,ca2cb4c6-e6b6-11e9-b125-0242ac130002,LAL1660,,0,,28294108-9323-11e9-bf23-0242ac120006
a1d45dfb-cf1d-4d17-9eba-3d4ea1da7f5a,None,ca467b46-96fa-49e4-a093-6da5a304fcc8,DLK0080,,0,,28294108-9323-11e9-bf23-0242ac120006
8a813545-d120-4101-bea4-6f51ecec3187,None,ca61f6c0-e681-11e9-8bc4-0242ac130002,LAL1930,,0,,28294108-9323-11e9-bf23-0242ac120006
e116792a-a4b8-4e85-a473-63b24808e22e,None,ca7dd19e-f7af-11e9-8649-0242ac130002,KAT2731,,0,,28294108-9323-11e9-bf23-0242ac120006
0b5061ab-b3e6-4838-bf5f-eecf1ec9c251,None,cb03ff18-e75a-11e9-8bc4-0242ac130002,LAL0930,,0,,28294108-9323-11e9-bf23-0242ac120006
5360e4a5-ebd5-419e-8ea6-bdf82abfdeae,None,cb1604cc-eb5d-11e9-b125-0242ac130002,LAL0050,,0,,28294108-9323-11e9-bf23-0242ac120006
e980e58d-6154-4c45-a1a2-3921d9c9ec2d,None,cb193cf8-529c-4656-9468-05af05cdcdc5,KIR0073,,0,,28294108-9323-11e9-bf23-0242ac120006
7f747c51-9b0f-478d-b86e-37e617076261,None,cb4026bb-ffb1-473c-be38-7256bd1f8700,KIR0056,,0,,28294108-9323-11e9-bf23-0242ac120006
151ea553-de1b-496b-96d2-7eb3da5a6748,None,cbae4fa5-4717-4c6c-9b34-eb8d696a09ba,LAL1790,,0,,28294108-9323-11e9-bf23-0242ac120006
6720ddec-1f18-4322-a89a-5128d2b1635a,None,cbbbc576-3b42-11ea-b44d-0242ac130006,LAL4245,,0,,28294108-9323-11e9-bf23-0242ac120006
ac7f9afb-bb9a-46e1-b81d-895e3ae64842,None,cc076a1e-4e0a-11ea-8083-0242ac130006,BUN4002,,0,,28294108-9323-11e9-bf23-0242ac120006
5f9ce244-193a-4ea0-be88-a59f42f5d908,None,ccb98862-3d06-11ea-a19a-0242ac130006,LAL0530,,0,,28294108-9323-11e9-bf23-0242ac120006
f99bf4ce-d51e-4c0c-a0d5-aa72283dfc73,None,ccd765bc-e900-11e9-b125-0242ac130002,LAL4136,,0,,28294108-9323-11e9-bf23-0242ac120006
0c539ec9-ef13-4095-abe9-90684d57698a,None,ccfc9e0a-70ea-11ea-966a-0242ac130006,Pruscha P-61,,0,,28294108-9323-11e9-bf23-0242ac120006
c280d53e-2072-46d1-8840-7d001c63837f,None,ccfc9e0a-70ea-11ea-966a-0242ac130006,LAL0610,,0,,28294108-9323-11e9-bf23-0242ac120006
1c9305c2-4865-448f-b4a2-2bb2a8a36a3e,None,cd358e72-4b24-4377-9061-27b9e408dbb5,BKT0290,,0,,28294108-9323-11e9-bf23-0242ac120006
c47add19-f718-4a90-942e-87792725e2c1,None,cdc824f7-fbb4-4aa3-b164-441876d29ed8,LAL2180,,0,,28294108-9323-11e9-bf23-0242ac120006
a8262d27-6967-4889-bc11-f5301c08b461,None,cdc824f7-fbb4-4aa3-b164-441876d29ed8,P-218,,0,,28294108-9323-11e9-bf23-0242ac120006
0e15faa8-63a8-4dae-825d-e5b08c4ef195,None,cdeafb74-f3cf-11e9-a3c8-0242ac130002,LAL0160,,0,,28294108-9323-11e9-bf23-0242ac120006
9c10f66f-3256-411f-a260-3264effe70e3,None,ce814212-e698-11e9-8bc4-0242ac130002,LAL1920,,0,,28294108-9323-11e9-bf23-0242ac120006
bc78426d-86da-4d33-a99c-fe0ada727c72,None,ce9b3552-e916-11e9-b125-0242ac130002,KAT2670,,0,,28294108-9323-11e9-bf23-0242ac120006
17ec9c38-dc34-4e33-b557-e1d26d87cc01,None,ced28492-e666-11e9-b125-0242ac130002,LAL0080,,0,,28294108-9323-11e9-bf23-0242ac120006
9919d152-7376-44ce-a2ce-35f5e7bfdf88,None,cf2cf2a2-fbb9-11e9-a3c8-0242ac130002,LAL4159,,0,,28294108-9323-11e9-bf23-0242ac120006
5bedc247-e81d-4bfc-b533-f3fae2d6bf3f,None,cf39fef8-b9bb-4b7d-a27d-48b4b3750d7a,KAT1220,,0,,28294108-9323-11e9-bf23-0242ac120006
a2b46fb6-5d2a-423b-a317-d9eeb7224154,None,cfc0099e-f15d-4c3e-8d8f-e048222f7956,KIR0020,,0,,28294108-9323-11e9-bf23-0242ac120006
7d254f45-d7ad-4b60-9ff1-00ceb8fc502d,None,cfcdabd6-e80c-11e9-b125-0242ac130002,LAL0680,,0,,28294108-9323-11e9-bf23-0242ac120006
0fedf6a4-b577-4416-9ad3-791ded4edfd1,None,d024e070-e7f5-11e9-b125-0242ac130002,LAL0390,,0,,28294108-9323-11e9-bf23-0242ac120006
fb674038-f33a-4fe0-8895-8a77f26e74ae,None,d05bfad4-e696-11e9-b125-0242ac130002,LAL0370,,0,,28294108-9323-11e9-bf23-0242ac120006
6f0d81e1-0ee2-479a-a30d-a3c78e715d00,None,d134c8da-df36-486b-9582-93e5f2cf9146,KIR0065,,0,,28294108-9323-11e9-bf23-0242ac120006
13a31284-1c98-4d1f-818a-875328a9894f,None,d13be190-1750-11ea-ac74-0242ac130002,LAL4173,,0,,28294108-9323-11e9-bf23-0242ac120006
c3b1458a-d399-4aea-997a-4e21f68694ca,None,d188f409-0b23-4616-93a8-6ba1fa524630,LAL2760,,0,,28294108-9323-11e9-bf23-0242ac120006
de575f76-21e3-4c7a-8f87-7cb3583c2c28,None,d1bc6464-69b2-11ea-b4c2-0242ac130006,Pruscha P-81,,0,,28294108-9323-11e9-bf23-0242ac120006
6dd4c43a-c852-4f09-bdec-497889632a2f,None,d1bc6464-69b2-11ea-b4c2-0242ac130006,LAL0810,,0,,28294108-9323-11e9-bf23-0242ac120006
ddbbe9e7-79ca-4b89-ae31-44a82a98f5f6,None,d2578f40-cfce-4450-a8c1-3092c08ef487,LAL1740,,0,,28294108-9323-11e9-bf23-0242ac120006
c17fbd82-b41c-4f7c-a742-b5b62020c745,None,d292d972-7a85-4e3e-8af6-75db779adaab,KIR4027,,0,,28294108-9323-11e9-bf23-0242ac120006
a2ca85a4-bd81-40ce-86eb-b85e9f7fa7ca,None,d2d6cf8f-9c71-417f-b82c-89f487f13a74,DDL0050,,0,,28294108-9323-11e9-bf23-0242ac120006
2d2e79c2-b76f-4e2d-a517-ddf19480861b,None,d3c6eaf6-e76f-11e9-8bc4-0242ac130002,LAL4147,,0,,28294108-9323-11e9-bf23-0242ac120006
590ac60a-0cfb-46da-913f-4433ca478ee7,None,d3ebfce1-622b-4c10-b7a4-e827e24358be,KAT0970,,0,,28294108-9323-11e9-bf23-0242ac120006
35c856b4-59c9-4590-9e37-6fb979f96ab1,None,d46efa17-704b-4706-be58-fe535e26bbfc,KAT3190,,0,,28294108-9323-11e9-bf23-0242ac120006
ca2879ce-a8d1-48d9-8a6c-3cdf2dbd8089,None,d5354d0a-fb98-11e9-a3c8-0242ac130002,LAL1200,,0,,28294108-9323-11e9-bf23-0242ac120006
a443f98e-7327-4dee-8389-c9911f6af98b,None,d5d76955-24df-4827-9df5-d9f9679da6b5,DDL0140,,0,,28294108-9323-11e9-bf23-0242ac120006
5fe0e335-fcc3-4905-af5c-e26cde449b10,None,d62e32fe-b78c-43af-817c-edb16e6d7ae8,KIR0007,,0,,28294108-9323-11e9-bf23-0242ac120006
f5a95a45-89c8-472c-8545-7438cfc1c774,None,d642cefe-408c-4943-9405-b0aebe0d82a1,KIR4001,,0,,28294108-9323-11e9-bf23-0242ac120006
342c9744-852c-4ba8-985f-44c8d4211ea6,None,d691fdfc-ba4f-4035-b3cf-82e6a6b14169,BKT0120,,0,,28294108-9323-11e9-bf23-0242ac120006
f99b4834-f42f-4f67-b629-13538c1872e8,None,d7817b79-6689-481a-acdf-8956b936acf5,KAT0210,,0,,28294108-9323-11e9-bf23-0242ac120006
ae5017ab-1381-4318-8f65-9532ef5a9e7f,None,d7c4e686-d20c-4141-9a25-dfc5d3ccab45,LAL1900,,0,,28294108-9323-11e9-bf23-0242ac120006
3c01be06-53ac-464a-85d3-c2317ad8ec5a,None,d7d38dd2-f338-11e9-8649-0242ac130002,LAL0890,,0,,28294108-9323-11e9-bf23-0242ac120006
e480a0a7-7fe5-4967-aab3-dd838222c20b,None,d966be8e-e82b-11e9-8bc4-0242ac130002,LAL4186,,0,,28294108-9323-11e9-bf23-0242ac120006
4280360b-0c62-4f32-99a3-b996afab842e,None,da572af6-f404-11e9-a3c8-0242ac130002,LAL0290,,0,,28294108-9323-11e9-bf23-0242ac120006
d888a9d2-f941-40a7-ba26-025a13eb3a1c,None,dacad8ea-e7e1-11e9-b125-0242ac130002,LAL1213,,0,,28294108-9323-11e9-bf23-0242ac120006
6cac2057-a85d-4fde-b430-41dec587e63c,None,dad90976-01e3-11ea-8f3c-0242ac130002,SUN0103,,0,,28294108-9323-11e9-bf23-0242ac120006
f4c87ade-5498-458b-804a-3311636b4366,None,db4d5da7-cd79-4f96-b624-d28bdef73274,KAT1030,,0,,28294108-9323-11e9-bf23-0242ac120006
1c53b718-8320-4a4b-a233-c99de8b063de,None,db4d5da7-cd79-4f96-b624-d28bdef73274,P-K (103),,0,,28294108-9323-11e9-bf23-0242ac120006
fdec558b-b86c-4bbe-9692-652e77791742,None,dbacea6d-e4a2-4ac1-93ff-0a0c3323fa97,BTD0060,,0,,28294108-9323-11e9-bf23-0242ac120006
2b1f7a00-a237-4eb8-960a-5057dbb7a5c0,None,dbee183c-e72c-11e9-b125-0242ac130002,LAL1750,,0,,28294108-9323-11e9-bf23-0242ac120006
22734d2d-a198-4caf-9d7b-8f8b4a1cd42e,None,dc5306f4-f571-11e9-8649-0242ac130002,LAL4075,,0,,28294108-9323-11e9-bf23-0242ac120006
d7d00b98-21a2-48d7-aabd-c87d92a97679,None,dc691a70-2258-11ea-b9b1-0242ac130002,SUN4226,,0,,28294108-9323-11e9-bf23-0242ac120006
2a81434f-b622-430b-9962-4b32861ac8c5,None,dcf4fb94-4f23-4804-967a-f9c7b13910bc,LAL4179,,0,,28294108-9323-11e9-bf23-0242ac120006
92b168b4-6f9c-4035-a353-2617071c12e4,None,dcfad1e4-d632-11e9-a1bd-0242ac140006,LAL1333,,0,,28294108-9323-11e9-bf23-0242ac120006
9085632d-5e8e-4776-a1a7-b56cd6193042,None,dcfc4ed2-e74b-11e9-8bc4-0242ac130002,LAL1600,,0,,28294108-9323-11e9-bf23-0242ac120006
272427f2-b1f0-4be3-94b9-4e9c21c648f6,None,dd8ad654-e91a-11e9-b125-0242ac130002,LAL0130,,0,,28294108-9323-11e9-bf23-0242ac120006
894d164b-f07b-4ad0-b4b9-6e7d70be058d,None,de276e42-6b9c-11ea-b4c2-0242ac130006,"Pruscha P-33, p.138",,0,,28294108-9323-11e9-bf23-0242ac120006
01c8aab2-381f-440b-ae22-67a6383e20a9,None,de276e42-6b9c-11ea-b4c2-0242ac130006,LAL0330,,0,,28294108-9323-11e9-bf23-0242ac120006
00888e6c-e395-49b7-9b4b-8f04b81e34a7,None,df0f0bae-e699-11e9-8bc4-0242ac130002,LAL4121,,0,,28294108-9323-11e9-bf23-0242ac120006
c0c592dc-2903-4a70-904e-9cbdae2e0150,None,dfb6f035-9e37-4acc-a608-0d3b85d66491,DLK0030,,0,,28294108-9323-11e9-bf23-0242ac120006
6bd7dcf9-de53-48dc-af13-320f2e7d341c,None,e0659b0d-4f7f-4f56-a3ff-09b266dc3518,KIR4089,,0,,28294108-9323-11e9-bf23-0242ac120006
2d5d31a1-6d8f-41c5-bf6d-72639c13a38d,None,e0a00834-5fbf-11ea-b4c2-0242ac130006,BUN0014,,0,,28294108-9323-11e9-bf23-0242ac120006
240c68f3-4c78-43cf-aee7-7a4248e532e1,None,e20b2c0e-e741-11e9-8bc4-0242ac130002,4131,,0,,28294108-9323-11e9-bf23-0242ac120006
1c8e53d4-5336-4ecd-8d3a-3cd16b83805b,None,e2371888-e6b9-11e9-b125-0242ac130002,LAL2660,,0,,28294108-9323-11e9-bf23-0242ac120006
1fd4f573-3f8e-46d4-a0ca-27548663e1d0,None,e273afc4-5fc1-11ea-b4c2-0242ac130006,LAL0700,,0,,28294108-9323-11e9-bf23-0242ac120006
430a3f28-90f8-4f9b-9555-b983f5c1df13,None,e275f09c-d920-492e-a565-dacb55ddc4ae,LAL1890,,0,,28294108-9323-11e9-bf23-0242ac120006
7e23919c-d153-4baf-9967-215f707f8992,None,e2e7bd8e-e81a-11e9-b125-0242ac130002,LAL1640,,0,,28294108-9323-11e9-bf23-0242ac120006
dc197b63-e806-45b3-8541-c34183eaa7b0,None,e3074532-e806-11e9-8bc4-0242ac130002,LAL0880,,0,,28294108-9323-11e9-bf23-0242ac120006
3e594cb8-bd3c-42aa-a769-ee309b03374e,None,e333b4f4-6caf-11ea-b4c2-0242ac130006,LAL0840,,0,,28294108-9323-11e9-bf23-0242ac120006
05f3f2e8-76f3-4463-aa99-c73a2ad254aa,None,e333b4f4-6caf-11ea-b4c2-0242ac130006,Pruscha P-84,,0,,28294108-9323-11e9-bf23-0242ac120006
b0cca953-4236-4983-b1f9-d5e2c1ee8852,None,e36d8152-e695-11e9-b125-0242ac130002,LAL2380,,0,,28294108-9323-11e9-bf23-0242ac120006
0a01fea0-60a5-4e11-893c-556888aa311b,None,e4596c18-3c68-424b-ad72-eecd068f1ee9,LAL4034,,0,,28294108-9323-11e9-bf23-0242ac120006
00ee7390-10f5-4419-af24-d84f62b10962,None,e499ec9a-e66e-11e9-8bc4-0242ac130002,LAL4006,,0,,28294108-9323-11e9-bf23-0242ac120006
dc23f121-0420-448b-86f1-ab66b685b837,None,e4d19336-e8d3-11e9-b125-0242ac130002,LAL1210,,0,,28294108-9323-11e9-bf23-0242ac120006
f536938a-cfa2-4761-ae0b-33382be3c6f1,None,e4dcd814-3927-11ea-a19a-0242ac130006,LAL0510,,0,,28294108-9323-11e9-bf23-0242ac120006
6289d9dd-3eda-4250-8cc1-d561f8b94ebc,None,e4fe41d3-ce80-44ea-a77d-df8e00c5ea57,LAL4065,,0,,28294108-9323-11e9-bf23-0242ac120006
c4a2c692-5be1-4e39-a438-d275e261446b,None,e5618dda-e5f2-11e9-b125-0242ac130002,LAL0111,,0,,28294108-9323-11e9-bf23-0242ac120006
c86d416d-473e-42aa-a673-6424ec526770,None,e57655fd-5077-44a7-96f2-23039e15b134,KLK0190,,0,,28294108-9323-11e9-bf23-0242ac120006
e07f3c61-cb33-4d16-b9fc-bdd1a44996cf,None,e5aeceb8-4297-11ea-b44d-0242ac130006,BUN0013,,0,,28294108-9323-11e9-bf23-0242ac120006
9a31c0ec-bc7c-46d2-a72c-8d3a0a278f66,None,e5d8a76a-e671-11e9-b125-0242ac130002,LAL4148,,0,,28294108-9323-11e9-bf23-0242ac120006
c7413924-f735-4c1a-a068-c3f22fe72665,None,e610f418-4d5e-11ea-8083-0242ac130006,BUN4007,,0,,28294108-9323-11e9-bf23-0242ac120006
7fcf5c62-b3b7-424f-a79c-52377e8ba3ae,None,e67206a4-e913-11e9-8bc4-0242ac130002,LAL0480,,0,,28294108-9323-11e9-bf23-0242ac120006
2199a20f-806e-49c5-a9bc-2d5a31178124,None,e6bb5368-4296-11ea-a19a-0242ac130006,BUN0011,,0,,28294108-9323-11e9-bf23-0242ac120006
09c3273b-be3c-41ea-ae0c-797bf63c465a,None,e6c73144-fadc-11e9-8649-0242ac130002,LAL4100,,0,,28294108-9323-11e9-bf23-0242ac120006
36241903-b78f-4fd8-8fae-ac04c47251b7,None,e6f72884-e774-11e9-b125-0242ac130002,LAL4222,,0,,28294108-9323-11e9-bf23-0242ac120006
840e650d-7680-4f0d-92e6-36359a0c44e2,None,e7151050-eb4e-11e9-b125-0242ac130002,LAL0170,,0,,28294108-9323-11e9-bf23-0242ac120006
06535473-e61a-4355-91bd-49420a8268e6,None,e73522eb-0ce8-4bca-99a2-add0f09eb964,KAT1000,,0,,28294108-9323-11e9-bf23-0242ac120006
6235e0b1-8d69-403c-88d1-e9e77028b725,None,e73fb90e-4a7e-4ec5-b889-774943bba723,LAL1460,,0,,28294108-9323-11e9-bf23-0242ac120006
75e5fbce-f158-40ee-a404-2f13efddab88,None,e78429eb-76fd-429a-869b-d06884f69467,KIR0079,,0,,28294108-9323-11e9-bf23-0242ac120006
cfb0d540-5fa8-4dc1-9ddc-674cac829168,None,e7ad4210-ca99-11e9-b993-0242ac140002,LAL4109,DANAM,0,,28294108-9323-11e9-bf23-0242ac120006
7ff3e63b-b54e-4a5c-996e-0cf611420367,None,e82b6796-485c-4df1-8a87-31fb7b52abb4,KAT3200,,0,,28294108-9323-11e9-bf23-0242ac120006
fc595e8a-d759-442e-824b-c72f0ed62738,None,e862d312-eb57-11e9-8bc4-0242ac130002,LAL2490,,0,,28294108-9323-11e9-bf23-0242ac120006
68d446c3-84f6-446c-8124-a15efc2f6156,None,e95e1763-b6b3-4c0a-a4e1-53b38bc7b043,LAL4083,,0,,28294108-9323-11e9-bf23-0242ac120006
b4300437-3742-4d19-93fa-edcaad990321,None,e991cf24-3051-11ea-a67f-0242ac130002,LAL0460,,0,,28294108-9323-11e9-bf23-0242ac120006
9c0fd410-01ec-43dc-a4d7-2e14c9bd873d,None,eb386850-e4f3-11e9-b125-0242ac130002,LAL0251,,0,,28294108-9323-11e9-bf23-0242ac120006
fcce8c89-18d5-462e-a117-d46782387b9f,None,eb54e4f6-e4e6-11e9-b125-0242ac130002,LAL4002,,0,,28294108-9323-11e9-bf23-0242ac120006
124f9b7d-9bef-4233-9e62-b9912046104f,None,ebab7d45-3764-4565-8468-5b6228068d73,DLK0040,,0,,28294108-9323-11e9-bf23-0242ac120006
38536024-f7cf-4153-bd41-b0d9f319f45f,None,ec53aef0-70f0-11ea-b99f-0242ac130006,LAL0600,,0,,28294108-9323-11e9-bf23-0242ac120006
99eae8e9-f1c2-4e76-9801-e08e72aeea9c,None,ec58b581-a7d0-4a3c-a45d-a7a83107b3d1,KIR0027,,0,,28294108-9323-11e9-bf23-0242ac120006
ecb08f63-26dd-4dd2-9038-7b72511688aa,None,ec8d43e6-bcd6-4904-b80e-436fcc0bfcea,KIR-0003,,0,,28294108-9323-11e9-bf23-0242ac120006
93f07df5-7ce3-4c28-b13b-13e74b53ed06,None,ecd19c3d-9488-4859-83b4-482e26daa713,KIR4003,,0,,28294108-9323-11e9-bf23-0242ac120006
ba9a99c8-2d35-4bba-8766-702ba76ce701,None,ece92710-65d8-47be-b6bf-126099f3d742,LAL4067,,0,,28294108-9323-11e9-bf23-0242ac120006
b71a0f2c-8a25-456d-8132-aade63c0cf57,None,ee6be98a-0ace-4c06-bb8c-a47c941fced7,LAL2040,,0,,28294108-9323-11e9-bf23-0242ac120006
287502b9-6790-4fd6-b12f-93c4496f1239,None,eed34321-7e6d-44a6-840f-68589d631b8b,KAT1240,,0,,28294108-9323-11e9-bf23-0242ac120006
df68195d-6013-4021-97be-8fe1624ab6f6,None,ef590bc6-cbf6-4903-a8ad-37a529030f6f,LAL0994,,0,,28294108-9323-11e9-bf23-0242ac120006
52937922-aadb-4890-a528-036279958da6,None,ef7069e0-9e23-4cb6-8af4-b5220d7197b0,P-282,,0,,28294108-9323-11e9-bf23-0242ac120006
d8d74cb3-2330-4d41-aa4d-4b53fec10cfd,None,ef7069e0-9e23-4cb6-8af4-b5220d7197b0, LAL2820,,0,,28294108-9323-11e9-bf23-0242ac120006
129c19ab-20c6-41d5-a609-e1dfb2d4699d,None,effa4b2e-069a-11ea-8a1c-0242ac130002,LAL4027,,0,,28294108-9323-11e9-bf23-0242ac120006
175f65ae-2c1f-4c5f-aefb-30073b73401d,None,f0ef1474-eb56-11e9-b125-0242ac130002,KAT2607,,0,,28294108-9323-11e9-bf23-0242ac120006
2820cd07-0c16-4074-91b5-c292a63d6eb7,None,f12a1f58-ca48-11e9-b993-0242ac140002,LAL1364,DANAM,0,,28294108-9323-11e9-bf23-0242ac120006
e20848cb-ee6e-4269-bd46-24fdcfe5332e,None,f17e763a-e815-11e9-b125-0242ac130002,LAL2330,,0,,28294108-9323-11e9-bf23-0242ac120006
20664d9e-e18b-41fc-9bd1-39bf05ba0768,None,f1dcfeda-d07d-11e9-8411-0242ac140006,LAL2550,DANAM,0,,28294108-9323-11e9-bf23-0242ac120006
4135f4d9-a7b2-4fd8-b5c8-658575c52258,None,f1f7e39a-cb04-11e9-b993-0242ac140002,LAL2020,DANAM,0,,28294108-9323-11e9-bf23-0242ac120006
a0a9ef4c-b614-4ce2-abf0-219bc75046d5,None,f2154aee-e656-11e9-b125-0242ac130002,LAL2240,,0,,28294108-9323-11e9-bf23-0242ac120006
b8d05400-fbd0-4696-81ce-a07694880ada,None,f26daa2c-d0cf-44c1-beb6-93d190d93e10,BAL0009,,0,,28294108-9323-11e9-bf23-0242ac120006
36374aa0-5c7e-4409-94ab-8b6488a53e9c,None,f2ae29a4-e92a-11e9-b125-0242ac130002,LAL2320,,0,,28294108-9323-11e9-bf23-0242ac120006
304fa8f0-01ba-4e31-a5fb-2cafed1c876d,None,f2e86f2f-a0eb-4fe8-b090-0677d63bdc5f,P-248,,0,,28294108-9323-11e9-bf23-0242ac120006
3ecc1941-5c3e-48a0-a983-a3e64f5493fa,None,f2e86f2f-a0eb-4fe8-b090-0677d63bdc5f,LAL2480,,0,,28294108-9323-11e9-bf23-0242ac120006
2e51266a-99ac-4bdd-80d9-f3069cffd1db,None,f360c428-f18c-11e9-8649-0242ac130002,LAL0660,,0,,28294108-9323-11e9-bf23-0242ac120006
f6aa6a96-7386-42d0-9b26-4e2456821a18,None,f3be59cc-e6a0-11e9-8bc4-0242ac130002,LAL1211,,0,,28294108-9323-11e9-bf23-0242ac120006
80e641db-a667-45b2-87a3-bf197edb095a,None,f3e7c4ba-cad8-4f46-97ab-af7388f9a744,KLK0130,,0,,28294108-9323-11e9-bf23-0242ac120006
37b650a0-42b6-4039-933f-f72784ba7092,None,f40297a8-5fc8-11ea-b4c2-0242ac130006,BUN0017,,0,,28294108-9323-11e9-bf23-0242ac120006
bc8e5b3e-6d78-402d-8a73-bb22d56df320,None,f5665e6f-bda0-4b92-8c79-f5f68e11c896,KIR0018,,0,,28294108-9323-11e9-bf23-0242ac120006
fb99c984-da1e-4299-81db-3be2e5e5bd7f,None,f6968910-e8f0-11e9-b125-0242ac130002,LAL1630,,0,,28294108-9323-11e9-bf23-0242ac120006
90ca61a7-5c78-45ca-9f6d-505551515e89,None,f7773bd2-1f14-4d59-890c-52b8d6bee5ae,LAL4033,,0,,28294108-9323-11e9-bf23-0242ac120006
e8059346-f563-4c86-abba-cc1b78f72a16,None,f7f45a9a-350f-49bb-ae23-647492f2c434,MUS0200,,0,,28294108-9323-11e9-bf23-0242ac120006
2a2c4f15-24fc-46bd-8e29-6b6e36ad4ec9,None,f8a2590f-ed13-4cab-b2e4-b8049f306f3e,DLK0090,,0,,28294108-9323-11e9-bf23-0242ac120006
47b5477e-8cc9-4889-a9d4-785bf0e345cd,None,f96c7cf2-e923-11e9-b125-0242ac130002,LAL1720,,0,,28294108-9323-11e9-bf23-0242ac120006
bd7e95ed-038b-460e-bc3c-d967830630f3,None,f99b4e0e-6215-11ea-b4c2-0242ac130006,LAL0740,,0,,28294108-9323-11e9-bf23-0242ac120006
c2c8aece-f2ea-4717-9399-efa896e07631,None,f99c8d9c-baae-49b1-87f7-95f8e9003d90,MUG0100,,0,,28294108-9323-11e9-bf23-0242ac120006
d71e5a2f-bc8f-4bc0-ac64-a2dab40b9319,None,f9cdfd48-e837-11e9-b125-0242ac130002,LAL4161,,0,,28294108-9323-11e9-bf23-0242ac120006
d415e08b-d439-4322-8b23-05b97926d5cf,None,fb356352-3c14-11ea-a19a-0242ac130006,LAL1760,,0,,28294108-9323-11e9-bf23-0242ac120006
6706b4c7-676c-495d-8502-b3eddd11796f,None,fbe267a8-f346-11e9-8649-0242ac130002,LAL0081,,0,,28294108-9323-11e9-bf23-0242ac120006
e1dae584-1cb1-46ba-a421-e94612f8836e,None,fc1db1e6-4fae-4899-816a-e3c4d3da77d4,LAL1051,,0,,28294108-9323-11e9-bf23-0242ac120006
e93133e9-cbd9-470a-b27c-7fdd7259c391,None,fc956312-ffca-4808-9e3d-d10d0f423e37,LAL0041,,0,,28294108-9323-11e9-bf23-0242ac120006
00d81c7d-c876-4710-8af1-f912808e9496,None,fcae3dbe-e8ac-11e9-b125-0242ac130002,LAL2620,,0,,28294108-9323-11e9-bf23-0242ac120006
c2770f8a-e153-4c33-b210-4890b23820d9,None,fdb33072-2257-11ea-b82d-0242ac130002,BUN0028,,0,,28294108-9323-11e9-bf23-0242ac120006
b498e7fb-0e62-4f13-bdf7-2d3090bf992b,None,fe209a6f-0543-4c9d-96d6-d5bbb307c227,KIR4056,,0,,28294108-9323-11e9-bf23-0242ac120006
83361223-64fc-4115-9794-2e1e343c46da,None,fe6ac976-a5a9-433d-96fa-23480b8ce6ba,MUS0100,,0,,28294108-9323-11e9-bf23-0242ac120006
96acb42b-c99b-4c00-892c-004583b2d4dc,None,fe81f05f-963f-4b0b-a5cd-e29d4c7920a8,THK0010,,0,,28294108-9323-11e9-bf23-0242ac120006
8dba906a-0aac-4c1f-bdfd-dcd307b8dab0,None,fecc17c8-e678-11e9-b125-0242ac130002,LAL0900,,0,,28294108-9323-11e9-bf23-0242ac120006
8f274597-2b52-4fb9-97c9-b68c29f4207f,None,ff0d1c8e-ec6c-4946-b5b6-144827f3bdbc,LAL1500,,0,,28294108-9323-11e9-bf23-0242ac120006
924f6d71-c2eb-40e8-8794-7a8ef08de9e5,None,ff7398f9-1bb2-4e4e-ba9b-c985565f74a7,KIR0005,,0,,28294108-9323-11e9-bf23-0242ac120006
