tileid,parenttile_id,resourceinstance_id,social activity type,sortorder,provisionaledits,nodegroup_id
456ad851-24f8-4788-9da5-97d49a0a4e00,6a08a17e-c59a-44cd-955f-f656c0e15523,02b1eaa8-e6a5-11e9-8bc4-0242ac130002,Social and religious actions and events,0,,fb0a3ef2-b8f7-11e9-b8a9-0242ac120007
0538fc5d-769c-4581-a9a3-d1a1fe3bafae,ebb171ab-53b4-4ced-8b64-fe1196e8813c,054498ec-d633-11e9-beea-0242ac140006,Social and religious actions and events,0,,fb0a3ef2-b8f7-11e9-b8a9-0242ac120007
00dc81d0-8e59-47c7-82ed-cf07cdbb4e6d,f1a3214d-e866-44f8-a210-cec314faeec0,054498ec-d633-11e9-beea-0242ac140006,Legend and myths,0,,fb0a3ef2-b8f7-11e9-b8a9-0242ac120007
e8b30e1e-c37a-48b8-a1df-218564f0fc0b,d018028a-cae7-4378-ac72-fb2943e7453e,054498ec-d633-11e9-beea-0242ac140006,Social and religious actions and events,0,,fb0a3ef2-b8f7-11e9-b8a9-0242ac120007
8b0b4ad1-93e8-4cd7-8676-dd874fc84601,7679b8ab-c094-480a-9ec0-b5144d1eb942,054498ec-d633-11e9-beea-0242ac140006,Social and religious actions and events,0,,fb0a3ef2-b8f7-11e9-b8a9-0242ac120007
1502b769-295e-475f-b549-3edcce58731f,1f50d161-c2a5-4c41-be9b-dc57922dd042,05e2a35c-e8d5-11e9-8bc4-0242ac130002,Social and religious actions and events,0,,fb0a3ef2-b8f7-11e9-b8a9-0242ac120007
a3c41b2f-eb70-4886-a8ab-96147909bb6a,5c3b1832-c2ef-4402-81a2-9e5c038aad2d,0687a32c-e7e8-11e9-8bc4-0242ac130002,Social and religious actions and events,0,,fb0a3ef2-b8f7-11e9-b8a9-0242ac120007
11427d51-f1d6-4e9d-8330-2227e1d07ad8,1217cbb3-e864-4c8a-a729-4f336b842534,0687a32c-e7e8-11e9-8bc4-0242ac130002,Social and religious actions and events,0,,fb0a3ef2-b8f7-11e9-b8a9-0242ac120007
528bfda2-1022-471b-81cd-830085f888b3,0dc7fde0-6923-49ad-9c5e-f188897f679c,068cb560-e748-11e9-b125-0242ac130002,Social and religious actions and events,0,,fb0a3ef2-b8f7-11e9-b8a9-0242ac120007
1a5eabf1-38e7-451d-ba29-a250a77f1fd5,1f293ad7-b59a-4f65-82ec-878c749bc1cb,068cb560-e748-11e9-b125-0242ac130002,Social and religious actions and events,0,,fb0a3ef2-b8f7-11e9-b8a9-0242ac120007
89b880fd-2ad7-4b85-b3f6-6eda359dd1cd,6f9ae06d-7171-4e2d-9c0f-ce14ff359eec,06a4360c-e5ec-11e9-b125-0242ac130002,Social and religious actions and events,0,,fb0a3ef2-b8f7-11e9-b8a9-0242ac120007
5b587069-9cd6-4e78-8bba-dad4df983133,3d01a6a8-8dea-41db-a072-5977d10d8446,0706813a-e81d-11e9-8bc4-0242ac130002,Social and religious actions and events,0,,fb0a3ef2-b8f7-11e9-b8a9-0242ac120007
a0f25a6e-cf13-40a7-9328-6e5fc0147aeb,056f3916-1a0e-4ee6-8f4a-60fa6e6502a9,0706813a-e81d-11e9-8bc4-0242ac130002,Social and religious actions and events,0,,fb0a3ef2-b8f7-11e9-b8a9-0242ac120007
2aff1108-ec17-4814-8ec6-1c858f1efedb,80a87e3c-88c1-4898-87e7-0c92f0ca60ea,0826cd5e-f3e4-11e9-a3c8-0242ac130002,,0,,fb0a3ef2-b8f7-11e9-b8a9-0242ac120007
50307400-573d-4652-9052-0335e050c308,89b5588a-9a45-46fc-97ed-ceec28563e40,09670bee-ec13-11e9-b125-0242ac130002,Social and religious actions and events,0,,fb0a3ef2-b8f7-11e9-b8a9-0242ac120007
a7690586-8901-4e41-a13c-4d81f243e1f7,bd2c497e-757f-4a1d-b61f-e7125a87f4ef,09670bee-ec13-11e9-b125-0242ac130002,Social and religious actions and events,0,,fb0a3ef2-b8f7-11e9-b8a9-0242ac120007
5e523ffc-9eb4-4688-8e84-399473221b10,b0a80754-67f5-47f4-9dbe-9f77b8081cbf,0b875a50-e754-11e9-b125-0242ac130002,Social and religious actions and events,0,,fb0a3ef2-b8f7-11e9-b8a9-0242ac120007
5e8b5a7a-b520-49b1-a2ed-a43f43829125,2e685faa-3f7d-48f5-9e5a-279223dd7e45,0c6b269c-e676-11e9-8bc4-0242ac130002,Social and religious actions and events,0,,fb0a3ef2-b8f7-11e9-b8a9-0242ac120007
06a1b224-87c2-4c86-8d6c-7692806a2d92,0cfbe0c0-d8d6-46a7-97fd-5ef158c42054,0cbfabb8-e699-11e9-b125-0242ac130002,Social and religious actions and events,0,,fb0a3ef2-b8f7-11e9-b8a9-0242ac120007
6f8f550c-6f9f-45c3-b7ac-b143bbf9d11c,144021b4-168c-446a-b31f-21fd661db2f0,109ab54a-e9a3-11e9-8bc4-0242ac130002,Social and religious actions and events,0,,fb0a3ef2-b8f7-11e9-b8a9-0242ac120007
37ab4f77-7e3b-49e7-9a6e-84222cdb779a,bab996f5-0271-4c19-9176-64bd9ef3a5cf,109ab54a-e9a3-11e9-8bc4-0242ac130002,Social and religious actions and events,0,,fb0a3ef2-b8f7-11e9-b8a9-0242ac120007
046c3b03-796b-4eba-9759-57aca4b3dc26,5ae132d7-2844-44b2-bdb0-4e57d5962243,1176053e-eb54-11e9-8bc4-0242ac130002,Social and religious actions and events,0,,fb0a3ef2-b8f7-11e9-b8a9-0242ac120007
649b8f3f-7ba0-40cd-9b1e-6bf7c7e40c6f,97ba851b-45b3-4402-9b8d-04cbc6380ffe,12c555ec-ea9c-11e9-8bc4-0242ac130002,Social and religious actions and events,0,,fb0a3ef2-b8f7-11e9-b8a9-0242ac120007
c350522f-1b3d-422e-a017-7b815b58e186,dbae9dff-f06b-4ab0-8676-4bcef2e9d9d6,12d828f2-e4f7-11e9-8bc4-0242ac130002,Social and religious actions and events,0,,fb0a3ef2-b8f7-11e9-b8a9-0242ac120007
ca58853f-aab5-4b3e-9575-9eb65f7d0e66,1d606d5b-7088-43f4-a1e1-23b6f5ff255f,12d828f2-e4f7-11e9-8bc4-0242ac130002,Social and religious actions and events,0,,fb0a3ef2-b8f7-11e9-b8a9-0242ac120007
0341d35e-29f5-40f8-8d85-486b7ab7b15e,e9379c78-f57c-4d11-af33-0fe7705f31e7,12d828f2-e4f7-11e9-8bc4-0242ac130002,Social and religious actions and events,0,,fb0a3ef2-b8f7-11e9-b8a9-0242ac120007
ad9dab5d-8676-4b39-ba9f-502f22c83a62,35582e0e-fd94-4956-966e-f9ec5ac48fe7,15217304-e6a8-11e9-b125-0242ac130002,Social and religious actions and events,0,,fb0a3ef2-b8f7-11e9-b8a9-0242ac120007
04fe376c-c507-4b79-863b-1f70f9a71bf6,d3392a72-d1a1-49ec-95df-8e91015cb135,15613d2a-e91b-11e9-b125-0242ac130002,Social and religious actions and events,0,,fb0a3ef2-b8f7-11e9-b8a9-0242ac120007
39cfad1b-8eb8-4d8e-ae58-aa9d75cf4c10,cdb5fe17-835b-49df-ba7a-fa91f688fe07,15613d2a-e91b-11e9-b125-0242ac130002,Social and religious actions and events,0,,fb0a3ef2-b8f7-11e9-b8a9-0242ac120007
d8c1bb6a-cb81-44e3-b8c0-647f684af40e,0b4b345f-3172-46b7-a988-e39759498015,15acbf64-e9a4-11e9-b125-0242ac130002,Social and religious actions and events,0,,fb0a3ef2-b8f7-11e9-b8a9-0242ac120007
deb41e7e-feec-4e5f-a41c-c829f9dbd2f3,6c5344bb-48c5-46e1-8642-ed7ca533545e,16f8b0dc-e9b1-11e9-8bc4-0242ac130002,Social and religious actions and events,0,,fb0a3ef2-b8f7-11e9-b8a9-0242ac120007
c4d5b26d-1fef-4c93-a017-3ed6020651ba,3f8c0b69-7268-49b3-bbcc-3e708ac0a859,16f8b0dc-e9b1-11e9-8bc4-0242ac130002,Social and religious actions and events,0,,fb0a3ef2-b8f7-11e9-b8a9-0242ac120007
0d0de654-b1e7-471b-99eb-e05f7cc89464,7bf5e329-f1d7-42a5-8ce0-7309688b325e,16f8b0dc-e9b1-11e9-8bc4-0242ac130002,Social and religious actions and events,0,,fb0a3ef2-b8f7-11e9-b8a9-0242ac120007
f147a4e0-c423-43a0-8201-6fdf3a5c55c4,10e98dc2-5f6f-4b09-b2a0-17ee6a7eb6a2,16f8b0dc-e9b1-11e9-8bc4-0242ac130002,Social and religious actions and events,0,,fb0a3ef2-b8f7-11e9-b8a9-0242ac120007
23f6334c-c0a9-4f9f-b67d-3269e19a3dcd,c0526d49-1667-476f-8b3a-f8432f0a7fad,16f8b0dc-e9b1-11e9-8bc4-0242ac130002,Social and religious actions and events,0,,fb0a3ef2-b8f7-11e9-b8a9-0242ac120007
1248c1d0-b479-4ddc-868d-176fbc194805,87e72877-3ec5-442e-b33a-de2871437d73,16f8b0dc-e9b1-11e9-8bc4-0242ac130002,Social and religious actions and events,0,,fb0a3ef2-b8f7-11e9-b8a9-0242ac120007
bbd9a1db-f0c6-47c2-8652-37e4f171d974,f88e9657-696a-4850-975d-e5975e1d514e,170a68d0-e68d-11e9-b125-0242ac130002,Social and religious actions and events,0,,fb0a3ef2-b8f7-11e9-b8a9-0242ac120007
d86d5920-b368-40c8-b618-85ff5d6d111c,73c10ff1-f7fd-4935-8993-a95c657cf6b9,1772bbc6-e73f-11e9-8bc4-0242ac130002,Social and religious actions and events,0,,fb0a3ef2-b8f7-11e9-b8a9-0242ac120007
80c61383-eb7d-43a9-a3d4-71ed72487519,ac10c7f2-4a3a-4961-8575-513f4c5f3027,178fd214-e67d-11e9-8bc4-0242ac130002,Social and religious actions and events,0,,fb0a3ef2-b8f7-11e9-b8a9-0242ac120007
3e643ee0-ee31-43d3-9fc0-835b8171d07e,db44113d-9738-4c8f-b061-d1753d855868,178fd214-e67d-11e9-8bc4-0242ac130002,Legend and myths,0,,fb0a3ef2-b8f7-11e9-b8a9-0242ac120007
0888eedd-98bf-413f-8593-c39489eb8ddb,8d1ffdc3-02eb-4a2b-9623-674448e0d1a5,178fd214-e67d-11e9-8bc4-0242ac130002,Social and religious actions and events,0,,fb0a3ef2-b8f7-11e9-b8a9-0242ac120007
9cb8caeb-cbd1-4140-9547-aa9752deb6f9,f4647f87-66c8-46d3-9609-f8a6f9f2e21d,178fd214-e67d-11e9-8bc4-0242ac130002,Social and religious actions and events,0,,fb0a3ef2-b8f7-11e9-b8a9-0242ac120007
abe46d0b-0e1b-4cdf-bfc7-96e28e287e0d,2ed90bd0-a761-479d-84e4-35a15e1ac558,178fd214-e67d-11e9-8bc4-0242ac130002,Social and religious actions and events,0,,fb0a3ef2-b8f7-11e9-b8a9-0242ac120007
0913fbf6-a6b4-430a-8048-9a6799f095a0,2642d107-51b2-4028-bd22-5a03f7ba3d11,1798db32-ecce-11e9-8bc4-0242ac130002,Social and religious actions and events,0,,fb0a3ef2-b8f7-11e9-b8a9-0242ac120007
d90bd755-813f-4f00-88f1-37b1869d85a9,6c765150-457e-4d21-b41b-c136d37f5e53,1a0a8ea8-eff1-11e9-a3c8-0242ac130002,,0,,fb0a3ef2-b8f7-11e9-b8a9-0242ac120007
f771cbbb-0dde-4077-8458-739655fa94ed,069951e6-e015-4d6a-ab28-2fb71f3bb69e,1a0a8ea8-eff1-11e9-a3c8-0242ac130002,,0,,fb0a3ef2-b8f7-11e9-b8a9-0242ac120007
bfed1ea4-5401-4c10-824c-29cf9c3066b8,012b0cb0-e820-4378-98cc-1eb05b33b754,1a5335da-e755-11e9-b125-0242ac130002,Social and religious actions and events,0,,fb0a3ef2-b8f7-11e9-b8a9-0242ac120007
4773586a-e568-49b4-bab1-3415ec58aed1,15f08fb9-97d4-4d94-8621-93b65e9753fd,1a7f3f24-ec12-11e9-8bc4-0242ac130002,Social and religious actions and events,0,,fb0a3ef2-b8f7-11e9-b8a9-0242ac120007
76997f48-253e-48a1-bfe6-bd14a7b02deb,93e6cedd-5a20-471e-8f40-a44e21c172ec,1a7f3f24-ec12-11e9-8bc4-0242ac130002,Social and religious actions and events,0,,fb0a3ef2-b8f7-11e9-b8a9-0242ac120007
5e626296-46ab-4a57-a623-a9ce3a7ca5bd,453e55db-74ec-4df8-8976-8883fb982bbf,1a7f3f24-ec12-11e9-8bc4-0242ac130002,Social and religious actions and events,0,,fb0a3ef2-b8f7-11e9-b8a9-0242ac120007
dacea531-5f78-4628-b8d6-340f2f86587e,a58dfdad-4725-4dc3-9a33-a332c38b5427,1a7f3f24-ec12-11e9-8bc4-0242ac130002,Social and religious actions and events,0,,fb0a3ef2-b8f7-11e9-b8a9-0242ac120007
d7340c17-97b4-429a-8727-b758bd1b344e,fafbe831-00e7-481f-a6bb-a59455fbeacc,1a7f3f24-ec12-11e9-8bc4-0242ac130002,Social and religious actions and events,0,,fb0a3ef2-b8f7-11e9-b8a9-0242ac120007
9073ce71-1f61-4200-94d3-a50b8b58d854,c1be67c0-d8e6-4ca3-b56d-60c6845c5fe3,1c2db54a-e68f-11e9-b125-0242ac130002,Social and religious actions and events,0,,fb0a3ef2-b8f7-11e9-b8a9-0242ac120007
6fd3b526-0e3e-433c-8d86-e35121eb5be8,9540f30b-d833-4084-bc3f-470fd5216e60,1e2335a0-f62a-11e9-a3c8-0242ac130002,,0,,fb0a3ef2-b8f7-11e9-b8a9-0242ac120007
eed1f8f1-e36a-4a34-895c-a8368a705ee6,d9cf38c8-4794-4f34-b487-7542ed4fe581,1e2335a0-f62a-11e9-a3c8-0242ac130002,,0,,fb0a3ef2-b8f7-11e9-b8a9-0242ac120007
75ff7660-6f6b-4bb2-890d-968f55250669,8fd061e0-b7e6-471f-b332-a834d897e002,1e4bfd8c-dc8a-11e9-81a8-0242ac140006,Social and religious actions and events,0,,fb0a3ef2-b8f7-11e9-b8a9-0242ac120007
974043e0-eedd-43e1-a64e-8d533bb637d6,4dbaead6-4533-42bf-88fa-cc5930b895f8,2070b496-e729-11e9-8bc4-0242ac130002,Social and religious actions and events,0,,fb0a3ef2-b8f7-11e9-b8a9-0242ac120007
23a65390-0241-4ad1-9f49-615ab1a62522,0b696100-afa9-43e6-acf0-6843ee094004,2070b496-e729-11e9-8bc4-0242ac130002,Social and religious actions and events,0,,fb0a3ef2-b8f7-11e9-b8a9-0242ac120007
43c36baa-87a1-4bdc-b501-e9fe77095134,a84c85a7-783b-40b4-9f77-b48e3a74dccb,20b9cf3e-f33e-11e9-a3c8-0242ac130002,,0,,fb0a3ef2-b8f7-11e9-b8a9-0242ac120007
8aef3142-5ea3-4111-9257-18c7472ff19c,9ce3da5b-795a-48ec-83ab-d537bbfa89d3,20b9cf3e-f33e-11e9-a3c8-0242ac130002,,0,,fb0a3ef2-b8f7-11e9-b8a9-0242ac120007
ed5ca1ce-1dcf-47f1-98ed-bc1b59bc30c3,253be514-330e-465f-8a7a-6d8326363579,217154c2-e99f-11e9-b125-0242ac130002,Social and religious actions and events,0,,fb0a3ef2-b8f7-11e9-b8a9-0242ac120007
05279ad9-c4dd-49db-a0d8-9cced6c78ff5,731117eb-b8b9-4809-ab16-f26d72d35ec4,217154c2-e99f-11e9-b125-0242ac130002,Social and religious actions and events,0,,fb0a3ef2-b8f7-11e9-b8a9-0242ac120007
c1cae572-775c-443f-91a1-3690044374e8,0e8f46c3-4513-4e85-bf84-45be36afedfc,217154c2-e99f-11e9-b125-0242ac130002,Social and religious actions and events,0,,fb0a3ef2-b8f7-11e9-b8a9-0242ac120007
6afd56c2-8739-4267-8fea-f285e51ab7b0,09cfea1c-3a6e-47aa-b95c-de8b55dd6eab,21c324c0-e763-11e9-8bc4-0242ac130002,Social and religious actions and events,0,,fb0a3ef2-b8f7-11e9-b8a9-0242ac120007
981b84fd-f979-4349-add0-481aadf82622,67a2d038-116a-4dcd-be83-6e8a6b3c4cf7,21c324c0-e763-11e9-8bc4-0242ac130002,Social and religious actions and events,0,,fb0a3ef2-b8f7-11e9-b8a9-0242ac120007
a4ac8c31-419e-4db1-b9a1-2d2cb69e8eaf,89bb4698-999d-4918-8c13-8d438c8c97b7,224ae916-e8e2-11e9-8bc4-0242ac130002,Social and religious actions and events,0,,fb0a3ef2-b8f7-11e9-b8a9-0242ac120007
6c574ecc-ddc8-4a1f-8245-4b055cca212c,14cb3a20-ac4a-4a0e-9058-c53cf07c76d7,224ae916-e8e2-11e9-8bc4-0242ac130002,Social and religious actions and events,0,,fb0a3ef2-b8f7-11e9-b8a9-0242ac120007
e5959525-232c-4c67-b93f-fbdc41dca526,6c6a4698-e0e4-4bb6-8e81-1311feb48b86,224ae916-e8e2-11e9-8bc4-0242ac130002,Social and religious actions and events,0,,fb0a3ef2-b8f7-11e9-b8a9-0242ac120007
1a17b19e-669f-4138-a449-9b29234a4eff,8cb48f75-6ea3-4157-9a4c-1e440637a15a,2284154e-efcf-11e9-8649-0242ac130002,,0,,fb0a3ef2-b8f7-11e9-b8a9-0242ac120007
b71b33f4-9ca5-4b1d-9c0b-3cba12a87f08,b5afe598-56e4-403f-ad0c-65e6d356e357,234a903c-e5e0-11e9-b125-0242ac130002,Social and religious actions and events,0,,fb0a3ef2-b8f7-11e9-b8a9-0242ac120007
ec456d58-cd1b-4677-93f4-61154188e887,c90eee87-bc2c-4316-b3e1-8cf1bacc2532,23bdf498-e692-11e9-b125-0242ac130002,Social and religious actions and events,0,,fb0a3ef2-b8f7-11e9-b8a9-0242ac120007
013f67cb-f622-4260-b6a7-029da5ae5395,555c7c96-ee84-4a5b-bcd3-eb4dbe4a21f6,23bdf498-e692-11e9-b125-0242ac130002,Social and religious actions and events,0,,fb0a3ef2-b8f7-11e9-b8a9-0242ac120007
6d404b75-4841-4c68-879e-54f26cfc81fd,cee77614-5d12-479a-90b8-a8b67814eec1,24afe176-f66a-11e9-a3c8-0242ac130002,,0,,fb0a3ef2-b8f7-11e9-b8a9-0242ac120007
93301110-9d45-4192-9050-50927d46ae3a,812227ed-c622-4a7a-a6b2-d354b8defa8f,24afe176-f66a-11e9-a3c8-0242ac130002,,0,,fb0a3ef2-b8f7-11e9-b8a9-0242ac120007
55dba19a-b7c3-4b4c-80a9-9178fc92cc66,37c7e031-52c1-431a-9d93-192cbd700dac,24afe176-f66a-11e9-a3c8-0242ac130002,,0,,fb0a3ef2-b8f7-11e9-b8a9-0242ac120007
3e94fc7f-d7dc-45d9-9ecf-b17ef7c3b052,0eb2ed98-8e7a-4fba-a355-1c8a0bd27786,2548d9e2-ea78-11e9-b125-0242ac130002,Social and religious actions and events,0,,fb0a3ef2-b8f7-11e9-b8a9-0242ac120007
1ca680bd-3caf-4fa4-b04e-5efee06f6a29,4ea7c267-bf40-4e96-89af-77e221ddda3b,2548d9e2-ea78-11e9-b125-0242ac130002,Social and religious actions and events,0,,fb0a3ef2-b8f7-11e9-b8a9-0242ac120007
9281571e-a905-4dde-b75e-9d7a837c062c,fbe99310-b449-48ec-9ffe-7cc5381c0b8f,2548d9e2-ea78-11e9-b125-0242ac130002,Social and religious actions and events,0,,fb0a3ef2-b8f7-11e9-b8a9-0242ac120007
016e4686-55fa-453f-8fb8-1f8de3a83385,daffb697-102d-483e-bc1b-fd68a48fdeeb,2548d9e2-ea78-11e9-b125-0242ac130002,Social and religious actions and events,0,,fb0a3ef2-b8f7-11e9-b8a9-0242ac120007
7dec8990-dad2-4753-b03b-b5e0ab130b87,4ed52c65-fe4d-4c09-99f3-cc26f5ddd3ad,254b0d1c-e68a-11e9-8bc4-0242ac130002,Social and religious actions and events,0,,fb0a3ef2-b8f7-11e9-b8a9-0242ac120007
72330cb5-1da7-4629-99e9-41cb82c3cd12,0ba51d17-f86d-48a8-aa46-9c0cd0b93bfc,256339d6-e9d3-11e9-8bc4-0242ac130002,Social and religious actions and events,0,,fb0a3ef2-b8f7-11e9-b8a9-0242ac120007
d504473e-e0d1-49a4-8283-396ad0c2141a,5f305e21-1f16-46d1-a1f3-d1d140a2e2f2,26404afc-cb0a-11e9-b993-0242ac140002,Social and religious actions and events,0,,fb0a3ef2-b8f7-11e9-b8a9-0242ac120007
3185e1b4-6c1f-4e5b-ba90-b2e681681927,74895cd8-1669-49a5-9c00-b86b7d4c2aae,26404afc-cb0a-11e9-b993-0242ac140002,Social and religious actions and events,0,,fb0a3ef2-b8f7-11e9-b8a9-0242ac120007
ec73650c-005a-4403-a1db-4c2c7cf4c9c2,6b6f1d50-eb83-4ebf-82b7-d34f9cf58e0f,26404afc-cb0a-11e9-b993-0242ac140002,Social and religious actions and events,0,,fb0a3ef2-b8f7-11e9-b8a9-0242ac120007
52154c50-88e3-4cd7-85e8-5359370a2c96,db423bea-7886-4e9d-bbfd-739cc5673e95,26404afc-cb0a-11e9-b993-0242ac140002,Social and religious actions and events,0,,fb0a3ef2-b8f7-11e9-b8a9-0242ac120007
7e0f8a4c-d4fa-451e-a714-5c188d461c0c,2a1e24da-3ed5-4912-ae7e-c67ce1f5ebbb,26daa57e-e6ae-11e9-8bc4-0242ac130002,Social and religious actions and events,0,,fb0a3ef2-b8f7-11e9-b8a9-0242ac120007
692a28e0-9d41-4833-937f-37f3a69231d9,95990ee9-e933-4597-ab88-96a6b8852bd4,26e27d10-f989-11e9-a3c8-0242ac130002,,0,,fb0a3ef2-b8f7-11e9-b8a9-0242ac120007
449a26b7-77bd-4ae8-9770-f91741deb1e9,771656e7-2dad-4ed0-841a-6b299c5e4e49,26e27d10-f989-11e9-a3c8-0242ac130002,,0,,fb0a3ef2-b8f7-11e9-b8a9-0242ac120007
50cacb2b-3ff9-4d19-8694-3ffb71c79019,fe5abb90-fc12-426f-bcc7-369a0e13a93e,26e27d10-f989-11e9-a3c8-0242ac130002,,0,,fb0a3ef2-b8f7-11e9-b8a9-0242ac120007
3664f2d3-74a3-4ec8-a9c4-efd17bae6e7c,832af103-63fa-484b-bbd1-b57e18cd0e52,276619ca-ea4f-11e9-8bc4-0242ac130002,Social and religious actions and events,0,,fb0a3ef2-b8f7-11e9-b8a9-0242ac120007
9ad0ac26-e031-445b-808f-d1a6d413e794,2c543116-05f0-40d3-b6c5-05db479ff568,276619ca-ea4f-11e9-8bc4-0242ac130002,Social and religious actions and events,0,,fb0a3ef2-b8f7-11e9-b8a9-0242ac120007
da096b40-a25c-4324-8116-93bedb4fc863,59f10e97-7836-40b5-8871-ee2962cb0ed4,27ca1a68-e9ca-11e9-8bc4-0242ac130002,Social and religious actions and events,0,,fb0a3ef2-b8f7-11e9-b8a9-0242ac120007
cfc407ed-9012-44f0-a5bc-b741ee894e75,0e21f0b9-95fa-4c7a-8f94-646df057f51e,2a0b1750-ee3e-11e9-8649-0242ac130002,,0,,fb0a3ef2-b8f7-11e9-b8a9-0242ac120007
5e65af7a-7e26-4af9-9544-606f63a743a0,7e55e7fd-6f96-49d9-bead-943a19af87f6,2ab99c6c-e69b-11e9-8bc4-0242ac130002,Social and religious actions and events,0,,fb0a3ef2-b8f7-11e9-b8a9-0242ac120007
e464cd38-757c-4d2e-a4aa-c51f6fbe0cd4,b80ae40a-34f0-4be8-bc74-4e0a1767090c,2bad144c-eaa5-11e9-8bc4-0242ac130002,Social and religious actions and events,0,,fb0a3ef2-b8f7-11e9-b8a9-0242ac120007
241ba87d-c18d-4cb1-be68-595c088aa3b9,dc6bac60-6558-4e85-97ce-c67d91e05d29,2bad144c-eaa5-11e9-8bc4-0242ac130002,Social and religious actions and events,0,,fb0a3ef2-b8f7-11e9-b8a9-0242ac120007
0a6d34ed-9add-479c-91da-362054fa15f0,f8b6eef3-8e2b-4645-8a0d-5fe3d2ccc4c7,2c4ddb84-f419-11e9-a3c8-0242ac130002,,0,,fb0a3ef2-b8f7-11e9-b8a9-0242ac120007
da039395-de97-4038-9e11-0bcbdb9c3580,d1117638-025d-4254-b231-6886ce5e3da3,2c4ddb84-f419-11e9-a3c8-0242ac130002,,0,,fb0a3ef2-b8f7-11e9-b8a9-0242ac120007
6c8da869-8fe0-4f09-b807-cb81822dcdb2,5a765052-35a5-4f6a-9d82-e66c449bfe1b,2c4ddb84-f419-11e9-a3c8-0242ac130002,,0,,fb0a3ef2-b8f7-11e9-b8a9-0242ac120007
809af6e3-10db-4829-8571-b0dfdf49a738,c384fd9b-14ed-405f-b99c-439867c06962,2c4ddb84-f419-11e9-a3c8-0242ac130002,,0,,fb0a3ef2-b8f7-11e9-b8a9-0242ac120007
924c14ba-107a-492d-9376-028f2363b4a6,4613c060-b1a7-4db1-9bc6-2c15448a7e79,2c4ddb84-f419-11e9-a3c8-0242ac130002,,0,,fb0a3ef2-b8f7-11e9-b8a9-0242ac120007
af9c678a-0e90-4f0a-9475-577d39539cce,618d27cb-f101-4dd6-983b-f1b3e5578f59,2c4ddb84-f419-11e9-a3c8-0242ac130002,,0,,fb0a3ef2-b8f7-11e9-b8a9-0242ac120007
47f92a2e-f951-4c9c-a8a2-efdaa368d484,50f54aee-62a1-4a93-86ee-99bba0e3da89,2c57e6c8-e8cb-11e9-b125-0242ac130002,Social and religious actions and events,0,,fb0a3ef2-b8f7-11e9-b8a9-0242ac120007
96fa8626-5c8a-42e2-a629-c51b39d0c404,378486b7-7b72-4503-af7e-bd030b66e95e,2c57e6c8-e8cb-11e9-b125-0242ac130002,Social and religious actions and events,0,,fb0a3ef2-b8f7-11e9-b8a9-0242ac120007
2865c56d-b975-4d0e-86a6-c75cd23f2906,b217f0b0-ab68-4aa4-8609-b9c173d5c47f,2c57e6c8-e8cb-11e9-b125-0242ac130002,Social and religious actions and events,0,,fb0a3ef2-b8f7-11e9-b8a9-0242ac120007
9d331c47-b4d6-446a-9793-c114e7048fea,266bde38-059b-492f-85b4-530d23139765,2dca9004-e5e3-11e9-8bc4-0242ac130002,Social and religious actions and events,0,,fb0a3ef2-b8f7-11e9-b8a9-0242ac120007
2720a0d8-e67a-4b95-b6bc-afb4e01ea6dc,be2fdafe-a61c-48dd-a09e-3b93ce719674,2fa110b8-e90a-11e9-8bc4-0242ac130002,Social and religious actions and events,0,,fb0a3ef2-b8f7-11e9-b8a9-0242ac120007
23976b35-a61a-4330-9b53-8e2d2004c4ff,306bbf9f-0856-419f-b189-ad0c1ecc9fc9,304bed70-ec0d-11e9-b125-0242ac130002,Social and religious actions and events,0,,fb0a3ef2-b8f7-11e9-b8a9-0242ac120007
aa6edfd5-f11c-4705-ac10-176f08eb53d8,78a4df55-8e40-43c3-9e39-1d69d59e133f,3082c42c-e76b-11e9-b125-0242ac130002,Social and religious actions and events,0,,fb0a3ef2-b8f7-11e9-b8a9-0242ac120007
0871e13f-0856-450a-ba49-1e1da070e83a,1dd6ea43-197f-488e-ab63-f727cfd63d92,3082c42c-e76b-11e9-b125-0242ac130002,Social and religious actions and events,0,,fb0a3ef2-b8f7-11e9-b8a9-0242ac120007
8e12efc9-ddea-48f4-821f-ba3e173957f7,3db88eb8-1eb9-4b02-9faa-0a069be3a7ff,3082c42c-e76b-11e9-b125-0242ac130002,Social and religious actions and events,0,,fb0a3ef2-b8f7-11e9-b8a9-0242ac120007
e648a8fb-444e-4ca2-9795-f11f056e506b,1a3a7cd3-aa68-4445-880d-18979eb2f46d,309c85aa-e8ed-11e9-b125-0242ac130002,Social and religious actions and events,0,,fb0a3ef2-b8f7-11e9-b8a9-0242ac120007
3fb5a039-722a-4cab-bbd9-ed7ef640808f,eb9be3bc-71c6-4613-836d-9d7b3ad51839,309c85aa-e8ed-11e9-b125-0242ac130002,Social and religious actions and events,0,,fb0a3ef2-b8f7-11e9-b8a9-0242ac120007
76bb7ab2-f109-4ae2-b5aa-462011cd0de6,5c0b1101-0501-4cfc-825f-21f670724ca2,309c85aa-e8ed-11e9-b125-0242ac130002,Social and religious actions and events,0,,fb0a3ef2-b8f7-11e9-b8a9-0242ac120007
27a887e7-2c9b-4d55-b1ec-4626b8d1b6ee,6fa91751-814b-40c3-87b4-e291ab87cb01,309c85aa-e8ed-11e9-b125-0242ac130002,Social and religious actions and events,0,,fb0a3ef2-b8f7-11e9-b8a9-0242ac120007
e4c9d3b6-a8b5-4058-bdd9-b839928ceb8f,beffe20d-f698-4e15-8c94-60cea328ab6f,309c85aa-e8ed-11e9-b125-0242ac130002,Social and religious actions and events,0,,fb0a3ef2-b8f7-11e9-b8a9-0242ac120007
493dfa04-6c6b-4142-8cfd-a3ac7758380b,b59f31c7-13b4-46b2-b00e-dc1cc87a84a0,33776afc-ea72-11e9-b125-0242ac130002,Social and religious actions and events,0,,fb0a3ef2-b8f7-11e9-b8a9-0242ac120007
920eae19-3cc2-46ed-b651-83092b547ebc,f7243d41-6e9a-4b71-91c3-5f3246eb0190,33d9ec0a-e733-11e9-8bc4-0242ac130002,Social and religious actions and events,0,,fb0a3ef2-b8f7-11e9-b8a9-0242ac120007
e9740684-2dc5-4664-bf21-e62f416f60a0,ff9432fe-37d6-40ce-baa7-9dd98e2993c2,33d9ec0a-e733-11e9-8bc4-0242ac130002,Social and religious actions and events,0,,fb0a3ef2-b8f7-11e9-b8a9-0242ac120007
acd4b500-d9a4-43a8-b189-89dc9a25fd48,05e3f7f3-fa5a-4cdb-90ae-c98c1aa9cdb6,33d9ec0a-e733-11e9-8bc4-0242ac130002,Social and religious actions and events,0,,fb0a3ef2-b8f7-11e9-b8a9-0242ac120007
612db144-16c4-4459-ae21-c843060219bb,ce2066cd-771a-41c0-8995-38c0d4aa3648,33d9ec0a-e733-11e9-8bc4-0242ac130002,Social and religious actions and events,0,,fb0a3ef2-b8f7-11e9-b8a9-0242ac120007
d9f00cfd-1d3e-4362-8664-62e0aa557bab,3f07d325-5c9a-4cbf-8811-9fc5bc47c581,3440946e-e936-11e9-b125-0242ac130002,Social and religious actions and events,0,,fb0a3ef2-b8f7-11e9-b8a9-0242ac120007
6a7845ab-77f3-473c-90b7-e9bbf3d72517,a7fec0c2-4745-43d0-88f4-e7c7f05859d2,3440946e-e936-11e9-b125-0242ac130002,Social and religious actions and events,0,,fb0a3ef2-b8f7-11e9-b8a9-0242ac120007
bf0176a2-fe2b-42c4-9e03-8652d4a49793,247baa8e-80a9-48c2-98ee-d3035cf28db1,34d6f310-e5e3-11e9-8bc4-0242ac130002,Social and religious actions and events,0,,fb0a3ef2-b8f7-11e9-b8a9-0242ac120007
f8aa5309-e882-4226-be33-fddccd6dca76,9f479312-46ab-4650-90d9-305d1e62adaa,362d533e-e8f0-11e9-b125-0242ac130002,Social and religious actions and events,0,,fb0a3ef2-b8f7-11e9-b8a9-0242ac120007
83c5869b-2b50-4042-877e-48b80ae781a2,217e34bd-ab20-4336-9149-dc11e2380a09,3668d45a-f899-11e9-8649-0242ac130002,,0,,fb0a3ef2-b8f7-11e9-b8a9-0242ac120007
25ae43bf-93ce-45da-881e-b32c67e6d9d0,c6076277-0e85-4136-928e-e7c562dc7c71,37438b5c-d78a-11e9-beea-0242ac140006,Social and religious actions and events,0,,fb0a3ef2-b8f7-11e9-b8a9-0242ac120007
d65e6308-4cd8-4c02-b940-6e3e1f40305d,21fdd9f3-33ac-46bf-8690-5aa348bf9f18,380e2e0e-e8ef-11e9-8bc4-0242ac130002,Social and religious actions and events,0,,fb0a3ef2-b8f7-11e9-b8a9-0242ac120007
1067c03d-a35e-470f-bc93-244e16fd9b23,aca9a990-cb13-4de2-82e1-d5f07bfc4931,380e2e0e-e8ef-11e9-8bc4-0242ac130002,Social and religious actions and events,0,,fb0a3ef2-b8f7-11e9-b8a9-0242ac120007
9d44d899-c205-42be-84f0-9e807f1b3be8,5ac12d01-92e2-4035-8bf4-83b7b3773178,380e2e0e-e8ef-11e9-8bc4-0242ac130002,Social and religious actions and events,0,,fb0a3ef2-b8f7-11e9-b8a9-0242ac120007
36ca3c39-264d-4c09-a800-c4356eb07619,b125eaea-c91f-48b4-8c97-2c119b3828d1,38e62b02-e759-11e9-8bc4-0242ac130002,Legend and myths,0,,fb0a3ef2-b8f7-11e9-b8a9-0242ac120007
ce5175be-a30b-4694-bdaa-1ab4069c5aa1,cdcc8207-c84f-4fc1-84c1-d97e2bc0b31a,38e62b02-e759-11e9-8bc4-0242ac130002,Social and religious actions and events,0,,fb0a3ef2-b8f7-11e9-b8a9-0242ac120007
9d22c701-dd0a-4cba-8b82-58d375047246,baf118af-14f3-4143-bede-4050d48c693e,38e62b02-e759-11e9-8bc4-0242ac130002,Social and religious actions and events,0,,fb0a3ef2-b8f7-11e9-b8a9-0242ac120007
202b8452-53ce-4b62-84b7-8d248c3f5611,fb3e01e1-8f05-4ea7-b8b8-2e83ebb85966,38e62b02-e759-11e9-8bc4-0242ac130002,Social and religious actions and events,0,,fb0a3ef2-b8f7-11e9-b8a9-0242ac120007
fcf84b6d-bf51-4462-a85f-51d247c0365a,988256ba-2cfb-4776-ab10-21d134442827,39bb2040-e9fd-11e9-8bc4-0242ac130002,,0,,fb0a3ef2-b8f7-11e9-b8a9-0242ac120007
7af2fefc-2f08-44ac-8fbc-574153b9980d,fcc3157d-34df-432c-81a0-687f3deb0399,39bb2040-e9fd-11e9-8bc4-0242ac130002,,0,,fb0a3ef2-b8f7-11e9-b8a9-0242ac120007
31baf186-5e94-40ab-9dc9-d3f9c10229d7,44fcd0b9-e8d6-47ee-bba8-9463a0880940,39bb2040-e9fd-11e9-8bc4-0242ac130002,,0,,fb0a3ef2-b8f7-11e9-b8a9-0242ac120007
e3b8753a-92e3-4281-8e6e-27c7b2dcb8d6,768b15ce-031d-4eef-abaa-745ecff47184,39bb2040-e9fd-11e9-8bc4-0242ac130002,,0,,fb0a3ef2-b8f7-11e9-b8a9-0242ac120007
5ea337d9-e117-4db3-9642-43e35e387fa3,c8ac2148-bdfc-4250-ad99-c70080a2d2a4,39bb2040-e9fd-11e9-8bc4-0242ac130002,,0,,fb0a3ef2-b8f7-11e9-b8a9-0242ac120007
f4b1597c-a9e7-4e8a-8b22-ad7d71c082e1,0ffafb3a-1d5d-4958-87dc-0ea19216229f,39bb2040-e9fd-11e9-8bc4-0242ac130002,"Legend and myths,Social and religious actions and events",0,,fb0a3ef2-b8f7-11e9-b8a9-0242ac120007
0046957d-d29b-465e-abdd-f475520f7f76,718aaa04-4113-4f82-aa1e-011945d67abe,3aa59732-e7ec-11e9-b125-0242ac130002,Social and religious actions and events,0,,fb0a3ef2-b8f7-11e9-b8a9-0242ac120007
75e321cf-b9c6-4437-a1ed-1fecc3098147,70f4f18c-c26f-4e5f-aae0-a10efafe4c9b,3b68c5ca-e64a-11e9-b125-0242ac130002,Social and religious actions and events,0,,fb0a3ef2-b8f7-11e9-b8a9-0242ac120007
2e1c864c-30f1-40bb-abbc-60f4fafb1322,0b7ecba5-1496-4ba8-a8aa-fe338010e8f2,3c768352-d08e-11e9-8599-0242ac140006,Social and religious actions and events,0,,fb0a3ef2-b8f7-11e9-b8a9-0242ac120007
1bc12744-5198-4dc3-af95-9da67147cc45,f54b7f14-4c4e-48bf-a8a9-87b444f3bf25,3c768352-d08e-11e9-8599-0242ac140006,Social and religious actions and events,0,,fb0a3ef2-b8f7-11e9-b8a9-0242ac120007
a9015c60-7bc8-429c-a7b2-856fcbceb345,48f34ca5-b428-4072-b1ff-ba61d30c51ba,3c768352-d08e-11e9-8599-0242ac140006,Social and religious actions and events,0,,fb0a3ef2-b8f7-11e9-b8a9-0242ac120007
494b3c76-6037-44f2-8465-ca928801980f,e9b4a349-9d3c-4a3b-90ce-e92277197391,3c768352-d08e-11e9-8599-0242ac140006,Social and religious actions and events,0,,fb0a3ef2-b8f7-11e9-b8a9-0242ac120007
3c2f9615-1292-4961-817c-a28044b79270,f1159c44-2f1b-4971-96db-198f338f998e,3c768352-d08e-11e9-8599-0242ac140006,Social and religious actions and events,0,,fb0a3ef2-b8f7-11e9-b8a9-0242ac120007
07b7b38a-e51c-43a5-b513-633243418693,bab372a2-3aa9-4270-b520-a9c64d8c4378,3e7d7be6-ea61-11e9-b125-0242ac130002,Social and religious actions and events,0,,fb0a3ef2-b8f7-11e9-b8a9-0242ac120007
ad418b97-6afc-4075-8b34-7393ea7fa190,2b611ff4-5594-4ac9-984e-ca843ff3d95c,3e7d7be6-ea61-11e9-b125-0242ac130002,Legend and myths,0,,fb0a3ef2-b8f7-11e9-b8a9-0242ac120007
a90b56c7-34d2-48be-a8d8-f7f1e20d97ac,42553b10-0849-4597-ab5c-f3a51fdc3646,3f87ad30-e5d0-11e9-8bc4-0242ac130002,Social and religious actions and events,0,,fb0a3ef2-b8f7-11e9-b8a9-0242ac120007
2f602548-3c30-4b0e-8644-0b8ea39031ff,69b1e472-5405-4b94-a558-d05d3e5b9376,3f87ad30-e5d0-11e9-8bc4-0242ac130002,Social and religious actions and events,0,,fb0a3ef2-b8f7-11e9-b8a9-0242ac120007
abd72f05-21a7-46a8-9533-94581667b733,e242b12d-11fa-4975-95c7-436982241508,3f87ad30-e5d0-11e9-8bc4-0242ac130002,Social and religious actions and events,0,,fb0a3ef2-b8f7-11e9-b8a9-0242ac120007
75b27031-3494-4da6-b7c8-2f207c8df16d,b77b5b4f-735b-4f7e-b7b0-46f882ae268d,3f88581e-e811-11e9-b125-0242ac130002,Social and religious actions and events,0,,fb0a3ef2-b8f7-11e9-b8a9-0242ac120007
9c07f79c-210a-4460-a450-3c5b234e4be4,17055818-417e-428d-91b2-f86b1d3bac12,3f88581e-e811-11e9-b125-0242ac130002,Social and religious actions and events,0,,fb0a3ef2-b8f7-11e9-b8a9-0242ac120007
83bf6c49-5c48-4c51-9dd9-019c3ab68725,7837bc0a-245f-41e6-bad3-50fb01da05f6,3f88581e-e811-11e9-b125-0242ac130002,Social and religious actions and events,0,,fb0a3ef2-b8f7-11e9-b8a9-0242ac120007
034aaa83-2f47-4b72-8b2f-916520393e0b,b2be0068-05f5-4919-b2ea-27735dc6ad73,409cfb82-e6c3-11e9-b125-0242ac130002,Social and religious actions and events,0,,fb0a3ef2-b8f7-11e9-b8a9-0242ac120007
64c27920-51ae-41b5-b960-a5ad006d51c1,0df9952b-3624-47a9-9ec1-f09a7fcd2f22,409cfb82-e6c3-11e9-b125-0242ac130002,Social and religious actions and events,0,,fb0a3ef2-b8f7-11e9-b8a9-0242ac120007
47f68cf6-049c-4ff9-bd2c-c9f6ffc06aa9,717b1646-22cd-4cd4-84e4-cdeb0ac0dc80,40ee8e4c-e836-11e9-b125-0242ac130002,Social and religious actions and events,0,,fb0a3ef2-b8f7-11e9-b8a9-0242ac120007
e4e2448d-650b-49f1-9ed9-a03e96891cce,893f1658-3191-4600-9b0a-d8062fb7a76e,4165aff8-eb2f-11e9-b125-0242ac130002,Social and religious actions and events,0,,fb0a3ef2-b8f7-11e9-b8a9-0242ac120007
e3d30534-3a6d-45f8-9928-4aa32fd67683,b019e41a-e1f8-4431-b0dd-1d69432c7254,4165aff8-eb2f-11e9-b125-0242ac130002,Social and religious actions and events,0,,fb0a3ef2-b8f7-11e9-b8a9-0242ac120007
b7455097-1c58-4154-81e7-25de7609b3b0,8b5559d4-3a58-4d48-83e8-3ee28cc84af9,4165aff8-eb2f-11e9-b125-0242ac130002,Social and religious actions and events,0,,fb0a3ef2-b8f7-11e9-b8a9-0242ac120007
207435b3-07b7-4547-ac2d-d4410debe936,546cc87d-c265-481d-8dcc-8c97edf7d1c9,4165aff8-eb2f-11e9-b125-0242ac130002,Legend and myths,0,,fb0a3ef2-b8f7-11e9-b8a9-0242ac120007
710d464f-b278-4df9-b734-2e573a69f22c,96b2ac8e-8edf-4cd9-89b3-ce902b51ed37,440d970c-ea5d-11e9-b125-0242ac130002,Social and religious actions and events,0,,fb0a3ef2-b8f7-11e9-b8a9-0242ac120007
92b7419a-8373-44ae-9e8d-eb583d15d855,fe904dea-c032-4868-bb9e-35a677787bcf,45394990-d06e-11e9-8599-0242ac140006,Social and religious actions and events,0,,fb0a3ef2-b8f7-11e9-b8a9-0242ac120007
9a824cdf-0c20-4e15-973a-d49e0339d106,d7be10b9-c503-4508-85e7-e3b3aeaac7e4,460bec90-ea60-11e9-b125-0242ac130002,Social and religious actions and events,0,,fb0a3ef2-b8f7-11e9-b8a9-0242ac120007
c8688e07-e6a9-4dad-893d-35bbaa609427,2145ff84-3bfc-47c1-83b0-e589fd4dfe73,460bec90-ea60-11e9-b125-0242ac130002,Social and religious actions and events,0,,fb0a3ef2-b8f7-11e9-b8a9-0242ac120007
37674c7b-2f0d-48fa-b138-0046cf430fed,c4443615-47b2-4f3d-9c72-ede52eab2823,460bec90-ea60-11e9-b125-0242ac130002,Social and religious actions and events,0,,fb0a3ef2-b8f7-11e9-b8a9-0242ac120007
1a430b5e-4947-42b2-910e-4eeb7764158d,c2560489-f56e-4151-9053-c74f06bbe9ab,460bec90-ea60-11e9-b125-0242ac130002,Legend and myths,0,,fb0a3ef2-b8f7-11e9-b8a9-0242ac120007
049e5257-83f0-454a-8e22-b488841e0b2e,120dd20a-5d71-431c-8ef6-160c7f6ed2c1,460bec90-ea60-11e9-b125-0242ac130002,Social and religious actions and events,0,,fb0a3ef2-b8f7-11e9-b8a9-0242ac120007
98c39710-9a2b-4f3f-ade9-68fcbe59f936,e33ddcee-9fc1-450a-9575-470a5731832a,479763c6-e90e-11e9-b125-0242ac130002,Social and religious actions and events,0,,fb0a3ef2-b8f7-11e9-b8a9-0242ac120007
3d32832f-c375-4ffc-9a83-33cb2fbdd38c,97c32daf-e07c-4e85-bb81-37e50cf2893f,4a025a42-e6ea-11e9-b125-0242ac130002,Social and religious actions and events,0,,fb0a3ef2-b8f7-11e9-b8a9-0242ac120007
2274416b-2316-4f35-9480-72c80985ffbd,4ce99ba7-8724-4421-a474-947ce223464b,4a025a42-e6ea-11e9-b125-0242ac130002,Social and religious actions and events,0,,fb0a3ef2-b8f7-11e9-b8a9-0242ac120007
70cfecaa-c854-4fac-861e-c1c80d248638,661afabf-5013-418d-914a-65edf7c70049,4a025a42-e6ea-11e9-b125-0242ac130002,Social and religious actions and events,0,,fb0a3ef2-b8f7-11e9-b8a9-0242ac120007
a4332d13-5191-48ac-acfc-5b165ff85d4a,deea31e4-1bec-4958-ab6f-5488b027a22e,4db3bfb2-eefd-11e9-8bc4-0242ac130002,Social and religious actions and events,0,,fb0a3ef2-b8f7-11e9-b8a9-0242ac120007
3dbf43a5-5cc4-49bc-b53f-2bfea066ecce,29f9dfe4-3cd6-4249-82d3-ceca8b6e9bea,4db3bfb2-eefd-11e9-8bc4-0242ac130002,Social and religious actions and events,0,,fb0a3ef2-b8f7-11e9-b8a9-0242ac120007
90e7d824-8646-475d-933b-03533ed390c9,6537342d-64a0-46bf-9160-84d6750c4e07,4db72ccc-e6c6-11e9-b125-0242ac130002,Social and religious actions and events,0,,fb0a3ef2-b8f7-11e9-b8a9-0242ac120007
8ab71d25-9fca-4ca1-9895-c4b7b989b153,0bece28f-ecd5-4fa3-a824-f8878b22f0c0,4df05f74-e5e0-11e9-b125-0242ac130002,Social and religious actions and events,0,,fb0a3ef2-b8f7-11e9-b8a9-0242ac120007
02f08922-4480-4c23-b51f-32649f8e3bf2,2577b23b-2bdc-45d4-a659-95ca6efaca87,4e76f5c4-ebf4-11e9-8bc4-0242ac130002,Social and religious actions and events,0,,fb0a3ef2-b8f7-11e9-b8a9-0242ac120007
7dcf8af5-8987-44cc-a0f7-c5f7094b1f46,2b7dab70-1ced-4cdb-9f4f-b54478fb5966,4ed2374c-e846-11e9-8bc4-0242ac130002,Social and religious actions and events,0,,fb0a3ef2-b8f7-11e9-b8a9-0242ac120007
bdedcec1-ba43-4ef9-81ad-fd9eddc62ce3,c532137d-28e7-4a45-8fc9-d872485acef4,4ed2374c-e846-11e9-8bc4-0242ac130002,Social and religious actions and events,0,,fb0a3ef2-b8f7-11e9-b8a9-0242ac120007
642ed11b-d662-4ca5-90dc-ea74eefdcdf4,08e68937-08a7-491b-8af2-d42088b0677b,4ed2374c-e846-11e9-8bc4-0242ac130002,Social and religious actions and events,0,,fb0a3ef2-b8f7-11e9-b8a9-0242ac120007
5e147ed4-0cd5-4909-ac02-598d396435de,af4ddaad-7641-4a1f-a8c2-8220b2ef49a9,55133c56-e68d-11e9-b125-0242ac130002,Social and religious actions and events,0,,fb0a3ef2-b8f7-11e9-b8a9-0242ac120007
4109947a-39c5-4555-92ea-ab8b7142803e,aacab0fb-da0f-4811-90fd-2c53d8e6e0ec,553b9314-e687-11e9-8bc4-0242ac130002,Social and religious actions and events,0,,fb0a3ef2-b8f7-11e9-b8a9-0242ac120007
ffad3ef0-d679-46c1-87ef-b9be8538ad2f,975fba0b-c086-4afd-a5df-fa358d35b1ed,553b9314-e687-11e9-8bc4-0242ac130002,Social and religious actions and events,0,,fb0a3ef2-b8f7-11e9-b8a9-0242ac120007
88ca8be0-602a-4caf-b9b8-f885bbfee6fd,bbb0ed0a-3600-44d9-aa3d-2aee2ddd9a21,553b9314-e687-11e9-8bc4-0242ac130002,Social and religious actions and events,0,,fb0a3ef2-b8f7-11e9-b8a9-0242ac120007
25174efa-65df-4bc3-8ebe-92668b135f47,d25f30c7-5e8c-4279-81e9-f1d45753ee74,55519f42-0202-11ea-a389-0242ac130002,,0,,fb0a3ef2-b8f7-11e9-b8a9-0242ac120007
fad78ca2-328e-4676-8856-fe98936efe84,cb6135bb-4665-4cec-8f87-49334a6c75ac,557a604c-e6a7-11e9-8bc4-0242ac130002,Social and religious actions and events,0,,fb0a3ef2-b8f7-11e9-b8a9-0242ac120007
4ef5f717-3ad3-4d16-bdf7-390976387cb3,ed1f9010-70ae-4834-9466-8f22be2be864,557a604c-e6a7-11e9-8bc4-0242ac130002,Social and religious actions and events,0,,fb0a3ef2-b8f7-11e9-b8a9-0242ac120007
b0b17713-28ae-4b48-8770-0f3b3c2c5080,ef3cd936-c474-45fc-88fc-3e60ee9aac2f,557a604c-e6a7-11e9-8bc4-0242ac130002,Social and religious actions and events,0,,fb0a3ef2-b8f7-11e9-b8a9-0242ac120007
c22bd8ed-2257-4fd4-876e-f1c8394d42e4,e86c147f-ab45-4025-8fa5-fe2055d086fd,557a604c-e6a7-11e9-8bc4-0242ac130002,Social and religious actions and events,0,,fb0a3ef2-b8f7-11e9-b8a9-0242ac120007
a4792cb0-f381-4cf6-afdd-cacc18db8bf3,39493cb0-187e-4333-bc09-626af112f01b,55bee51e-01f5-11ea-a389-0242ac130002,,0,,fb0a3ef2-b8f7-11e9-b8a9-0242ac120007
97e5d765-f486-44a0-8ffc-90fe0df0d80f,c24cbdd8-32d9-4064-9e4f-8955c51510e6,55ebd8ba-e343-11e9-8bc4-0242ac130002,Social and religious actions and events,0,,fb0a3ef2-b8f7-11e9-b8a9-0242ac120007
22d145a0-8e6d-4b1b-a052-fe50caa580ae,b9981602-5642-4690-8db9-44ae3f6e816f,55ebd8ba-e343-11e9-8bc4-0242ac130002,Social and religious actions and events,0,,fb0a3ef2-b8f7-11e9-b8a9-0242ac120007
1e1e5543-385e-45d2-8f20-360fc2d438d1,e0b5a5ec-5cdd-42f8-aa16-772c0200f54b,55ef0210-dfa6-11e9-81a8-0242ac140006,Social and religious actions and events,0,,fb0a3ef2-b8f7-11e9-b8a9-0242ac120007
515dd1fd-2a63-49e8-9b9b-8bb009a5a9de,92d7b2f5-d493-4ae9-ba21-095a6eb49295,55ef0210-dfa6-11e9-81a8-0242ac140006,Social and religious actions and events,0,,fb0a3ef2-b8f7-11e9-b8a9-0242ac120007
d4c35285-892a-4190-8926-29f2526d2569,2fbf0351-a312-4225-b425-fc6318b018c5,56fa3190-ea8a-11e9-8bc4-0242ac130002,Social and religious actions and events,0,,fb0a3ef2-b8f7-11e9-b8a9-0242ac120007
19f4b95f-e4d1-44b5-ad51-6fade4e27e61,771f7ec1-fce5-45cb-9ebd-415128466178,56fa3190-ea8a-11e9-8bc4-0242ac130002,Social and religious actions and events,0,,fb0a3ef2-b8f7-11e9-b8a9-0242ac120007
c16e3665-8470-49af-8965-5061f71934e8,ef3afc2c-2158-4b17-8e27-149521bde7ce,56fa3190-ea8a-11e9-8bc4-0242ac130002,Social and religious actions and events,0,,fb0a3ef2-b8f7-11e9-b8a9-0242ac120007
1e40ce13-12fb-4db6-9bbc-240c15e07540,21b29146-2ec8-4fb8-8dbe-65125ad78c00,574c588e-e7ed-11e9-b125-0242ac130002,Social and religious actions and events,0,,fb0a3ef2-b8f7-11e9-b8a9-0242ac120007
8dcb06d4-b024-4ca5-a185-d19df358da92,9d60ecff-cbcf-40ac-8424-c9bc8591507d,574c588e-e7ed-11e9-b125-0242ac130002,Social and religious actions and events,0,,fb0a3ef2-b8f7-11e9-b8a9-0242ac120007
d432ecf5-82bf-4b47-af03-c06c9774090b,637c2cbf-908b-4f60-a6ef-2786037c50cb,574c588e-e7ed-11e9-b125-0242ac130002,Social and religious actions and events,0,,fb0a3ef2-b8f7-11e9-b8a9-0242ac120007
fb3b250f-7efc-4776-9290-d50a82d41fdf,758914f6-9b62-4bbe-8473-c39b92b550aa,57688e06-ca3c-11e9-b993-0242ac140002,Social and religious actions and events,0,,fb0a3ef2-b8f7-11e9-b8a9-0242ac120007
9016f8ab-7c9c-461a-948d-314b7f9590ef,f88f0aa8-7503-4294-a513-0cd3138cbad8,5a3ab8f6-6344-11ea-b4c2-0242ac130006,,0,,fb0a3ef2-b8f7-11e9-b8a9-0242ac120007
f4402f67-fe40-45f6-a98a-0ed360e8cc0e,4d41c759-cdcb-4b8b-aeb5-f5818cf3b7cd,5c063668-e5f6-11e9-b125-0242ac130002,Social and religious actions and events,0,,fb0a3ef2-b8f7-11e9-b8a9-0242ac120007
d5573e0b-6360-4d4f-989c-dee0c4bf1fc1,d5087bc2-deb4-4204-b329-2b3f1d3ba5b8,5c766eac-e5d2-11e9-b125-0242ac130002,Social and religious actions and events,0,,fb0a3ef2-b8f7-11e9-b8a9-0242ac120007
c9e39263-91e8-4f63-a42d-4574bce28a0b,7a43a906-900b-482f-b47a-8e15be26cd39,5c766eac-e5d2-11e9-b125-0242ac130002,,0,,fb0a3ef2-b8f7-11e9-b8a9-0242ac120007
925297bc-489f-406a-81ba-dff4a794017d,b44679f6-fe3f-4938-a30f-9f1b366313e0,5e94853e-0756-11ea-b2c1-0242ac130002,,0,,fb0a3ef2-b8f7-11e9-b8a9-0242ac120007
bb197531-6896-4ff6-baa9-3fdbe6cf39c4,31950789-a231-4fe2-9c6c-8a9658a366b2,5f0eb57e-e8d0-11e9-8bc4-0242ac130002,Social and religious actions and events,0,,fb0a3ef2-b8f7-11e9-b8a9-0242ac120007
11728e67-c853-4f34-81f0-a2125ffa6884,22f5819e-be3a-44a3-918e-42e23b47bcb6,5f218d0a-4412-11ea-a19a-0242ac130006,,0,,fb0a3ef2-b8f7-11e9-b8a9-0242ac120007
25ecb9f6-1d09-47ed-9fdf-877dca13b419,fed6497b-50fd-42b4-be50-a5dbe1a6c052,600ba6fa-8f77-11ea-bd59-0242ac130005,,0,,fb0a3ef2-b8f7-11e9-b8a9-0242ac120007
a96bdd9a-f519-4571-a61a-3d6e601d75a2,03070cb2-2fc1-4333-ba79-dc459484dcd4,60aa32b2-ea3f-11e9-8bc4-0242ac130002,Social and religious actions and events,0,,fb0a3ef2-b8f7-11e9-b8a9-0242ac120007
c568038a-df27-4819-ad66-33a350b50846,3bf81b8b-f4d4-467a-91cc-2b70666c827c,6206f79c-e5dc-11e9-8bc4-0242ac130002,Social and religious actions and events,0,,fb0a3ef2-b8f7-11e9-b8a9-0242ac120007
2073d8b9-e2b0-4e44-ad1d-5a5f8bab9416,36eab84d-2bf2-4a42-9926-71579a76c729,63987fea-cd6d-11e9-92b4-0242ac140002,Social and religious actions and events,0,,fb0a3ef2-b8f7-11e9-b8a9-0242ac120007
84e2d900-27f9-4ece-bb37-1367c8a144f6,9c8578a3-5c08-421b-8dd8-7748db64fca9,63987fea-cd6d-11e9-92b4-0242ac140002,Legend and myths,0,,fb0a3ef2-b8f7-11e9-b8a9-0242ac120007
db00de80-4193-4b68-bd87-ad0b98d1b4b1,4bbbc8bf-938e-4d93-b4ba-8adde9173fc2,63987fea-cd6d-11e9-92b4-0242ac140002,Social and religious actions and events,0,,fb0a3ef2-b8f7-11e9-b8a9-0242ac120007
bc5d2183-5c83-4a64-8a65-06ae18e1e853,2ce7d2e3-4ed7-4e1a-8df0-f725784284d7,63987fea-cd6d-11e9-92b4-0242ac140002,Legend and myths,0,,fb0a3ef2-b8f7-11e9-b8a9-0242ac120007
0de32ffd-606d-4dc2-82da-6ee5b8ea1724,75f2fd8f-dc6a-40ac-8e16-01a52aad936f,63987fea-cd6d-11e9-92b4-0242ac140002,Social and religious actions and events,0,,fb0a3ef2-b8f7-11e9-b8a9-0242ac120007
867c1245-7582-45f2-b922-b178518e7c59,81cd62ba-1067-4b81-b8d4-35bd63f18e39,673afbfc-e6f2-11e9-8bc4-0242ac130002,Social and religious actions and events,0,,fb0a3ef2-b8f7-11e9-b8a9-0242ac120007
196c4e12-fbe3-48bf-ba52-e590cee7025b,2a58ab15-6e39-45fd-8601-ff85494ec766,673afbfc-e6f2-11e9-8bc4-0242ac130002,Social and religious actions and events,0,,fb0a3ef2-b8f7-11e9-b8a9-0242ac120007
852727e1-6c34-472d-bb28-e85a9ebf1a44,22e33507-ced1-40a8-a0e7-e8e8a893b816,673afbfc-e6f2-11e9-8bc4-0242ac130002,Social and religious actions and events,0,,fb0a3ef2-b8f7-11e9-b8a9-0242ac120007
a0f8549b-288f-4eed-8414-2d02a1c70ccb,5c0a6af3-579e-4ea3-8d37-793ae8ea9270,6cef8522-e33c-11e9-b125-0242ac130002,Social and religious actions and events,0,,fb0a3ef2-b8f7-11e9-b8a9-0242ac120007
9cb589af-04c9-411b-b483-e90ca0846d26,b98d9724-953e-449f-8195-4b8e830de51f,6cef8522-e33c-11e9-b125-0242ac130002,Social and religious actions and events,0,,fb0a3ef2-b8f7-11e9-b8a9-0242ac120007
f5596f7a-31eb-46fa-9398-6a15fa27277e,981ec29c-3fb3-44c4-9aad-38092a752b2d,6cef8522-e33c-11e9-b125-0242ac130002,Social and religious actions and events,0,,fb0a3ef2-b8f7-11e9-b8a9-0242ac120007
760e431e-5dfe-4693-a37d-32c304ff58c6,7c3ffae3-b57b-4cf4-be19-9f5fff6e5d1a,6d478768-e8f5-11e9-b125-0242ac130002,Social and religious actions and events,0,,fb0a3ef2-b8f7-11e9-b8a9-0242ac120007
82a6152e-ac41-4a83-8095-24711449b8c1,090fc678-703d-4758-bde5-19604889326b,6d478768-e8f5-11e9-b125-0242ac130002,Social and religious actions and events,0,,fb0a3ef2-b8f7-11e9-b8a9-0242ac120007
1fda402f-96df-45dd-8bba-1c25e8b73762,46bb4c7a-d313-496f-9adb-165d8825ab6c,6fac8c1c-e768-11e9-8bc4-0242ac130002,Social and religious actions and events,0,,fb0a3ef2-b8f7-11e9-b8a9-0242ac120007
91f7acd4-6a4b-45e1-a110-c78a7e5f6a8c,68af94b9-1b81-47fc-893a-5560ca64cff4,711b19a4-ec10-11e9-b125-0242ac130002,Social and religious actions and events,0,,fb0a3ef2-b8f7-11e9-b8a9-0242ac120007
92b83a91-8d28-449b-9b4e-6d724d6521c2,e7055c46-0ca6-48f2-ac15-c624528f2081,711b19a4-ec10-11e9-b125-0242ac130002,Social and religious actions and events,0,,fb0a3ef2-b8f7-11e9-b8a9-0242ac120007
04d2f021-8d7f-41be-b3e2-b210a5b33419,df5fec84-66e5-4e48-b89e-9a8ba68da90a,711b19a4-ec10-11e9-b125-0242ac130002,Social and religious actions and events,0,,fb0a3ef2-b8f7-11e9-b8a9-0242ac120007
d59e3cba-9b17-47f9-b011-ef40c5574fa6,5e810a5b-e903-4893-b948-23714688f7ff,711b19a4-ec10-11e9-b125-0242ac130002,Social and religious actions and events,0,,fb0a3ef2-b8f7-11e9-b8a9-0242ac120007
4362feaf-93c3-4bd7-b3f3-4126be696596,a4a3bca1-f7cc-4ec4-aaa3-5c1f57f0a4f9,711b19a4-ec10-11e9-b125-0242ac130002,Social and religious actions and events,0,,fb0a3ef2-b8f7-11e9-b8a9-0242ac120007
2eeee3f4-af2b-4dcf-8065-6ba107b75ec9,212cc5c7-0fc3-4ad4-a5f1-e107b86d8dfd,711b19a4-ec10-11e9-b125-0242ac130002,Social and religious actions and events,0,,fb0a3ef2-b8f7-11e9-b8a9-0242ac120007
c72de1be-bf33-47c0-93db-21f604651d23,e30ead5a-3302-4901-9c96-aa1bb3d95037,7212764c-e691-11e9-8bc4-0242ac130002,Social and religious actions and events,0,,fb0a3ef2-b8f7-11e9-b8a9-0242ac120007
2ab665be-8f02-4df1-acc0-0e9549d52a66,19bff293-5c28-482b-9b47-b09a858611c6,7212764c-e691-11e9-8bc4-0242ac130002,Social and religious actions and events,0,,fb0a3ef2-b8f7-11e9-b8a9-0242ac120007
77229249-aedc-4719-a2dd-1ff64d18e5e7,94610d4b-e8fa-4ced-9b76-810548069f4b,7212764c-e691-11e9-8bc4-0242ac130002,Social and religious actions and events,0,,fb0a3ef2-b8f7-11e9-b8a9-0242ac120007
af204a0c-f9d3-4e0f-853f-db3a384ec0c5,d78653e3-2cd9-44a4-a827-8e8aae7e7e69,7212764c-e691-11e9-8bc4-0242ac130002,Social and religious actions and events,0,,fb0a3ef2-b8f7-11e9-b8a9-0242ac120007
6eecfa12-ce02-40ce-9702-5cc8a10ae7b0,b693da9e-cb50-4aca-90d3-78d4f127e103,74ae042c-e6a8-11e9-b125-0242ac130002,Social and religious actions and events,0,,fb0a3ef2-b8f7-11e9-b8a9-0242ac120007
040fbe06-b697-4bd3-80e0-5ee8dacb1280,38f72eeb-388a-4787-95e7-ec45ce3525c6,75d880e6-e74f-11e9-8bc4-0242ac130002,Social and religious actions and events,0,,fb0a3ef2-b8f7-11e9-b8a9-0242ac120007
7e218042-6ec1-456e-bed1-a5fc53ba8c57,3d2c5e1a-4d14-4c5a-8220-929017fc8983,786375ae-ec2d-11e9-8bc4-0242ac130002,Social and religious actions and events,0,,fb0a3ef2-b8f7-11e9-b8a9-0242ac120007
f09400f5-3f27-4044-957e-42afda421518,b08242da-8aa8-41bd-b133-c3427ee27dd9,788cd320-e6a8-11e9-8bc4-0242ac130002,Social and religious actions and events,0,,fb0a3ef2-b8f7-11e9-b8a9-0242ac120007
c33ceefc-ed8e-48e6-a4a1-bfdff77f1ca3,77b35833-4fce-4aab-b2f4-1e0ee94e820a,788cd320-e6a8-11e9-8bc4-0242ac130002,Social and religious actions and events,0,,fb0a3ef2-b8f7-11e9-b8a9-0242ac120007
e1f2e5fe-15c8-4f9b-baee-32f943e00822,8611fa19-bb84-4e6c-badd-575422b4a147,788cd320-e6a8-11e9-8bc4-0242ac130002,Social and religious actions and events,0,,fb0a3ef2-b8f7-11e9-b8a9-0242ac120007
03d5d2e9-75de-4fcd-9542-c20ace5038b7,3e7685f1-71c2-4a09-a0db-210b250d28c1,794a1040-e665-11e9-8bc4-0242ac130002,Social and religious actions and events,0,,fb0a3ef2-b8f7-11e9-b8a9-0242ac120007
6e05bbd0-a7ac-4f43-b960-1e0077e879e1,87e90856-8823-4112-aa51-4892ed304152,7ee44ac8-f17a-11e9-8649-0242ac130002,,0,,fb0a3ef2-b8f7-11e9-b8a9-0242ac120007
6dabdf9d-c12c-4215-b1d4-7a795bf800ce,d8485523-3726-445c-8040-39d8b278943e,809bbb06-e6af-11e9-b125-0242ac130002,Social and religious actions and events,0,,fb0a3ef2-b8f7-11e9-b8a9-0242ac120007
85656174-73c5-4f94-abc1-2de20d6e3881,2b892da3-c515-43fa-a12e-ca2257b8762b,81e0d744-ea9c-11e9-b125-0242ac130002,Social and religious actions and events,0,,fb0a3ef2-b8f7-11e9-b8a9-0242ac120007
93d6ddab-3625-4582-9084-fd4fe4479cf2,08ce837a-62a8-4a62-bfe6-7e996aeb0c7c,81f57520-f0b7-11e9-a3c8-0242ac130002,,0,,fb0a3ef2-b8f7-11e9-b8a9-0242ac120007
0a4ff44e-aa85-464c-bbf0-9eac72b4f3e5,ef0b1873-d0cb-4d49-b430-63ac8c898a11,81f57520-f0b7-11e9-a3c8-0242ac130002,,0,,fb0a3ef2-b8f7-11e9-b8a9-0242ac120007
2f0b8d82-de9e-4161-b3f3-d14804ac2fd0,122a1a99-3ffd-493f-aefe-831b3046c28e,85784d90-e904-11e9-8bc4-0242ac130002,Social and religious actions and events,0,,fb0a3ef2-b8f7-11e9-b8a9-0242ac120007
ac903d68-6b45-4e81-a320-ce4fcbe04be4,35923cf5-1c07-49e8-bcd0-b31f1c8d3c6a,870f3118-e67b-11e9-8bc4-0242ac130002,Social and religious actions and events,0,,fb0a3ef2-b8f7-11e9-b8a9-0242ac120007
5d5aed8e-21f6-4a4d-8e7e-2727db9586b3,0af02783-7ccb-4914-92c8-2aea2df10c15,870f3118-e67b-11e9-8bc4-0242ac130002,Social and religious actions and events,0,,fb0a3ef2-b8f7-11e9-b8a9-0242ac120007
5e2c6203-c789-478b-a15a-6cef2a7cc045,39ed9d70-ef8e-4618-bfeb-92be819db22a,870f3118-e67b-11e9-8bc4-0242ac130002,Social and religious actions and events,0,,fb0a3ef2-b8f7-11e9-b8a9-0242ac120007
6401c48d-3026-4d00-b9eb-572a38d05888,af946266-cfc0-4e03-bb5d-691aec683833,88b72ab0-e6b3-11e9-8bc4-0242ac130002,Legend and myths,0,,fb0a3ef2-b8f7-11e9-b8a9-0242ac120007
94047816-1247-4796-96a2-b260c38bf4d6,77b58dd3-cfd9-4c24-9370-9471359f2a14,88b72ab0-e6b3-11e9-8bc4-0242ac130002,Social and religious actions and events,0,,fb0a3ef2-b8f7-11e9-b8a9-0242ac120007
6b2d7056-1240-42be-a93e-514d8123db7d,fe5fd08d-13bf-4e38-ab00-aea19df1ebfd,8bf6cc7e-e8fe-11e9-8bc4-0242ac130002,Social and religious actions and events,0,,fb0a3ef2-b8f7-11e9-b8a9-0242ac120007
30a31eb3-7aea-433e-b9ef-b74a7a68d034,620a35d4-94be-4217-9e45-2be6efa23267,8f1db6ee-e77b-11e9-8bc4-0242ac130002,Social and religious actions and events,0,,fb0a3ef2-b8f7-11e9-b8a9-0242ac120007
d5bc6a16-3503-4a9e-8cc6-bb90a153096d,dd8d23fb-16bb-4844-9f6a-3f6f28e696b2,8fe3c368-1cbc-11ea-b74e-0242ac130002,,0,,fb0a3ef2-b8f7-11e9-b8a9-0242ac120007
b39157e2-7148-42c1-8b24-7ebead134552,1102c724-146a-4c4f-83ef-3a54ec7a12bf,8ffce5d6-df78-11e9-81a8-0242ac140006,Social and religious actions and events,0,,fb0a3ef2-b8f7-11e9-b8a9-0242ac120007
57482140-7f96-4be5-86da-76cde004527d,3b0bdc5c-6424-47fa-b7c6-3394cdf9bbc3,90a5b5ca-e613-11e9-b125-0242ac130002,Social and religious actions and events,0,,fb0a3ef2-b8f7-11e9-b8a9-0242ac120007
c2f8e8ab-5bbf-453e-a707-ffedafa24aaa,f58b0748-663b-4120-a80c-1cb8d8b3d2ef,90dafade-e8d7-11e9-b125-0242ac130002,Social and religious actions and events,0,,fb0a3ef2-b8f7-11e9-b8a9-0242ac120007
98bd4e73-f50f-4723-874e-8c67d105ad89,74a32a10-b010-4a39-b4de-f84d30785b7b,922539d2-e746-11e9-8bc4-0242ac130002,Social and religious actions and events,0,,fb0a3ef2-b8f7-11e9-b8a9-0242ac120007
371d972d-25e1-4b5e-bf7b-6fe3a633c03d,3037264e-337e-4ea9-9b5a-5cd5d71723ce,92ec797a-e91c-11e9-b125-0242ac130002,Social and religious actions and events,0,,fb0a3ef2-b8f7-11e9-b8a9-0242ac120007
3b2a6609-e469-4055-b9dd-b715b3d4ccac,c18713a3-866e-4a20-807d-a8c13bdd9867,930f4862-eb68-11e9-8bc4-0242ac130002,Social and religious actions and events,0,,fb0a3ef2-b8f7-11e9-b8a9-0242ac120007
f2e9709f-1385-4706-b98e-d88383f6a038,d5defd83-5b58-4669-b704-03d0033c2433,930f4862-eb68-11e9-8bc4-0242ac130002,Social and religious actions and events,0,,fb0a3ef2-b8f7-11e9-b8a9-0242ac120007
f8bfc04f-3f34-4e69-b594-b5e87b7380c3,742eb711-ce55-4384-a524-3ea48b1367a1,930f4862-eb68-11e9-8bc4-0242ac130002,Social and religious actions and events,0,,fb0a3ef2-b8f7-11e9-b8a9-0242ac120007
4543b022-a052-4973-964e-56187e1b4c5b,b6c2bcda-c017-4486-b80a-2d33e16a4e38,930f4862-eb68-11e9-8bc4-0242ac130002,Social and religious actions and events,0,,fb0a3ef2-b8f7-11e9-b8a9-0242ac120007
eb620559-a4b7-4b6c-a5c5-f01945397823,1ab360a1-6f8d-43a0-ad23-427a52c1011e,939ac030-e812-11e9-b125-0242ac130002,Social and religious actions and events,0,,fb0a3ef2-b8f7-11e9-b8a9-0242ac120007
20328bdf-231a-4dea-8de1-cdb67aed0831,57665c07-435f-4e00-8507-5e7a8f5efc76,93b01588-d2f1-11e9-8411-0242ac140006,Social and religious actions and events,0,,fb0a3ef2-b8f7-11e9-b8a9-0242ac120007
a9f2a5f7-df3a-4b11-9545-d68905495bea,a61d9158-7605-4c86-b5cb-9e71dd3a0039,93b01588-d2f1-11e9-8411-0242ac140006,Social and religious actions and events,0,,fb0a3ef2-b8f7-11e9-b8a9-0242ac120007
4824f753-8cd9-49fd-91f8-ec2975e443c5,bbedb479-c3be-43ce-8b25-b69d1be37164,93b01588-d2f1-11e9-8411-0242ac140006,Legend and myths,0,,fb0a3ef2-b8f7-11e9-b8a9-0242ac120007
5d188881-4f79-4230-b166-e26684e4185c,b801ac79-ac20-49fc-8d1a-3eb2f89632e6,93b01588-d2f1-11e9-8411-0242ac140006,Social and religious actions and events,0,,fb0a3ef2-b8f7-11e9-b8a9-0242ac120007
318090ca-b9d8-4a70-9c15-537ce1222c31,3897951b-daee-4044-899f-46c8f6303748,93b01588-d2f1-11e9-8411-0242ac140006,Social and religious actions and events,0,,fb0a3ef2-b8f7-11e9-b8a9-0242ac120007
1253745b-6723-4a79-a2e2-c3ad91eef6f4,c908a66b-b2fe-4a5e-92a1-072b54a81d36,93b01588-d2f1-11e9-8411-0242ac140006,Legend and myths,0,,fb0a3ef2-b8f7-11e9-b8a9-0242ac120007
5f079dc5-c6bb-4390-8155-387cbd778685,38e38a86-7433-4c12-98ca-9df9acbab193,93b01588-d2f1-11e9-8411-0242ac140006,Social and religious actions and events,0,,fb0a3ef2-b8f7-11e9-b8a9-0242ac120007
ccffd5ba-fb0f-422c-8c9f-973e5c4248d7,63b33470-8257-4ff8-9f18-f2a8c99d8f72,93b01588-d2f1-11e9-8411-0242ac140006,Social and religious actions and events,0,,fb0a3ef2-b8f7-11e9-b8a9-0242ac120007
0268d079-a0ac-4692-8f9f-800cb857ed65,6031182b-b0b6-414d-81dd-93badcd639f0,93b01588-d2f1-11e9-8411-0242ac140006,Social and religious actions and events,0,,fb0a3ef2-b8f7-11e9-b8a9-0242ac120007
c892bc87-8618-431a-9883-a53a6dd92b0c,48976ec3-9a29-4351-b2b3-9d46823312ba,93b01588-d2f1-11e9-8411-0242ac140006,Legend and myths,0,,fb0a3ef2-b8f7-11e9-b8a9-0242ac120007
9147ca76-a1c6-49cc-be62-f4cfbc13bee0,95219941-18e9-41ca-995a-819401d425a9,93b01588-d2f1-11e9-8411-0242ac140006,Social and religious actions and events,0,,fb0a3ef2-b8f7-11e9-b8a9-0242ac120007
b10394fa-de17-4076-824d-4dbbb8967d67,dfd4b136-b987-4246-b9f9-3f20babad0d0,93b01588-d2f1-11e9-8411-0242ac140006,Social and religious actions and events,0,,fb0a3ef2-b8f7-11e9-b8a9-0242ac120007
b588181b-81b4-4b3e-8fe2-7dabe882ff1d,dbebac46-8b65-4aa0-96b4-60e8adc7bf52,93b01588-d2f1-11e9-8411-0242ac140006,Social and religious actions and events,0,,fb0a3ef2-b8f7-11e9-b8a9-0242ac120007
62e84a17-5452-4c5a-951f-683d11353b64,acda86ef-6084-4279-8969-ca13269b011c,94153c04-e432-11e9-b125-0242ac130002,Social and religious actions and events,0,,fb0a3ef2-b8f7-11e9-b8a9-0242ac120007
306b4d27-96c5-4486-acf2-92acdf57fa36,b49ab2ff-f1c5-4269-ac31-6e4ad5a367ee,94adf614-f3d8-11e9-a3c8-0242ac130002,,0,,fb0a3ef2-b8f7-11e9-b8a9-0242ac120007
5255fc14-7fd5-4ff6-8ea3-da128ddbe81c,b6905f85-a83b-42ba-85de-019d17223b9c,95846732-e5e4-11e9-b125-0242ac130002,Social and religious actions and events,0,,fb0a3ef2-b8f7-11e9-b8a9-0242ac120007
0841875a-af52-468f-a185-c802ec455bbf,6d9adb65-fba5-4ede-be7b-cd3c3d2be8e9,958fbc2c-e837-11e9-8bc4-0242ac130002,Social and religious actions and events,0,,fb0a3ef2-b8f7-11e9-b8a9-0242ac120007
74ae04a7-0788-4779-add9-72518d252c63,931f5ea3-4099-4e84-a071-059099e096bc,958fbc2c-e837-11e9-8bc4-0242ac130002,Social and religious actions and events,0,,fb0a3ef2-b8f7-11e9-b8a9-0242ac120007
8cf02ded-dde6-401c-a083-b2e9a62cc3c3,7fb25940-2378-458d-baef-8e6ae2ae1d7b,958fbc2c-e837-11e9-8bc4-0242ac130002,Legend and myths,0,,fb0a3ef2-b8f7-11e9-b8a9-0242ac120007
a30da6cf-d9bd-4e20-96fb-3425ac0b8c1e,a5cf7d63-d7d3-4bd5-8901-2a4f9079c511,958fbc2c-e837-11e9-8bc4-0242ac130002,Social and religious actions and events,0,,fb0a3ef2-b8f7-11e9-b8a9-0242ac120007
42bdcdef-9dea-451c-98a2-dadb4b4251ff,6a96042e-c2d5-44a5-af21-e603a79c778e,95b952e2-e8c5-11e9-8bc4-0242ac130002,"Social and religious actions and events,Legend and myths",0,,fb0a3ef2-b8f7-11e9-b8a9-0242ac120007
4292d3c1-68d1-47f0-a3f3-25c3d5b2ae76,e6471952-2e28-4325-a95c-6726f1f8df0c,95b952e2-e8c5-11e9-8bc4-0242ac130002,Social and religious actions and events,0,,fb0a3ef2-b8f7-11e9-b8a9-0242ac120007
6ea06ef5-8619-4950-af33-643101cae31e,8817721c-c537-4417-8334-77744a0acc32,95b952e2-e8c5-11e9-8bc4-0242ac130002,Legend and myths,0,,fb0a3ef2-b8f7-11e9-b8a9-0242ac120007
c8f3b2a0-6dc8-40e0-86fb-65934479d0a0,21f589fb-2515-4c5f-920f-349323fa595c,95b952e2-e8c5-11e9-8bc4-0242ac130002,Social and religious actions and events,0,,fb0a3ef2-b8f7-11e9-b8a9-0242ac120007
8eb635ba-9e36-45a5-86c6-86be5689874d,72473cfb-380c-4a1a-bafe-10dcfc992779,95b952e2-e8c5-11e9-8bc4-0242ac130002,Social and religious actions and events,0,,fb0a3ef2-b8f7-11e9-b8a9-0242ac120007
5a72b324-80b1-43e4-9a9c-a64cb3e51bfb,59966b56-615e-4a55-992d-95cdefe23b6f,95b952e2-e8c5-11e9-8bc4-0242ac130002,Social and religious actions and events,0,,fb0a3ef2-b8f7-11e9-b8a9-0242ac120007
071419a8-b069-4b5f-990f-ee95ef94e8e1,170d2701-9840-4d84-acc9-36778fd0de7d,95b952e2-e8c5-11e9-8bc4-0242ac130002,Social and religious actions and events,0,,fb0a3ef2-b8f7-11e9-b8a9-0242ac120007
10b1ff9d-9a41-479d-9cd7-dfcc3a096314,ec3bd291-dc3f-48a0-8f7e-f8c4b6cd5cf5,95b952e2-e8c5-11e9-8bc4-0242ac130002,Social and religious actions and events,0,,fb0a3ef2-b8f7-11e9-b8a9-0242ac120007
532d644d-0fb3-4b28-b6c5-f6b6412b9b03,fe5dfe03-eb1f-41b8-bcf0-ae300e9d39b1,95b952e2-e8c5-11e9-8bc4-0242ac130002,Social and religious actions and events,0,,fb0a3ef2-b8f7-11e9-b8a9-0242ac120007
7aaf3db3-49c2-46f4-a539-415fd586ab14,1de13d2e-6908-4893-b164-ecd315ba24c4,97c8d066-f0e6-11e9-a3c8-0242ac130002,,0,,fb0a3ef2-b8f7-11e9-b8a9-0242ac120007
66a77308-2a38-4756-9f3b-994e6edeee7f,b1783f80-e6a6-45b7-9a52-81a45d63a1dc,9884d7b8-e92d-11e9-8bc4-0242ac130002,Social and religious actions and events,0,,fb0a3ef2-b8f7-11e9-b8a9-0242ac120007
92d8d30c-f90f-4034-a0f6-2b3b126d0287,79c56896-be3e-479c-b170-e4e68304f529,9884d7b8-e92d-11e9-8bc4-0242ac130002,Social and religious actions and events,0,,fb0a3ef2-b8f7-11e9-b8a9-0242ac120007
4e8896c8-8e41-407e-badd-c991d7cac7ae,a2507168-43ca-49a2-8f00-4b12adbba308,9884d7b8-e92d-11e9-8bc4-0242ac130002,Social and religious actions and events,0,,fb0a3ef2-b8f7-11e9-b8a9-0242ac120007
e6c0f710-03ba-483b-b900-f37e234aa3c5,5f532819-a9d8-454b-9afa-e8ba175ab26e,9884d7b8-e92d-11e9-8bc4-0242ac130002,Social and religious actions and events,0,,fb0a3ef2-b8f7-11e9-b8a9-0242ac120007
4fcb8c11-a006-457d-8679-cf9664e33880,333e446e-ab6f-4a71-8ab7-b4a066a2b62e,9884d7b8-e92d-11e9-8bc4-0242ac130002,Social and religious actions and events,0,,fb0a3ef2-b8f7-11e9-b8a9-0242ac120007
6489f795-4a5d-47d3-a65d-2eb332618051,83b1ca0e-385e-4945-934b-906d8a76df61,9884d7b8-e92d-11e9-8bc4-0242ac130002,Social and religious actions and events,0,,fb0a3ef2-b8f7-11e9-b8a9-0242ac120007
1b6f39c7-f6f4-477e-a00e-5ef63470e596,5eb6b6b0-e178-4528-a1bb-a0b1edb05c1f,98c7b75a-e729-11e9-8bc4-0242ac130002,Social and religious actions and events,0,,fb0a3ef2-b8f7-11e9-b8a9-0242ac120007
df7f1bbf-d857-4d1b-b1b3-6f81c0339e24,c1376ab6-0c26-4541-8ad2-8192b34d4071,99462054-e675-11e9-8bc4-0242ac130002,Social and religious actions and events,0,,fb0a3ef2-b8f7-11e9-b8a9-0242ac120007
944ce946-8b59-4981-bc41-a9c61044bddd,7ece56ff-092e-4985-b755-65049f6077bb,99462054-e675-11e9-8bc4-0242ac130002,Social and religious actions and events,0,,fb0a3ef2-b8f7-11e9-b8a9-0242ac120007
b1e9fb84-43eb-46ea-83c0-8974ebe71689,13f5779a-a8a0-4013-b67e-e23a0e43a336,9d5039d0-e979-11e9-8bc4-0242ac130002,Social and religious actions and events,0,,fb0a3ef2-b8f7-11e9-b8a9-0242ac120007
08975510-ca74-4cd8-8abb-cf270c91ccfd,6fef778e-9694-41a4-b5a0-80182e2e4ba1,9f7d86ba-e6c5-11e9-b125-0242ac130002,Legend and myths,0,,fb0a3ef2-b8f7-11e9-b8a9-0242ac120007
9c077fcf-d3dd-4836-b174-9e6719228ff7,6a98c181-bc79-4ed6-a1ee-bf2cf2108080,9ff7fad8-e68b-11e9-8bc4-0242ac130002,Social and religious actions and events,0,,fb0a3ef2-b8f7-11e9-b8a9-0242ac120007
3c99f5c5-388f-4dd8-a3db-52fb4687166e,497bd35b-cfaa-43d3-83fc-c210b3a052ff,a03c60ca-ebe9-11e9-b125-0242ac130002,Social and religious actions and events,0,,fb0a3ef2-b8f7-11e9-b8a9-0242ac120007
fdc9894b-1be0-41d7-9865-6e1721531baa,fb63d629-6abe-493a-9e20-5177c9f2b1c7,a0771bce-eb36-11e9-8bc4-0242ac130002,Social and religious actions and events,0,,fb0a3ef2-b8f7-11e9-b8a9-0242ac120007
7b7c689e-f016-4063-b6f6-4bffe6be9e41,ff7e8367-d3f0-4b6e-9d39-d42608a5e1f7,a0771bce-eb36-11e9-8bc4-0242ac130002,Social and religious actions and events,0,,fb0a3ef2-b8f7-11e9-b8a9-0242ac120007
3f8fab9e-bbef-4249-acb5-890dcd4081b9,15d4bec0-ab34-4a90-bc9e-b5faaa36b320,a0771bce-eb36-11e9-8bc4-0242ac130002,Social and religious actions and events,0,,fb0a3ef2-b8f7-11e9-b8a9-0242ac120007
2a232207-3426-490b-9b37-b246aca82733,1748710e-dcb5-4b1b-9956-c864c2a32fd1,a12441fe-e7f9-11e9-b125-0242ac130002,Social and religious actions and events,0,,fb0a3ef2-b8f7-11e9-b8a9-0242ac120007
38a4b952-50d7-422b-8db3-c2c3a6fda185,6f2cc021-0018-4267-bfac-79c4775d930d,a12441fe-e7f9-11e9-b125-0242ac130002,Social and religious actions and events,0,,fb0a3ef2-b8f7-11e9-b8a9-0242ac120007
39113a4a-7b81-4801-bbbe-971d5ac4887e,4502c16f-696d-4e39-969b-d7afd8ee45d1,a12441fe-e7f9-11e9-b125-0242ac130002,Social and religious actions and events,0,,fb0a3ef2-b8f7-11e9-b8a9-0242ac120007
7cc80d87-7a24-496d-92f8-4644f96e3a1f,6fdd97b7-63bb-417d-8f90-8cd61469c411,a12441fe-e7f9-11e9-b125-0242ac130002,Social and religious actions and events,0,,fb0a3ef2-b8f7-11e9-b8a9-0242ac120007
70519331-c51a-4d2e-a6fc-3928a6aaa7f6,d3328de6-cf04-4965-82e7-7a3b3df22127,a12441fe-e7f9-11e9-b125-0242ac130002,Social and religious actions and events,0,,fb0a3ef2-b8f7-11e9-b8a9-0242ac120007
28ea2643-1120-45f4-a463-854e5192839f,46c68121-4bef-4904-8d25-bcca3977174f,a16942b4-e65e-11e9-8bc4-0242ac130002,Social and religious actions and events,0,,fb0a3ef2-b8f7-11e9-b8a9-0242ac120007
74520cb5-da18-4231-aa1a-df7db86ad630,d33f533c-5514-4611-aa79-e38c858b5a69,a16942b4-e65e-11e9-8bc4-0242ac130002,Legend and myths,0,,fb0a3ef2-b8f7-11e9-b8a9-0242ac120007
9b1499a7-8020-4d08-b761-2bd001218cef,1e88d2f7-b759-4b7e-ba06-22ca694b91dc,a16942b4-e65e-11e9-8bc4-0242ac130002,Social and religious actions and events,0,,fb0a3ef2-b8f7-11e9-b8a9-0242ac120007
96af4ba2-52f8-4693-9721-43995a4f2ac0,d8f72ba7-e9a5-4a90-a5d0-3100e9f03f49,a4df4e50-f6f0-11e9-a3c8-0242ac130002,,0,,fb0a3ef2-b8f7-11e9-b8a9-0242ac120007
63e14d35-24a0-4a0d-aa4d-25452e01cc5c,3c74e21c-e559-45bf-8231-fd6d999d0f13,a51a820a-e916-11e9-b125-0242ac130002,"Legend and myths,Social and religious actions and events",0,,fb0a3ef2-b8f7-11e9-b8a9-0242ac120007
25c1f864-82e2-4271-a22a-d57330e506cd,f593754d-c564-4add-8b5c-f80c84592564,a5df6af2-eb05-11e9-b125-0242ac130002,Social and religious actions and events,0,,fb0a3ef2-b8f7-11e9-b8a9-0242ac120007
9eda8a1f-e922-43e5-bd45-788e491bbe39,b8cb0eab-47a8-4867-bd1a-c92d825d5d64,a5df6af2-eb05-11e9-b125-0242ac130002,Social and religious actions and events,0,,fb0a3ef2-b8f7-11e9-b8a9-0242ac120007
acbaa42e-04b2-4b14-893c-c08b20427066,51e511b9-5687-43bc-82a4-05699f37b224,a5df6af2-eb05-11e9-b125-0242ac130002,Social and religious actions and events,0,,fb0a3ef2-b8f7-11e9-b8a9-0242ac120007
943d65ee-cd07-41ee-9f7b-aa11c8c02cdd,6ea0025b-d70d-4911-b23c-d47b7d01bfab,a5df6af2-eb05-11e9-b125-0242ac130002,Social and religious actions and events,0,,fb0a3ef2-b8f7-11e9-b8a9-0242ac120007
e8608914-2d44-4c1e-b432-bab9b2b243cb,f665132f-52c9-4137-a7a1-d502e9cf2a5f,a5df6af2-eb05-11e9-b125-0242ac130002,Social and religious actions and events,0,,fb0a3ef2-b8f7-11e9-b8a9-0242ac120007
8bdad006-577c-4825-bf49-793090d84794,ba4c0350-b77a-4d1b-9c26-1ae6a19f3617,a6a95118-e723-11e9-8bc4-0242ac130002,Social and religious actions and events,0,,fb0a3ef2-b8f7-11e9-b8a9-0242ac120007
633129ab-01ad-408c-96bb-ff80101ad17a,8e1ed403-2198-43b4-8bf1-0784ffeaa987,a6a95118-e723-11e9-8bc4-0242ac130002,Social and religious actions and events,0,,fb0a3ef2-b8f7-11e9-b8a9-0242ac120007
99c5c0d7-4f2a-452c-bb74-878040f9ee4e,77e4c72f-df07-41da-9c71-57e0e8162ca3,a79cdd22-e806-11e9-b125-0242ac130002,Social and religious actions and events,0,,fb0a3ef2-b8f7-11e9-b8a9-0242ac120007
d5db0cd4-d5a0-4f1f-a683-49e3da46ced8,85ca902b-e45b-452d-9bd0-5b4af7e1acab,a91155c6-e751-11e9-8bc4-0242ac130002,Social and religious actions and events,0,,fb0a3ef2-b8f7-11e9-b8a9-0242ac120007
4e3599d1-1bc3-485d-bc4e-e4c792d34b63,8e7e7d98-7a0f-4b23-a7a3-d9081f47aa9a,ab83bc5c-ec0d-11e9-b125-0242ac130002,Social and religious actions and events,0,,fb0a3ef2-b8f7-11e9-b8a9-0242ac120007
83d85a5b-0a5a-43f6-97bf-547060c295c8,8606bfef-1394-43d8-92a1-4d5fd056eb8f,ac64e224-ea6c-11e9-b125-0242ac130002,Social and religious actions and events,0,,fb0a3ef2-b8f7-11e9-b8a9-0242ac120007
05eabd91-3373-49cd-9223-d4f567518d5f,9c543408-cc1c-4a50-81a6-f028fce001fc,ac64e224-ea6c-11e9-b125-0242ac130002,Social and religious actions and events,0,,fb0a3ef2-b8f7-11e9-b8a9-0242ac120007
9a7b00a7-8a51-4eaa-8839-d84c7290dc21,65a53eaa-7d72-4f82-9478-46b5cd482902,ac64e224-ea6c-11e9-b125-0242ac130002,Social and religious actions and events,0,,fb0a3ef2-b8f7-11e9-b8a9-0242ac120007
28858ae8-ce3c-4812-8374-155979dccee2,83cc22b0-aa80-4679-a0d3-ff8c4de50167,adc2f4ee-e99a-11e9-b125-0242ac130002,Social and religious actions and events,0,,fb0a3ef2-b8f7-11e9-b8a9-0242ac120007
92967845-531d-42ff-ac43-8c25c2a65641,88d99691-7c6b-4090-b6b7-cce47de5bbfb,b01f2744-ea8f-11e9-8bc4-0242ac130002,Social and religious actions and events,0,,fb0a3ef2-b8f7-11e9-b8a9-0242ac120007
d764ca1f-b19e-48a4-b2b5-50b63ed9b875,db9a29e2-25c9-4fc6-8b11-d264f74e9250,b0c83c96-e4ed-11e9-8bc4-0242ac130002,Social and religious actions and events,0,,fb0a3ef2-b8f7-11e9-b8a9-0242ac120007
f47865d9-3992-417b-8240-1832cc6304ce,a9e0691b-7dfd-4806-9f4c-9979761ab218,b0c83c96-e4ed-11e9-8bc4-0242ac130002,Social and religious actions and events,0,,fb0a3ef2-b8f7-11e9-b8a9-0242ac120007
199831ff-4992-485b-8522-152c5a5212a5,8f243b61-ee28-4f3a-b5ea-d536aa1f3cf0,b0c83c96-e4ed-11e9-8bc4-0242ac130002,Social and religious actions and events,0,,fb0a3ef2-b8f7-11e9-b8a9-0242ac120007
b4eef3c4-b93e-49e7-9f58-a3b01e456591,b3faf2ba-776c-4bab-8cb5-ebb2afa4a27e,b1226710-e61f-11e9-8bc4-0242ac130002,Social and religious actions and events,0,,fb0a3ef2-b8f7-11e9-b8a9-0242ac120007
e03ec90e-0c9d-4416-8288-f2d0ed6e37c7,232bd447-4176-4d19-b1d0-1ea31c95ab4b,b1226710-e61f-11e9-8bc4-0242ac130002,Social and religious actions and events,0,,fb0a3ef2-b8f7-11e9-b8a9-0242ac120007
bcb01fe7-eaff-4698-9c82-b802dd952e39,5d450991-4f54-4b47-8371-31b56fbfbf39,b23905f8-e7f2-11e9-8bc4-0242ac130002,Social and religious actions and events,0,,fb0a3ef2-b8f7-11e9-b8a9-0242ac120007
6615824d-1a9a-4d66-af91-387092e27447,419f7abb-6434-4e8c-b6e4-2ca2bbcbe5eb,b345df3c-e71d-11e9-b125-0242ac130002,Social and religious actions and events,0,,fb0a3ef2-b8f7-11e9-b8a9-0242ac120007
9848067e-9fac-4b7b-8ffb-84b822676fa9,4141e972-08ad-483a-92dd-cc70f1cecdc3,b53e45b8-ebf5-11e9-b125-0242ac130002,Social and religious actions and events,0,,fb0a3ef2-b8f7-11e9-b8a9-0242ac120007
a3968c9f-c44b-4e31-95ea-be2ea60c4ecb,082e30e3-59e8-4b8b-b4eb-4db6943449db,b53e45b8-ebf5-11e9-b125-0242ac130002,Social and religious actions and events,0,,fb0a3ef2-b8f7-11e9-b8a9-0242ac120007
8c6f23ce-788d-424e-ab95-c8fc4226c1dd,80e4fbd3-1206-4461-9cd3-86715e37af7a,b53e45b8-ebf5-11e9-b125-0242ac130002,Social and religious actions and events,0,,fb0a3ef2-b8f7-11e9-b8a9-0242ac120007
e8ead497-5919-4bd5-b856-61aa121069e7,138bd16b-9c0e-483a-8984-64b36e3cee7f,b66fa304-e68d-11e9-b125-0242ac130002,Social and religious actions and events,0,,fb0a3ef2-b8f7-11e9-b8a9-0242ac120007
83f33f13-595a-4163-adbf-bcc0e4c3d332,2d8e3a6a-2e38-4de2-9b0a-d6233538c494,b6c2586a-e77d-11e9-8bc4-0242ac130002,Social and religious actions and events,0,,fb0a3ef2-b8f7-11e9-b8a9-0242ac120007
f4be6347-a119-4c9b-b4c8-99376c7c4e72,e328e541-6640-4f92-93d7-b1f39fcc2513,b717f92c-5e11-11ea-8083-0242ac130006,,0,,fb0a3ef2-b8f7-11e9-b8a9-0242ac120007
1b4d9bdf-83f8-443f-b7ff-5b07bc7e814c,0f23c089-f3da-413f-94c1-028182448ffb,b7910d9c-e915-11e9-b125-0242ac130002,Social and religious actions and events,0,,fb0a3ef2-b8f7-11e9-b8a9-0242ac120007
43a06a20-dec5-4e97-b1aa-681f46769320,5fb45ca7-a480-443c-b6ba-d5ba3c6c4779,b8985e38-e68c-11e9-8bc4-0242ac130002,Legend and myths,0,,fb0a3ef2-b8f7-11e9-b8a9-0242ac120007
9e2585dc-8aca-4e86-bf09-d0eb6b2a5ad3,d4e7f769-039f-4388-b252-f8560692486d,b90d17aa-ebff-11e9-8bc4-0242ac130002,Social and religious actions and events,0,,fb0a3ef2-b8f7-11e9-b8a9-0242ac120007
77688e00-2b32-40ee-a5f3-4f60ca1d21fd,72c89844-471f-4fe9-81e0-5e37ac6355a8,b9c7d774-e82c-11e9-b125-0242ac130002,Social and religious actions and events,0,,fb0a3ef2-b8f7-11e9-b8a9-0242ac120007
f1b0bfd6-972a-480c-ba1b-bf1223566705,45a9714e-73b3-496b-8ce4-a7081c54b41e,b9c7d774-e82c-11e9-b125-0242ac130002,Social and religious actions and events,0,,fb0a3ef2-b8f7-11e9-b8a9-0242ac120007
4018355f-9f46-459b-937c-1a557ad31183,7d636368-0772-4f3f-bf97-92fbb1d11e5c,b9e834fe-e680-11e9-b125-0242ac130002,Social and religious actions and events,0,,fb0a3ef2-b8f7-11e9-b8a9-0242ac120007
3fef378c-74ad-4ee5-a143-2e9db6536f0d,13705178-eba7-427d-8f15-9944b03344aa,b9ea1eba-e8c2-11e9-b125-0242ac130002,Social and religious actions and events,0,,fb0a3ef2-b8f7-11e9-b8a9-0242ac120007
f545b30b-62ee-4a5a-ad5a-72e4331f90d5,bfeba7e5-f0fa-4d0c-9bdc-484226827e68,bb6b3f3e-e832-11e9-8bc4-0242ac130002,Social and religious actions and events,0,,fb0a3ef2-b8f7-11e9-b8a9-0242ac120007
62932816-48a3-45f8-b7b6-9c95ee1da875,0f528b89-5ec5-421f-a679-1d39e3fb2914,bb6b3f3e-e832-11e9-8bc4-0242ac130002,Social and religious actions and events,0,,fb0a3ef2-b8f7-11e9-b8a9-0242ac120007
27120177-5ddf-47cf-9154-02463173a55f,3ee352bc-c42e-4637-b421-6404d3154fa5,bbb0b3d2-e681-11e9-8bc4-0242ac130002,Social and religious actions and events,0,,fb0a3ef2-b8f7-11e9-b8a9-0242ac120007
2dba1ac3-e7f6-4be6-9f76-4022c1120eb1,0d076395-12d5-4f40-8a4b-cf1f0000a59e,bbb0b3d2-e681-11e9-8bc4-0242ac130002,Social and religious actions and events,0,,fb0a3ef2-b8f7-11e9-b8a9-0242ac120007
bef61598-d9e1-49c3-b01b-d41f4b25d86e,2d8c2727-96a6-4abd-9274-e5b9c15aca97,bbe0fc5e-d632-11e9-a1bd-0242ac140006,Legend and myths,0,,fb0a3ef2-b8f7-11e9-b8a9-0242ac120007
f3eb6b91-e09b-437f-a48e-a8b964835046,3c8dae25-6433-49ee-9dc0-284946175504,bbe0fc5e-d632-11e9-a1bd-0242ac140006,Social and religious actions and events,0,,fb0a3ef2-b8f7-11e9-b8a9-0242ac120007
9c4f22e0-1a10-457a-b43e-949be8260aed,26ac1152-765b-40e1-9fb7-e7af9e038e8c,bc3c1b44-e60d-11e9-8bc4-0242ac130002,Social and religious actions and events,0,,fb0a3ef2-b8f7-11e9-b8a9-0242ac120007
6fbf2016-abf4-4cdd-9ee1-a98f07dadc1f,32b4a8f9-228a-4c87-8275-7b530fa430eb,bdca6826-e8d3-11e9-b125-0242ac130002,Social and religious actions and events,0,,fb0a3ef2-b8f7-11e9-b8a9-0242ac120007
8dd537f0-f4c3-4a0a-a1b8-6b4aed163c71,1dc7d510-2b3d-40f2-b7c5-b82696c78ef2,bdca6826-e8d3-11e9-b125-0242ac130002,Social and religious actions and events,0,,fb0a3ef2-b8f7-11e9-b8a9-0242ac120007
d81df834-00dd-4449-a45d-b846900c27d0,9864afbe-0eea-40cf-8419-f06ab0cbe59b,bde08b8a-e5ed-11e9-b125-0242ac130002,Social and religious actions and events,0,,fb0a3ef2-b8f7-11e9-b8a9-0242ac120007
755ce90a-275a-4b80-945a-0f18369bfa9b,dd0a7a6f-035f-4a16-8e03-af28f999d552,c0655dd4-e671-11e9-8bc4-0242ac130002,Social and religious actions and events,0,,fb0a3ef2-b8f7-11e9-b8a9-0242ac120007
d5ae3cd9-f1f6-40cd-9090-ad211e757b4e,b80dedd5-b64e-40e1-9317-dcf4499505d3,c1999448-f401-11e9-8649-0242ac130002,,0,,fb0a3ef2-b8f7-11e9-b8a9-0242ac120007
002fd137-12d9-4616-98d9-bc99ada6a120,1f9d8ff1-b6ea-45c0-bbac-872e9fd1403b,c1999448-f401-11e9-8649-0242ac130002,,0,,fb0a3ef2-b8f7-11e9-b8a9-0242ac120007
d091a54d-7d51-4211-911b-0e603f985be9,b88d50e8-3ae6-4493-a610-02c0616ba865,c232bdac-f1a0-11e9-8649-0242ac130002,,0,,fb0a3ef2-b8f7-11e9-b8a9-0242ac120007
64323d14-8e1f-4ac7-afa5-6795f11c0fd1,2b956748-0d71-4d4b-923f-281489d990dd,c232bdac-f1a0-11e9-8649-0242ac130002,,0,,fb0a3ef2-b8f7-11e9-b8a9-0242ac120007
77e36038-93ca-49c1-814d-b28d34d144f6,276b3396-97e3-4e6f-94e5-03f0b9fa81e0,c566021c-f3ef-11e9-8649-0242ac130002,,0,,fb0a3ef2-b8f7-11e9-b8a9-0242ac120007
5542194c-92e3-4ff7-b59e-1e121670c145,8938b257-ad97-431d-92f6-3bca3a88c446,c65d730c-e80b-11e9-b125-0242ac130002,"Legend and myths,Social and religious actions and events",0,,fb0a3ef2-b8f7-11e9-b8a9-0242ac120007
807f5524-c54b-43e7-9551-4e9b09eb30e4,15e79f56-75b7-4f5d-aedb-183bcffa7754,c9bc2916-eb40-11e9-8bc4-0242ac130002,Social and religious actions and events,0,,fb0a3ef2-b8f7-11e9-b8a9-0242ac120007
ba15a87b-b15a-45b1-967f-f237c552177d,a8d34dff-01b7-49f4-9647-761acc69b0aa,ca61f6c0-e681-11e9-8bc4-0242ac130002,Social and religious actions and events,0,,fb0a3ef2-b8f7-11e9-b8a9-0242ac120007
790a44fb-ea8d-4fc8-9078-473139d332d5,e3b91348-f69e-4e32-b3b0-1dce407907a8,ca61f6c0-e681-11e9-8bc4-0242ac130002,Social and religious actions and events,0,,fb0a3ef2-b8f7-11e9-b8a9-0242ac120007
133cf958-619c-48d4-b0a2-73b239638d85,8e26fc40-2396-4da1-a16a-33c1720a9e42,cb03ff18-e75a-11e9-8bc4-0242ac130002,Legend and myths,0,,fb0a3ef2-b8f7-11e9-b8a9-0242ac120007
4abb431a-fb1d-463f-b804-1a0f6f31f584,ed7bd9d4-7f0d-45c3-92a3-166c6ce610d3,cb03ff18-e75a-11e9-8bc4-0242ac130002,Social and religious actions and events,0,,fb0a3ef2-b8f7-11e9-b8a9-0242ac120007
1b749ff6-9f15-45a0-99d8-363fa9f384eb,40b8ae3b-60fb-4ad5-bac2-54d2f695a40c,cb1604cc-eb5d-11e9-b125-0242ac130002,Social and religious actions and events,0,,fb0a3ef2-b8f7-11e9-b8a9-0242ac120007
b184f2e8-04eb-45a0-a5e4-f94d6eac8087,3410f9ab-0cd8-4be0-a374-d9387eca2069,cb1604cc-eb5d-11e9-b125-0242ac130002,Social and religious actions and events,0,,fb0a3ef2-b8f7-11e9-b8a9-0242ac120007
3232c533-a0d0-44ad-813d-8a3af22a4a1d,a5d2fbff-a5c6-4193-92c3-a17745914c39,cb1604cc-eb5d-11e9-b125-0242ac130002,Social and religious actions and events,0,,fb0a3ef2-b8f7-11e9-b8a9-0242ac120007
d841129a-83a5-4a6b-bae1-3899ceed1818,19e4421f-0272-4da0-b597-015ec8fe6592,ccd765bc-e900-11e9-b125-0242ac130002,Social and religious actions and events,0,,fb0a3ef2-b8f7-11e9-b8a9-0242ac120007
9615c611-e6fb-4ed8-8c23-d57ff9e346a1,0079e5ba-ad6e-4ec1-a418-9c7eb214fca5,cdeafb74-f3cf-11e9-a3c8-0242ac130002,,0,,fb0a3ef2-b8f7-11e9-b8a9-0242ac120007
1b27d435-2000-4817-b43a-b6d7576c3674,7702630e-0c6b-4bc0-beba-bfb54c866196,ce814212-e698-11e9-8bc4-0242ac130002,Social and religious actions and events,0,,fb0a3ef2-b8f7-11e9-b8a9-0242ac120007
25d567c6-ecee-4e60-bf5a-5ead3ab29920,6d53e245-67a9-4f8e-b111-eba2113cf45c,ce814212-e698-11e9-8bc4-0242ac130002,Social and religious actions and events,0,,fb0a3ef2-b8f7-11e9-b8a9-0242ac120007
f9569c7c-52cb-4ad9-94ee-dd6abb7e15c8,2af84fbe-e0e0-4b1a-b645-a05127d5c324,ce814212-e698-11e9-8bc4-0242ac130002,Social and religious actions and events,0,,fb0a3ef2-b8f7-11e9-b8a9-0242ac120007
3802088e-6f21-44e0-8687-4fcf56176120,ead71d88-c04b-4ec6-83a6-f60072a8b0d6,ce814212-e698-11e9-8bc4-0242ac130002,Social and religious actions and events,0,,fb0a3ef2-b8f7-11e9-b8a9-0242ac120007
c2561a4b-5ef0-4412-9794-b5847e9c1237,4b485c38-7379-4bba-b84c-b53d1e0099b9,ce814212-e698-11e9-8bc4-0242ac130002,Social and religious actions and events,0,,fb0a3ef2-b8f7-11e9-b8a9-0242ac120007
a18ecbec-d9d1-4fea-bd89-8e73fafb31cf,d2165545-19bb-464d-bfff-23044f125198,ce814212-e698-11e9-8bc4-0242ac130002,Social and religious actions and events,0,,fb0a3ef2-b8f7-11e9-b8a9-0242ac120007
fa74372e-c516-46e7-a64e-f22787d6eec4,7ca10570-76db-4076-af39-e3f61f44ada3,ce9b3552-e916-11e9-b125-0242ac130002,Social and religious actions and events,0,,fb0a3ef2-b8f7-11e9-b8a9-0242ac120007
432675c8-981b-4a40-ae48-323b9690c31a,0701f471-fe54-46c5-892b-7ccd5596cdd1,ce9b3552-e916-11e9-b125-0242ac130002,Social and religious actions and events,0,,fb0a3ef2-b8f7-11e9-b8a9-0242ac120007
c1d2eda7-98cb-4ffa-831a-69129d096d07,6043589d-76a6-49d2-afd0-c286050d1d0f,ce9b3552-e916-11e9-b125-0242ac130002,Social and religious actions and events,0,,fb0a3ef2-b8f7-11e9-b8a9-0242ac120007
e890a5fd-2a46-46d5-98db-880b6e8e73d1,9669c0fd-2979-4422-aa1a-76cd23da5e52,ced28492-e666-11e9-b125-0242ac130002,Social and religious actions and events,0,,fb0a3ef2-b8f7-11e9-b8a9-0242ac120007
ffbe1cab-d98b-4ec7-9bbc-770420c20e40,460e9922-060b-4e45-ad14-dd41d221cd21,d024e070-e7f5-11e9-b125-0242ac130002,Social and religious actions and events,0,,fb0a3ef2-b8f7-11e9-b8a9-0242ac120007
efaa9080-e045-429b-85cb-99961d440454,681dbdac-7117-4670-bb3c-df4740c321e4,d05bfad4-e696-11e9-b125-0242ac130002,Social and religious actions and events,0,,fb0a3ef2-b8f7-11e9-b8a9-0242ac120007
554d723b-3785-419c-8a29-a98aeee637e8,304e1d05-b877-4530-ad6a-05b0b5a4398e,d3c6eaf6-e76f-11e9-8bc4-0242ac130002,"Legend and myths,Social and religious actions and events",0,,fb0a3ef2-b8f7-11e9-b8a9-0242ac120007
5a80f9b0-13ce-48d2-aed8-85b405ffefb8,dc5703d7-34ef-438c-8ca9-dddc00061e38,d3c6eaf6-e76f-11e9-8bc4-0242ac130002,Social and religious actions and events,0,,fb0a3ef2-b8f7-11e9-b8a9-0242ac120007
a01e835b-0365-4bd4-9166-7bba6a242a41,90ee40d5-24ff-460e-8b87-82afe91fa661,d7d38dd2-f338-11e9-8649-0242ac130002,,0,,fb0a3ef2-b8f7-11e9-b8a9-0242ac120007
3170c217-4d1f-4399-bb3d-aae0d0548824,0d196671-7245-44a8-88a7-231d247a0fc0,d966be8e-e82b-11e9-8bc4-0242ac130002,Social and religious actions and events,0,,fb0a3ef2-b8f7-11e9-b8a9-0242ac120007
4f789642-46cd-407d-9aed-af369c0e1ef8,6387247f-7d84-419d-af62-4786b385549f,d966be8e-e82b-11e9-8bc4-0242ac130002,Social and religious actions and events,0,,fb0a3ef2-b8f7-11e9-b8a9-0242ac120007
5d3e8eea-4c81-4d94-b74a-1499936ebd50,35255bff-747b-4dba-a930-d50bb257abc7,da572af6-f404-11e9-a3c8-0242ac130002,,0,,fb0a3ef2-b8f7-11e9-b8a9-0242ac120007
2f722e75-15a9-4f89-9875-642c386b878d,29212355-468e-48bf-8181-660a665bf60e,dbee183c-e72c-11e9-b125-0242ac130002,Social and religious actions and events,0,,fb0a3ef2-b8f7-11e9-b8a9-0242ac120007
44cb63d6-2fbe-48ea-87de-2def3951ae57,f2796ca3-91d2-4f74-a3ff-fdc11512d649,dbee183c-e72c-11e9-b125-0242ac130002,Social and religious actions and events,0,,fb0a3ef2-b8f7-11e9-b8a9-0242ac120007
26383ddd-e0dc-480d-8dd2-8fe0f8661ee9,03b120dc-ac17-4d4f-8266-eb1236efd596,dc5306f4-f571-11e9-8649-0242ac130002,,0,,fb0a3ef2-b8f7-11e9-b8a9-0242ac120007
7cf6b023-7357-4fb3-b9be-066af61aa560,3f0505f0-7e1d-4621-bd67-d80937f62283,dcfad1e4-d632-11e9-a1bd-0242ac140006,Social and religious actions and events,0,,fb0a3ef2-b8f7-11e9-b8a9-0242ac120007
7c7fbe5d-4037-4d4e-8178-951ed21055be,e7fe0d46-2827-4294-b46d-6c2ae9768e14,dcfc4ed2-e74b-11e9-8bc4-0242ac130002,Social and religious actions and events,0,,fb0a3ef2-b8f7-11e9-b8a9-0242ac120007
7df8a568-95a4-44f7-8010-eac9598ae980,5a3b1624-6add-48ee-b70f-746e9c950994,df0f0bae-e699-11e9-8bc4-0242ac130002,Social and religious actions and events,0,,fb0a3ef2-b8f7-11e9-b8a9-0242ac120007
412674e8-9309-4cce-838c-715cb441b0d2,feadc920-8785-453f-9898-13c9b2db83c9,e20b2c0e-e741-11e9-8bc4-0242ac130002,Social and religious actions and events,0,,fb0a3ef2-b8f7-11e9-b8a9-0242ac120007
ca054eda-feba-4d29-ad41-c136742e5b81,07c58a67-4cbf-4518-80c4-32bf01ea7e29,e20b2c0e-e741-11e9-8bc4-0242ac130002,Social and religious actions and events,0,,fb0a3ef2-b8f7-11e9-b8a9-0242ac120007
0bf47bac-a9ac-45b7-b090-c8814687b9fa,7d5ae912-7dbb-422c-820b-8caf99d16d3f,e20b2c0e-e741-11e9-8bc4-0242ac130002,Social and religious actions and events,0,,fb0a3ef2-b8f7-11e9-b8a9-0242ac120007
7ff63075-eaf1-4b93-9ccf-811dbb1a16fb,8c6e2525-d853-4ffb-bccf-a5bbc11f0c1b,e20b2c0e-e741-11e9-8bc4-0242ac130002,Social and religious actions and events,0,,fb0a3ef2-b8f7-11e9-b8a9-0242ac120007
1463152a-e8a6-48c5-a41f-3ce9f502e20b,9af72a4b-dd12-4cc0-b50c-a4fc8bc7f880,e20b2c0e-e741-11e9-8bc4-0242ac130002,Social and religious actions and events,0,,fb0a3ef2-b8f7-11e9-b8a9-0242ac120007
e320ad6f-063c-4d8e-bcc1-af8d4a2fc29c,592681be-95e0-4040-acdc-aaecf08ce9f0,e2371888-e6b9-11e9-b125-0242ac130002,Social and religious actions and events,0,,fb0a3ef2-b8f7-11e9-b8a9-0242ac120007
07be4c3a-d967-4a0b-9921-a235b40f1902,134905da-403c-48ed-9f76-dd7bf31bd85a,e2e7bd8e-e81a-11e9-b125-0242ac130002,Social and religious actions and events,0,,fb0a3ef2-b8f7-11e9-b8a9-0242ac120007
c2a260b4-293a-4268-8681-6b227b9848fd,c3bd7f86-958e-4144-ae8b-e3297726f392,e2e7bd8e-e81a-11e9-b125-0242ac130002,Social and religious actions and events,0,,fb0a3ef2-b8f7-11e9-b8a9-0242ac120007
4985859f-6ca3-48ff-bc7c-9c2a17b959e2,56fe448e-710c-44ff-aa8d-22ace30944c2,e2e7bd8e-e81a-11e9-b125-0242ac130002,Social and religious actions and events,0,,fb0a3ef2-b8f7-11e9-b8a9-0242ac120007
34a2016f-cd56-4cf4-bc4f-8aa31f3749e7,8669fdab-c3af-431a-ad3b-ad5a6bade126,e2e7bd8e-e81a-11e9-b125-0242ac130002,Social and religious actions and events,0,,fb0a3ef2-b8f7-11e9-b8a9-0242ac120007
411b9295-c2de-4047-8921-8de857bd7453,94ad9668-41bb-4736-b0af-cc9c017756fc,e3074532-e806-11e9-8bc4-0242ac130002,Social and religious actions and events,0,,fb0a3ef2-b8f7-11e9-b8a9-0242ac120007
533ca3b7-f97e-4331-bfd8-6a494c108efb,d359f2d5-b6ac-4fcf-acef-e688f6c26025,e3074532-e806-11e9-8bc4-0242ac130002,Social and religious actions and events,0,,fb0a3ef2-b8f7-11e9-b8a9-0242ac120007
27fd8291-d09a-4498-81af-40e696b01bae,4c86e4bc-dc2c-4a80-95a6-f540200f4b25,e3074532-e806-11e9-8bc4-0242ac130002,Legend and myths,0,,fb0a3ef2-b8f7-11e9-b8a9-0242ac120007
c0d48a09-0c42-4273-817a-2dfbbd7f8fc6,c246639a-04c9-4970-a2e3-6a7198c5bb7c,e36d8152-e695-11e9-b125-0242ac130002,Social and religious actions and events,0,,fb0a3ef2-b8f7-11e9-b8a9-0242ac120007
555dbddb-74d0-43b8-9a4e-cd01047cdd80,c263e5b7-39ec-48a5-b906-0734e8a6c559,e499ec9a-e66e-11e9-8bc4-0242ac130002,Social and religious actions and events,0,,fb0a3ef2-b8f7-11e9-b8a9-0242ac120007
1862a9a4-6929-4da7-b236-7ba1926936b4,f79d836b-7694-4488-ae29-675a6128d38e,e4d19336-e8d3-11e9-b125-0242ac130002,Social and religious actions and events,0,,fb0a3ef2-b8f7-11e9-b8a9-0242ac120007
7a4ee0c7-b7c6-4016-8026-34c1513e1b07,c7f30896-cc5f-4285-b42c-6a45a4aaf80c,e5d8a76a-e671-11e9-b125-0242ac130002,Social and religious actions and events,0,,fb0a3ef2-b8f7-11e9-b8a9-0242ac120007
a2424bac-de7b-4492-a301-c973d91e8695,1109676a-d88e-4e5f-bb90-9f9693b816fa,e5d8a76a-e671-11e9-b125-0242ac130002,Social and religious actions and events,0,,fb0a3ef2-b8f7-11e9-b8a9-0242ac120007
65b118b5-6612-4c1b-a71a-4f9450d1c419,d8a64f16-c124-4b73-9d87-0dce2dc91b04,e5d8a76a-e671-11e9-b125-0242ac130002,Social and religious actions and events,0,,fb0a3ef2-b8f7-11e9-b8a9-0242ac120007
acc9cc57-5fcc-47d9-9369-87b36b7e257a,e0e63954-ee51-4d0c-9dca-f48bd1796542,e5d8a76a-e671-11e9-b125-0242ac130002,Social and religious actions and events,0,,fb0a3ef2-b8f7-11e9-b8a9-0242ac120007
be4ca32e-2722-4a45-b459-043168a70bac,85ed8876-17f8-45c9-828c-7870226a94cc,e67206a4-e913-11e9-8bc4-0242ac130002,Social and religious actions and events,0,,fb0a3ef2-b8f7-11e9-b8a9-0242ac120007
9155de42-091f-4ee8-acd0-a6af70035c09,3637f56e-1939-4ab7-b743-0346078ae204,e67206a4-e913-11e9-8bc4-0242ac130002,Social and religious actions and events,0,,fb0a3ef2-b8f7-11e9-b8a9-0242ac120007
6ddbfb9c-f07a-4ed5-8218-f2472cea9018,83251e20-c6dc-4c1b-883e-283c44ab840d,e6f72884-e774-11e9-b125-0242ac130002,Social and religious actions and events,0,,fb0a3ef2-b8f7-11e9-b8a9-0242ac120007
a3f3158f-c3ed-4563-a080-3e5e72cb11fa,27a604a0-6013-46e0-8deb-7b58d185a89b,e6f72884-e774-11e9-b125-0242ac130002,Social and religious actions and events,0,,fb0a3ef2-b8f7-11e9-b8a9-0242ac120007
c593b813-325f-4249-96d7-e433c1c75012,7776ead6-7096-4655-92be-3912beabde2c,e7ad4210-ca99-11e9-b993-0242ac140002,Social and religious actions and events,0,,fb0a3ef2-b8f7-11e9-b8a9-0242ac120007
f3961f5c-fb49-4436-abfb-b1a7313b8d99,3cdb5985-0e1e-4991-9905-873c6c30a1cc,e7ad4210-ca99-11e9-b993-0242ac140002,"Social and religious actions and events,Legend and myths",0,,fb0a3ef2-b8f7-11e9-b8a9-0242ac120007
2c0bac07-b5bb-4f4f-af17-fdf7c2cbc6bd,36146ca1-80c3-4519-b9dc-0353e5a795bb,e862d312-eb57-11e9-8bc4-0242ac130002,Legend and myths,0,,fb0a3ef2-b8f7-11e9-b8a9-0242ac120007
f75271cc-a4cc-4345-a93d-61fa56dfa3e9,7862c1d7-d35c-4c1d-bcbb-f21e293367aa,e862d312-eb57-11e9-8bc4-0242ac130002,,0,,fb0a3ef2-b8f7-11e9-b8a9-0242ac120007
25064fc3-63df-4fb4-a64b-b1b093f7bfab,6558a7d9-0cef-461b-a74c-8f2e10b4ee41,e862d312-eb57-11e9-8bc4-0242ac130002,Social and religious actions and events,0,,fb0a3ef2-b8f7-11e9-b8a9-0242ac120007
a64e3923-b441-40fd-9dbf-bc62393170cd,8bb8812d-7818-4583-bf1f-685c7234f9f8,e862d312-eb57-11e9-8bc4-0242ac130002,Social and religious actions and events,0,,fb0a3ef2-b8f7-11e9-b8a9-0242ac120007
2c6eb3c4-bfb8-409f-992f-bece047c26e9,63183b7e-708d-4abf-9114-5db02c6cdc08,e862d312-eb57-11e9-8bc4-0242ac130002,Social and religious actions and events,0,,fb0a3ef2-b8f7-11e9-b8a9-0242ac120007
97cf25c4-9802-4115-8cd1-6a629fefde62,29c5a00c-37d5-4d36-90d9-463aee9d1cfa,e862d312-eb57-11e9-8bc4-0242ac130002,Social and religious actions and events,0,,fb0a3ef2-b8f7-11e9-b8a9-0242ac120007
5e5c498e-f631-4a1f-980d-b12a7a0202d9,c76a3d6e-f25c-4028-a881-161f27ed43c5,eb386850-e4f3-11e9-b125-0242ac130002,Social and religious actions and events,0,,fb0a3ef2-b8f7-11e9-b8a9-0242ac120007
66d9e33c-e199-47f3-bb67-d012444374ce,d40f8f67-778b-4b79-9629-8a4ce93eedb1,f17e763a-e815-11e9-b125-0242ac130002,Social and religious actions and events,0,,fb0a3ef2-b8f7-11e9-b8a9-0242ac120007
1a0ff495-92ae-4b17-93b5-28b172981e0b,5aa4ea42-8e3a-48a4-99e5-97debfc97dcc,f1dcfeda-d07d-11e9-8411-0242ac140006,Social and religious actions and events,0,,fb0a3ef2-b8f7-11e9-b8a9-0242ac120007
060753d5-6b94-4239-90c7-9d5c5540b3af,1d42cb57-45b2-43c1-b722-fbea306b49dc,f1f7e39a-cb04-11e9-b993-0242ac140002,Social and religious actions and events,0,,fb0a3ef2-b8f7-11e9-b8a9-0242ac120007
87a06ed6-a329-4c42-9988-38457158a08c,7d5210c8-7864-4506-9229-27cd5907030c,f1f7e39a-cb04-11e9-b993-0242ac140002,Social and religious actions and events,0,,fb0a3ef2-b8f7-11e9-b8a9-0242ac120007
674824dc-69ef-48fb-a7a5-7ae74f5ce115,6a953453-091b-4910-a600-8e793af1d95e,f2154aee-e656-11e9-b125-0242ac130002,Social and religious actions and events,0,,fb0a3ef2-b8f7-11e9-b8a9-0242ac120007
b64fa407-07f6-4b6d-8351-6f4526fdfea8,f8f41f11-bacd-46b6-a75f-6074d2b8cb50,f2ae29a4-e92a-11e9-b125-0242ac130002,Social and religious actions and events,0,,fb0a3ef2-b8f7-11e9-b8a9-0242ac120007
30ecbebe-40b9-4852-bbfb-4217fd0baa57,004cb0f7-e875-48ca-b23c-0e57924a4c1f,f360c428-f18c-11e9-8649-0242ac130002,,0,,fb0a3ef2-b8f7-11e9-b8a9-0242ac120007
046f6884-0936-470d-97c6-945c1cc5f336,67d5e2cb-d07a-4f28-afe2-8216e7fa4aad,f360c428-f18c-11e9-8649-0242ac130002,,0,,fb0a3ef2-b8f7-11e9-b8a9-0242ac120007
b4021af1-726b-44ff-ae24-05b4a82112ff,76d5deb5-262b-4f77-abf5-998d3e11a367,f360c428-f18c-11e9-8649-0242ac130002,,0,,fb0a3ef2-b8f7-11e9-b8a9-0242ac120007
54b3ae1d-7dc7-4336-a3e0-70dc3638d290,1303872b-d80a-40ff-9322-fd3e6d0bb9c0,f360c428-f18c-11e9-8649-0242ac130002,,0,,fb0a3ef2-b8f7-11e9-b8a9-0242ac120007
c80a3acc-881b-4233-92de-db9e08099ccb,e58cf94f-169f-4383-a165-94c099e552b5,f360c428-f18c-11e9-8649-0242ac130002,,0,,fb0a3ef2-b8f7-11e9-b8a9-0242ac120007
96b17e2e-37bd-411f-9711-de8488998c90,4b8b036d-b1b7-4bf5-9070-fd2e980912a9,f6968910-e8f0-11e9-b125-0242ac130002,Social and religious actions and events,0,,fb0a3ef2-b8f7-11e9-b8a9-0242ac120007
fa9677ae-09f7-4e86-9737-6426c7f4da64,e340fac8-697e-477a-8e74-be6d286f64a7,f6968910-e8f0-11e9-b125-0242ac130002,Social and religious actions and events,0,,fb0a3ef2-b8f7-11e9-b8a9-0242ac120007
80b96d7e-b46e-4a1e-bf8a-2b6a45d0a2cf,ef61f537-c16e-4e1e-b30f-938d97596bba,f6968910-e8f0-11e9-b125-0242ac130002,Social and religious actions and events,0,,fb0a3ef2-b8f7-11e9-b8a9-0242ac120007
b25cb9df-4be4-4762-ab1f-e5ba39b57720,9dbbb565-5df2-4c82-a80c-bbf8b6e4d2b8,f6968910-e8f0-11e9-b125-0242ac130002,Social and religious actions and events,0,,fb0a3ef2-b8f7-11e9-b8a9-0242ac120007
d9fe6917-f103-4ae8-b141-99b210d016f2,e82fb7b0-f392-4d1c-8761-4d084f0768be,f6968910-e8f0-11e9-b125-0242ac130002,Social and religious actions and events,0,,fb0a3ef2-b8f7-11e9-b8a9-0242ac120007
c1d42868-d1d6-472c-afc9-9800f53c0fb5,6ced5140-1c4d-47f1-9394-83521d8404c5,f96c7cf2-e923-11e9-b125-0242ac130002,Social and religious actions and events,0,,fb0a3ef2-b8f7-11e9-b8a9-0242ac120007
2f9d34d5-2e24-4269-80cb-bcc9dead0ed1,c0655f05-9d92-41f5-83d5-fd02a17c64db,f96c7cf2-e923-11e9-b125-0242ac130002,Social and religious actions and events,0,,fb0a3ef2-b8f7-11e9-b8a9-0242ac120007
dbc4d3fb-2a34-4e46-bfeb-1b371bff0613,5fbae15b-a203-447c-8ddf-1278d671ee2c,f96c7cf2-e923-11e9-b125-0242ac130002,Social and religious actions and events,0,,fb0a3ef2-b8f7-11e9-b8a9-0242ac120007
889c17be-a1cd-4e28-aa72-82d5d62e6856,ef422909-7f0c-44bd-bbce-9b2da7d6de27,f99b4e0e-6215-11ea-b4c2-0242ac130006,,0,,fb0a3ef2-b8f7-11e9-b8a9-0242ac120007
beb0ec12-bc36-4a46-8614-3ac5474a0d21,50414106-5ecf-4e2c-b46b-4fe7110078ed,f9cdfd48-e837-11e9-b125-0242ac130002,Social and religious actions and events,0,,fb0a3ef2-b8f7-11e9-b8a9-0242ac120007
75ab4532-5a42-4ba3-9deb-1137b92d2b97,20831d76-5714-40fb-9ee1-ce53a59740c8,fb356352-3c14-11ea-a19a-0242ac130006,,0,,fb0a3ef2-b8f7-11e9-b8a9-0242ac120007
d7895aec-d6ea-4692-990f-29657fd514d4,8d8f8ff2-00e4-4281-a86d-ae57ba5b4caa,fbe267a8-f346-11e9-8649-0242ac130002,,0,,fb0a3ef2-b8f7-11e9-b8a9-0242ac120007
e16c3b39-e1b7-40b1-82fd-ec7340c4dac8,22dcfa3b-e478-4ab2-86f3-ea8ed81f4476,fcae3dbe-e8ac-11e9-b125-0242ac130002,Social and religious actions and events,0,,fb0a3ef2-b8f7-11e9-b8a9-0242ac120007
66c9daac-1df7-4196-abc1-bbd92113780f,e8515fe4-467e-4d8b-ad5b-80be88bb9271,fcae3dbe-e8ac-11e9-b125-0242ac130002,Social and religious actions and events,0,,fb0a3ef2-b8f7-11e9-b8a9-0242ac120007
e023753d-5bc2-4f65-bac1-30224581b57e,e8338241-50db-4ab0-81be-32f80145afa8,fcae3dbe-e8ac-11e9-b125-0242ac130002,Social and religious actions and events,0,,fb0a3ef2-b8f7-11e9-b8a9-0242ac120007
34265251-8996-4a8f-be67-0a420bf1a07c,adaa4412-7803-48a1-9fa7-7f9e413e1379,fcae3dbe-e8ac-11e9-b125-0242ac130002,Social and religious actions and events,0,,fb0a3ef2-b8f7-11e9-b8a9-0242ac120007
2d166e60-42bd-4449-a026-aecbc787af89,af309632-2c2b-4c4b-b524-5d9a8b6da659,fecc17c8-e678-11e9-b125-0242ac130002,Social and religious actions and events,0,,fb0a3ef2-b8f7-11e9-b8a9-0242ac120007
